model,method,k,seed,channel,family,subject,test_accuracy,study
logistic,mean_length,512,11,iid,main,2,0.9635761589403974,HAR_subject
logistic,mean_length,512,11,iid,main,4,0.9810725552050473,HAR_subject
logistic,mean_length,512,11,iid,main,9,0.8715277777777778,HAR_subject
logistic,mean_length,512,11,iid,main,10,0.826530612244898,HAR_subject
logistic,mean_length,512,11,iid,main,12,0.946875,HAR_subject
logistic,mean_length,512,11,iid,main,13,0.9571865443425076,HAR_subject
logistic,mean_length,512,11,iid,main,18,0.9038461538461539,HAR_subject
logistic,mean_length,512,11,iid,main,20,0.8926553672316384,HAR_subject
logistic,mean_length,512,11,iid,main,24,0.9711286089238845,HAR_subject
logistic,mean_length,512,149,iid,main,2,0.9701986754966887,HAR_subject
logistic,mean_length,512,149,iid,main,4,0.9558359621451105,HAR_subject
logistic,mean_length,512,149,iid,main,9,0.8784722222222222,HAR_subject
logistic,mean_length,512,149,iid,main,10,0.8469387755102041,HAR_subject
logistic,mean_length,512,149,iid,main,12,0.953125,HAR_subject
logistic,mean_length,512,149,iid,main,13,0.9724770642201835,HAR_subject
logistic,mean_length,512,149,iid,main,18,0.9093406593406593,HAR_subject
logistic,mean_length,512,149,iid,main,20,0.9124293785310734,HAR_subject
logistic,mean_length,512,149,iid,main,24,0.979002624671916,HAR_subject
logistic,estimated_conditional,32,149,iid,main,2,0.9304635761589404,HAR_subject
logistic,estimated_conditional,32,149,iid,main,4,0.9369085173501577,HAR_subject
logistic,estimated_conditional,32,149,iid,main,9,0.8576388888888888,HAR_subject
logistic,estimated_conditional,32,149,iid,main,10,0.8537414965986394,HAR_subject
logistic,estimated_conditional,32,149,iid,main,12,0.9375,HAR_subject
logistic,estimated_conditional,32,149,iid,main,13,0.9480122324159022,HAR_subject
logistic,estimated_conditional,32,149,iid,main,18,0.8846153846153846,HAR_subject
logistic,estimated_conditional,32,149,iid,main,20,0.8728813559322034,HAR_subject
logistic,estimated_conditional,32,149,iid,main,24,0.9422572178477691,HAR_subject
logistic,fixed_k,128,101,iid,main,2,0.9602649006622517,HAR_subject
logistic,fixed_k,128,101,iid,main,4,0.9463722397476341,HAR_subject
logistic,fixed_k,128,101,iid,main,9,0.8645833333333334,HAR_subject
logistic,fixed_k,128,101,iid,main,10,0.8231292517006803,HAR_subject
logistic,fixed_k,128,101,iid,main,12,0.9375,HAR_subject
logistic,fixed_k,128,101,iid,main,13,0.9694189602446484,HAR_subject
logistic,fixed_k,128,101,iid,main,18,0.8956043956043956,HAR_subject
logistic,fixed_k,128,101,iid,main,20,0.9124293785310734,HAR_subject
logistic,fixed_k,128,101,iid,main,24,0.973753280839895,HAR_subject
logistic,naive,128,149,iid,main,2,0.9370860927152318,HAR_subject
logistic,naive,128,149,iid,main,4,0.9400630914826499,HAR_subject
logistic,naive,128,149,iid,main,9,0.8576388888888888,HAR_subject
logistic,naive,128,149,iid,main,10,0.8571428571428571,HAR_subject
logistic,naive,128,149,iid,main,12,0.946875,HAR_subject
logistic,naive,128,149,iid,main,13,0.9541284403669725,HAR_subject
logistic,naive,128,149,iid,main,18,0.8681318681318682,HAR_subject
logistic,naive,128,149,iid,main,20,0.8728813559322034,HAR_subject
logistic,naive,128,149,iid,main,24,0.952755905511811,HAR_subject
logistic,estimated_conditional,32,67,iid,main,2,0.9536423841059603,HAR_subject
logistic,estimated_conditional,32,67,iid,main,4,0.917981072555205,HAR_subject
logistic,estimated_conditional,32,67,iid,main,9,0.8611111111111112,HAR_subject
logistic,estimated_conditional,32,67,iid,main,10,0.8537414965986394,HAR_subject
logistic,estimated_conditional,32,67,iid,main,12,0.91875,HAR_subject
logistic,estimated_conditional,32,67,iid,main,13,0.9571865443425076,HAR_subject
logistic,estimated_conditional,32,67,iid,main,18,0.8626373626373627,HAR_subject
logistic,estimated_conditional,32,67,iid,main,20,0.9067796610169492,HAR_subject
logistic,estimated_conditional,32,67,iid,main,24,0.958005249343832,HAR_subject
logistic,naive,128,113,iid,main,2,0.9635761589403974,HAR_subject
logistic,naive,128,113,iid,main,4,0.9400630914826499,HAR_subject
logistic,naive,128,113,iid,main,9,0.875,HAR_subject
logistic,naive,128,113,iid,main,10,0.8775510204081632,HAR_subject
logistic,naive,128,113,iid,main,12,0.93125,HAR_subject
logistic,naive,128,113,iid,main,13,0.9510703363914373,HAR_subject
logistic,naive,128,113,iid,main,18,0.8956043956043956,HAR_subject
logistic,naive,128,113,iid,main,20,0.8954802259887006,HAR_subject
logistic,naive,128,113,iid,main,24,0.9711286089238845,HAR_subject
logistic,client_ema,32,149,iid,main,2,0.9271523178807947,HAR_subject
logistic,client_ema,32,149,iid,main,4,0.9400630914826499,HAR_subject
logistic,client_ema,32,149,iid,main,9,0.8645833333333334,HAR_subject
logistic,client_ema,32,149,iid,main,10,0.8503401360544217,HAR_subject
logistic,client_ema,32,149,iid,main,12,0.93125,HAR_subject
logistic,client_ema,32,149,iid,main,13,0.9541284403669725,HAR_subject
logistic,client_ema,32,149,iid,main,18,0.8708791208791209,HAR_subject
logistic,client_ema,32,149,iid,main,20,0.864406779661017,HAR_subject
logistic,client_ema,32,149,iid,main,24,0.958005249343832,HAR_subject
logistic,fixed_k,512,11,iid,main,2,0.9635761589403974,HAR_subject
logistic,fixed_k,512,11,iid,main,4,0.9810725552050473,HAR_subject
logistic,fixed_k,512,11,iid,main,9,0.8819444444444444,HAR_subject
logistic,fixed_k,512,11,iid,main,10,0.8163265306122449,HAR_subject
logistic,fixed_k,512,11,iid,main,12,0.95,HAR_subject
logistic,fixed_k,512,11,iid,main,13,0.9571865443425076,HAR_subject
logistic,fixed_k,512,11,iid,main,18,0.9093406593406593,HAR_subject
logistic,fixed_k,512,11,iid,main,20,0.8926553672316384,HAR_subject
logistic,fixed_k,512,11,iid,main,24,0.9711286089238845,HAR_subject
logistic,conditional,512,47,iid,main,2,0.9801324503311258,HAR_subject
logistic,conditional,512,47,iid,main,4,0.9526813880126183,HAR_subject
logistic,conditional,512,47,iid,main,9,0.875,HAR_subject
logistic,conditional,512,47,iid,main,10,0.8197278911564626,HAR_subject
logistic,conditional,512,47,iid,main,12,0.971875,HAR_subject
logistic,conditional,512,47,iid,main,13,0.9724770642201835,HAR_subject
logistic,conditional,512,47,iid,main,18,0.9313186813186813,HAR_subject
logistic,conditional,512,47,iid,main,20,0.9322033898305084,HAR_subject
logistic,conditional,512,47,iid,main,24,0.989501312335958,HAR_subject
logistic,estimated_conditional,32,113,iid,main,2,0.9668874172185431,HAR_subject
logistic,estimated_conditional,32,113,iid,main,4,0.9242902208201893,HAR_subject
logistic,estimated_conditional,32,113,iid,main,9,0.8923611111111112,HAR_subject
logistic,estimated_conditional,32,113,iid,main,10,0.8877551020408163,HAR_subject
logistic,estimated_conditional,32,113,iid,main,12,0.928125,HAR_subject
logistic,estimated_conditional,32,113,iid,main,13,0.9480122324159022,HAR_subject
logistic,estimated_conditional,32,113,iid,main,18,0.8818681318681318,HAR_subject
logistic,estimated_conditional,32,113,iid,main,20,0.9011299435028248,HAR_subject
logistic,estimated_conditional,32,113,iid,main,24,0.9763779527559056,HAR_subject
logistic,fixed_k,32,11,iid,main,2,0.956953642384106,HAR_subject
logistic,fixed_k,32,11,iid,main,4,0.9652996845425867,HAR_subject
logistic,fixed_k,32,11,iid,main,9,0.8541666666666666,HAR_subject
logistic,fixed_k,32,11,iid,main,10,0.8231292517006803,HAR_subject
logistic,fixed_k,32,11,iid,main,12,0.928125,HAR_subject
logistic,fixed_k,32,11,iid,main,13,0.9357798165137615,HAR_subject
logistic,fixed_k,32,11,iid,main,18,0.8626373626373627,HAR_subject
logistic,fixed_k,32,11,iid,main,20,0.8531073446327684,HAR_subject
logistic,fixed_k,32,11,iid,main,24,0.94750656167979,HAR_subject
logistic,conditional,128,149,iid,main,2,0.956953642384106,HAR_subject
logistic,conditional,128,149,iid,main,4,0.9526813880126183,HAR_subject
logistic,conditional,128,149,iid,main,9,0.875,HAR_subject
logistic,conditional,128,149,iid,main,10,0.8435374149659864,HAR_subject
logistic,conditional,128,149,iid,main,12,0.953125,HAR_subject
logistic,conditional,128,149,iid,main,13,0.963302752293578,HAR_subject
logistic,conditional,128,149,iid,main,18,0.8956043956043956,HAR_subject
logistic,conditional,128,149,iid,main,20,0.8954802259887006,HAR_subject
logistic,conditional,128,149,iid,main,24,0.973753280839895,HAR_subject
logistic,naive,32,47,iid,main,2,0.9370860927152318,HAR_subject
logistic,naive,32,47,iid,main,4,0.9305993690851735,HAR_subject
logistic,naive,32,47,iid,main,9,0.875,HAR_subject
logistic,naive,32,47,iid,main,10,0.8129251700680272,HAR_subject
logistic,naive,32,47,iid,main,12,0.946875,HAR_subject
logistic,naive,32,47,iid,main,13,0.9510703363914373,HAR_subject
logistic,naive,32,47,iid,main,18,0.8516483516483516,HAR_subject
logistic,naive,32,47,iid,main,20,0.9011299435028248,HAR_subject
logistic,naive,32,47,iid,main,24,0.931758530183727,HAR_subject
logistic,mean_length,128,47,iid,main,2,0.9668874172185431,HAR_subject
logistic,mean_length,128,47,iid,main,4,0.9463722397476341,HAR_subject
logistic,mean_length,128,47,iid,main,9,0.8715277777777778,HAR_subject
logistic,mean_length,128,47,iid,main,10,0.8231292517006803,HAR_subject
logistic,mean_length,128,47,iid,main,12,0.965625,HAR_subject
logistic,mean_length,128,47,iid,main,13,0.963302752293578,HAR_subject
logistic,mean_length,128,47,iid,main,18,0.8873626373626373,HAR_subject
logistic,mean_length,128,47,iid,main,20,0.9350282485875706,HAR_subject
logistic,mean_length,128,47,iid,main,24,0.979002624671916,HAR_subject
logistic,conditional,128,47,iid,main,2,0.9668874172185431,HAR_subject
logistic,conditional,128,47,iid,main,4,0.9463722397476341,HAR_subject
logistic,conditional,128,47,iid,main,9,0.875,HAR_subject
logistic,conditional,128,47,iid,main,10,0.8197278911564626,HAR_subject
logistic,conditional,128,47,iid,main,12,0.965625,HAR_subject
logistic,conditional,128,47,iid,main,13,0.963302752293578,HAR_subject
logistic,conditional,128,47,iid,main,18,0.8956043956043956,HAR_subject
logistic,conditional,128,47,iid,main,20,0.9350282485875706,HAR_subject
logistic,conditional,128,47,iid,main,24,0.979002624671916,HAR_subject
logistic,conditional,128,101,markov,channel_robustness,2,0.9536423841059603,HAR_subject
logistic,conditional,128,101,markov,channel_robustness,4,0.9369085173501577,HAR_subject
logistic,conditional,128,101,markov,channel_robustness,9,0.8680555555555556,HAR_subject
logistic,conditional,128,101,markov,channel_robustness,10,0.8333333333333334,HAR_subject
logistic,conditional,128,101,markov,channel_robustness,12,0.925,HAR_subject
logistic,conditional,128,101,markov,channel_robustness,13,0.963302752293578,HAR_subject
logistic,conditional,128,101,markov,channel_robustness,18,0.8928571428571429,HAR_subject
logistic,conditional,128,101,markov,channel_robustness,20,0.9096045197740112,HAR_subject
logistic,conditional,128,101,markov,channel_robustness,24,0.963254593175853,HAR_subject
logistic,naive,32,67,iid,main,2,0.9503311258278145,HAR_subject
logistic,naive,32,67,iid,main,4,0.9116719242902208,HAR_subject
logistic,naive,32,67,iid,main,9,0.8576388888888888,HAR_subject
logistic,naive,32,67,iid,main,10,0.8503401360544217,HAR_subject
logistic,naive,32,67,iid,main,12,0.90625,HAR_subject
logistic,naive,32,67,iid,main,13,0.944954128440367,HAR_subject
logistic,naive,32,67,iid,main,18,0.8571428571428571,HAR_subject
logistic,naive,32,67,iid,main,20,0.8926553672316384,HAR_subject
logistic,naive,32,67,iid,main,24,0.9396325459317585,HAR_subject
logistic,conditional,512,23,iid,main,2,0.9735099337748344,HAR_subject
logistic,conditional,512,23,iid,main,4,0.9558359621451105,HAR_subject
logistic,conditional,512,23,iid,main,9,0.875,HAR_subject
logistic,conditional,512,23,iid,main,10,0.8231292517006803,HAR_subject
logistic,conditional,512,23,iid,main,12,0.965625,HAR_subject
logistic,conditional,512,23,iid,main,13,0.963302752293578,HAR_subject
logistic,conditional,512,23,iid,main,18,0.9175824175824175,HAR_subject
logistic,conditional,512,23,iid,main,20,0.8870056497175142,HAR_subject
logistic,conditional,512,23,iid,main,24,0.984251968503937,HAR_subject
logistic,mean_length,32,101,iid,main,2,0.9271523178807947,HAR_subject
logistic,mean_length,32,101,iid,main,4,0.9242902208201893,HAR_subject
logistic,mean_length,32,101,iid,main,9,0.8506944444444444,HAR_subject
logistic,mean_length,32,101,iid,main,10,0.8299319727891157,HAR_subject
logistic,mean_length,32,101,iid,main,12,0.903125,HAR_subject
logistic,mean_length,32,101,iid,main,13,0.9571865443425076,HAR_subject
logistic,mean_length,32,101,iid,main,18,0.8736263736263736,HAR_subject
logistic,mean_length,32,101,iid,main,20,0.8728813559322034,HAR_subject
logistic,mean_length,32,101,iid,main,24,0.937007874015748,HAR_subject
logistic,client_ema,512,23,iid,main,2,0.9735099337748344,HAR_subject
logistic,client_ema,512,23,iid,main,4,0.9589905362776026,HAR_subject
logistic,client_ema,512,23,iid,main,9,0.8715277777777778,HAR_subject
logistic,client_ema,512,23,iid,main,10,0.8299319727891157,HAR_subject
logistic,client_ema,512,23,iid,main,12,0.965625,HAR_subject
logistic,client_ema,512,23,iid,main,13,0.963302752293578,HAR_subject
logistic,client_ema,512,23,iid,main,18,0.9258241758241759,HAR_subject
logistic,client_ema,512,23,iid,main,20,0.8926553672316384,HAR_subject
logistic,client_ema,512,23,iid,main,24,0.984251968503937,HAR_subject
logistic,estimated_conditional,512,23,iid,main,2,0.9735099337748344,HAR_subject
logistic,estimated_conditional,512,23,iid,main,4,0.9589905362776026,HAR_subject
logistic,estimated_conditional,512,23,iid,main,9,0.8576388888888888,HAR_subject
logistic,estimated_conditional,512,23,iid,main,10,0.8231292517006803,HAR_subject
logistic,estimated_conditional,512,23,iid,main,12,0.965625,HAR_subject
logistic,estimated_conditional,512,23,iid,main,13,0.9663608562691132,HAR_subject
logistic,estimated_conditional,512,23,iid,main,18,0.9258241758241759,HAR_subject
logistic,estimated_conditional,512,23,iid,main,20,0.8813559322033898,HAR_subject
logistic,estimated_conditional,512,23,iid,main,24,0.984251968503937,HAR_subject
logistic,conditional,32,101,iid,main,2,0.9238410596026491,HAR_subject
logistic,conditional,32,101,iid,main,4,0.917981072555205,HAR_subject
logistic,conditional,32,101,iid,main,9,0.8541666666666666,HAR_subject
logistic,conditional,32,101,iid,main,10,0.8197278911564626,HAR_subject
logistic,conditional,32,101,iid,main,12,0.9,HAR_subject
logistic,conditional,32,101,iid,main,13,0.9602446483180428,HAR_subject
logistic,conditional,32,101,iid,main,18,0.8736263736263736,HAR_subject
logistic,conditional,32,101,iid,main,20,0.8728813559322034,HAR_subject
logistic,conditional,32,101,iid,main,24,0.9343832020997376,HAR_subject
logistic,client_ema,512,101,iid,main,2,0.9602649006622517,HAR_subject
logistic,client_ema,512,101,iid,main,4,0.9558359621451105,HAR_subject
logistic,client_ema,512,101,iid,main,9,0.875,HAR_subject
logistic,client_ema,512,101,iid,main,10,0.8197278911564626,HAR_subject
logistic,client_ema,512,101,iid,main,12,0.946875,HAR_subject
logistic,client_ema,512,101,iid,main,13,0.9785932721712538,HAR_subject
logistic,client_ema,512,101,iid,main,18,0.9148351648351648,HAR_subject
logistic,client_ema,512,101,iid,main,20,0.9322033898305084,HAR_subject
logistic,client_ema,512,101,iid,main,24,0.979002624671916,HAR_subject
mlp,conditional,128,23,iid,mlp_robustness,2,0.9271523178807947,HAR_subject
mlp,conditional,128,23,iid,mlp_robustness,4,0.9400630914826499,HAR_subject
mlp,conditional,128,23,iid,mlp_robustness,9,0.8263888888888888,HAR_subject
mlp,conditional,128,23,iid,mlp_robustness,10,0.8061224489795918,HAR_subject
mlp,conditional,128,23,iid,mlp_robustness,12,0.94375,HAR_subject
mlp,conditional,128,23,iid,mlp_robustness,13,0.9510703363914373,HAR_subject
mlp,conditional,128,23,iid,mlp_robustness,18,0.8763736263736264,HAR_subject
mlp,conditional,128,23,iid,mlp_robustness,20,0.8926553672316384,HAR_subject
mlp,conditional,128,23,iid,mlp_robustness,24,0.9553805774278216,HAR_subject
mlp,conditional,128,11,iid,mlp_robustness,2,0.9470198675496688,HAR_subject
mlp,conditional,128,11,iid,mlp_robustness,4,0.9369085173501577,HAR_subject
mlp,conditional,128,11,iid,mlp_robustness,9,0.8645833333333334,HAR_subject
mlp,conditional,128,11,iid,mlp_robustness,10,0.9047619047619048,HAR_subject
mlp,conditional,128,11,iid,mlp_robustness,12,0.909375,HAR_subject
mlp,conditional,128,11,iid,mlp_robustness,13,0.963302752293578,HAR_subject
mlp,conditional,128,11,iid,mlp_robustness,18,0.8681318681318682,HAR_subject
mlp,conditional,128,11,iid,mlp_robustness,20,0.8587570621468926,HAR_subject
mlp,conditional,128,11,iid,mlp_robustness,24,0.973753280839895,HAR_subject
logistic,estimated_conditional,512,67,iid,main,2,0.9735099337748344,HAR_subject
logistic,estimated_conditional,512,67,iid,main,4,0.9589905362776026,HAR_subject
logistic,estimated_conditional,512,67,iid,main,9,0.8402777777777778,HAR_subject
logistic,estimated_conditional,512,67,iid,main,10,0.8095238095238095,HAR_subject
logistic,estimated_conditional,512,67,iid,main,12,0.959375,HAR_subject
logistic,estimated_conditional,512,67,iid,main,13,0.9785932721712538,HAR_subject
logistic,estimated_conditional,512,67,iid,main,18,0.8956043956043956,HAR_subject
logistic,estimated_conditional,512,67,iid,main,20,0.9293785310734464,HAR_subject
logistic,estimated_conditional,512,67,iid,main,24,0.984251968503937,HAR_subject
logistic,mean_length,32,59,iid,main,2,0.9536423841059603,HAR_subject
logistic,mean_length,32,59,iid,main,4,0.9305993690851735,HAR_subject
logistic,mean_length,32,59,iid,main,9,0.8611111111111112,HAR_subject
logistic,mean_length,32,59,iid,main,10,0.8605442176870748,HAR_subject
logistic,mean_length,32,59,iid,main,12,0.94375,HAR_subject
logistic,mean_length,32,59,iid,main,13,0.9388379204892966,HAR_subject
logistic,mean_length,32,59,iid,main,18,0.8736263736263736,HAR_subject
logistic,mean_length,32,59,iid,main,20,0.8531073446327684,HAR_subject
logistic,mean_length,32,59,iid,main,24,0.9553805774278216,HAR_subject
logistic,conditional,32,149,iid,main,2,0.9271523178807947,HAR_subject
logistic,conditional,32,149,iid,main,4,0.9369085173501577,HAR_subject
logistic,conditional,32,149,iid,main,9,0.8611111111111112,HAR_subject
logistic,conditional,32,149,iid,main,10,0.8571428571428571,HAR_subject
logistic,conditional,32,149,iid,main,12,0.934375,HAR_subject
logistic,conditional,32,149,iid,main,13,0.9541284403669725,HAR_subject
logistic,conditional,32,149,iid,main,18,0.8736263736263736,HAR_subject
logistic,conditional,32,149,iid,main,20,0.867231638418079,HAR_subject
logistic,conditional,32,149,iid,main,24,0.9501312335958005,HAR_subject
logistic,estimated_conditional,512,113,iid,main,2,0.9768211920529801,HAR_subject
logistic,estimated_conditional,512,113,iid,main,4,0.9526813880126183,HAR_subject
logistic,estimated_conditional,512,113,iid,main,9,0.8680555555555556,HAR_subject
logistic,estimated_conditional,512,113,iid,main,10,0.8401360544217688,HAR_subject
logistic,estimated_conditional,512,113,iid,main,12,0.95,HAR_subject
logistic,estimated_conditional,512,113,iid,main,13,0.9724770642201835,HAR_subject
logistic,estimated_conditional,512,113,iid,main,18,0.9230769230769231,HAR_subject
logistic,estimated_conditional,512,113,iid,main,20,0.9096045197740112,HAR_subject
logistic,estimated_conditional,512,113,iid,main,24,0.979002624671916,HAR_subject
logistic,fixed_k,128,137,iid,main,2,0.9701986754966887,HAR_subject
logistic,fixed_k,128,137,iid,main,4,0.9526813880126183,HAR_subject
logistic,fixed_k,128,137,iid,main,9,0.8854166666666666,HAR_subject
logistic,fixed_k,128,137,iid,main,10,0.8333333333333334,HAR_subject
logistic,fixed_k,128,137,iid,main,12,0.9625,HAR_subject
logistic,fixed_k,128,137,iid,main,13,0.9480122324159022,HAR_subject
logistic,fixed_k,128,137,iid,main,18,0.8901098901098901,HAR_subject
logistic,fixed_k,128,137,iid,main,20,0.9152542372881356,HAR_subject
logistic,fixed_k,128,137,iid,main,24,0.9711286089238845,HAR_subject
logistic,mean_length,128,83,iid,main,2,0.9701986754966887,HAR_subject
logistic,mean_length,128,83,iid,main,4,0.9526813880126183,HAR_subject
logistic,mean_length,128,83,iid,main,9,0.875,HAR_subject
logistic,mean_length,128,83,iid,main,10,0.8367346938775511,HAR_subject
logistic,mean_length,128,83,iid,main,12,0.94375,HAR_subject
logistic,mean_length,128,83,iid,main,13,0.9510703363914373,HAR_subject
logistic,mean_length,128,83,iid,main,18,0.8928571428571429,HAR_subject
logistic,mean_length,128,83,iid,main,20,0.923728813559322,HAR_subject
logistic,mean_length,128,83,iid,main,24,0.9816272965879265,HAR_subject
logistic,conditional,512,67,iid,main,2,0.9701986754966887,HAR_subject
logistic,conditional,512,67,iid,main,4,0.9589905362776026,HAR_subject
logistic,conditional,512,67,iid,main,9,0.8402777777777778,HAR_subject
logistic,conditional,512,67,iid,main,10,0.8095238095238095,HAR_subject
logistic,conditional,512,67,iid,main,12,0.959375,HAR_subject
logistic,conditional,512,67,iid,main,13,0.9755351681957186,HAR_subject
logistic,conditional,512,67,iid,main,18,0.9038461538461539,HAR_subject
logistic,conditional,512,67,iid,main,20,0.9265536723163842,HAR_subject
logistic,conditional,512,67,iid,main,24,0.9816272965879265,HAR_subject
logistic,conditional,128,97,iid,main,2,0.9668874172185431,HAR_subject
logistic,conditional,128,97,iid,main,4,0.9495268138801262,HAR_subject
logistic,conditional,128,97,iid,main,9,0.8715277777777778,HAR_subject
logistic,conditional,128,97,iid,main,10,0.8741496598639455,HAR_subject
logistic,conditional,128,97,iid,main,12,0.95,HAR_subject
logistic,conditional,128,97,iid,main,13,0.9663608562691132,HAR_subject
logistic,conditional,128,97,iid,main,18,0.9065934065934066,HAR_subject
logistic,conditional,128,97,iid,main,20,0.903954802259887,HAR_subject
logistic,conditional,128,97,iid,main,24,0.9816272965879265,HAR_subject
logistic,conditional,32,47,iid,main,2,0.9602649006622517,HAR_subject
logistic,conditional,32,47,iid,main,4,0.9274447949526814,HAR_subject
logistic,conditional,32,47,iid,main,9,0.8819444444444444,HAR_subject
logistic,conditional,32,47,iid,main,10,0.8095238095238095,HAR_subject
logistic,conditional,32,47,iid,main,12,0.959375,HAR_subject
logistic,conditional,32,47,iid,main,13,0.9602446483180428,HAR_subject
logistic,conditional,32,47,iid,main,18,0.8763736263736264,HAR_subject
logistic,conditional,32,47,iid,main,20,0.9096045197740112,HAR_subject
logistic,conditional,32,47,iid,main,24,0.9501312335958005,HAR_subject
logistic,conditional,512,11,iid,main,2,0.9635761589403974,HAR_subject
logistic,conditional,512,11,iid,main,4,0.9810725552050473,HAR_subject
logistic,conditional,512,11,iid,main,9,0.875,HAR_subject
logistic,conditional,512,11,iid,main,10,0.8231292517006803,HAR_subject
logistic,conditional,512,11,iid,main,12,0.946875,HAR_subject
logistic,conditional,512,11,iid,main,13,0.9571865443425076,HAR_subject
logistic,conditional,512,11,iid,main,18,0.9065934065934066,HAR_subject
logistic,conditional,512,11,iid,main,20,0.8926553672316384,HAR_subject
logistic,conditional,512,11,iid,main,24,0.9711286089238845,HAR_subject
logistic,conditional,128,127,markov,channel_robustness,2,0.956953642384106,HAR_subject
logistic,conditional,128,127,markov,channel_robustness,4,0.943217665615142,HAR_subject
logistic,conditional,128,127,markov,channel_robustness,9,0.875,HAR_subject
logistic,conditional,128,127,markov,channel_robustness,10,0.8367346938775511,HAR_subject
logistic,conditional,128,127,markov,channel_robustness,12,0.946875,HAR_subject
logistic,conditional,128,127,markov,channel_robustness,13,0.9541284403669725,HAR_subject
logistic,conditional,128,127,markov,channel_robustness,18,0.8736263736263736,HAR_subject
logistic,conditional,128,127,markov,channel_robustness,20,0.9209039548022598,HAR_subject
logistic,conditional,128,127,markov,channel_robustness,24,0.9763779527559056,HAR_subject
logistic,conditional,128,97,markov,channel_robustness,2,0.9635761589403974,HAR_subject
logistic,conditional,128,97,markov,channel_robustness,4,0.9652996845425867,HAR_subject
logistic,conditional,128,97,markov,channel_robustness,9,0.8784722222222222,HAR_subject
logistic,conditional,128,97,markov,channel_robustness,10,0.8877551020408163,HAR_subject
logistic,conditional,128,97,markov,channel_robustness,12,0.953125,HAR_subject
logistic,conditional,128,97,markov,channel_robustness,13,0.963302752293578,HAR_subject
logistic,conditional,128,97,markov,channel_robustness,18,0.9065934065934066,HAR_subject
logistic,conditional,128,97,markov,channel_robustness,20,0.9152542372881356,HAR_subject
logistic,conditional,128,97,markov,channel_robustness,24,0.984251968503937,HAR_subject
logistic,estimated_conditional,32,137,iid,main,2,0.9701986754966887,HAR_subject
logistic,estimated_conditional,32,137,iid,main,4,0.9274447949526814,HAR_subject
logistic,estimated_conditional,32,137,iid,main,9,0.8784722222222222,HAR_subject
logistic,estimated_conditional,32,137,iid,main,10,0.826530612244898,HAR_subject
logistic,estimated_conditional,32,137,iid,main,12,0.94375,HAR_subject
logistic,estimated_conditional,32,137,iid,main,13,0.9296636085626911,HAR_subject
logistic,estimated_conditional,32,137,iid,main,18,0.8708791208791209,HAR_subject
logistic,estimated_conditional,32,137,iid,main,20,0.9152542372881356,HAR_subject
logistic,estimated_conditional,32,137,iid,main,24,0.958005249343832,HAR_subject
logistic,estimated_conditional,128,101,iid,main,2,0.9701986754966887,HAR_subject
logistic,estimated_conditional,128,101,iid,main,4,0.9463722397476341,HAR_subject
logistic,estimated_conditional,128,101,iid,main,9,0.8645833333333334,HAR_subject
logistic,estimated_conditional,128,101,iid,main,10,0.8299319727891157,HAR_subject
logistic,estimated_conditional,128,101,iid,main,12,0.940625,HAR_subject
logistic,estimated_conditional,128,101,iid,main,13,0.9663608562691132,HAR_subject
logistic,estimated_conditional,128,101,iid,main,18,0.9010989010989011,HAR_subject
logistic,estimated_conditional,128,101,iid,main,20,0.9124293785310734,HAR_subject
logistic,estimated_conditional,128,101,iid,main,24,0.9658792650918635,HAR_subject
logistic,fixed_k,512,47,iid,main,2,0.9768211920529801,HAR_subject
logistic,fixed_k,512,47,iid,main,4,0.9495268138801262,HAR_subject
logistic,fixed_k,512,47,iid,main,9,0.8819444444444444,HAR_subject
logistic,fixed_k,512,47,iid,main,10,0.826530612244898,HAR_subject
logistic,fixed_k,512,47,iid,main,12,0.975,HAR_subject
logistic,fixed_k,512,47,iid,main,13,0.9724770642201835,HAR_subject
logistic,fixed_k,512,47,iid,main,18,0.9203296703296703,HAR_subject
logistic,fixed_k,512,47,iid,main,20,0.940677966101695,HAR_subject
logistic,fixed_k,512,47,iid,main,24,0.9921259842519685,HAR_subject
logistic,client_ema,32,83,iid,main,2,0.956953642384106,HAR_subject
logistic,client_ema,32,83,iid,main,4,0.943217665615142,HAR_subject
logistic,client_ema,32,83,iid,main,9,0.8680555555555556,HAR_subject
logistic,client_ema,32,83,iid,main,10,0.8299319727891157,HAR_subject
logistic,client_ema,32,83,iid,main,12,0.93125,HAR_subject
logistic,client_ema,32,83,iid,main,13,0.9388379204892966,HAR_subject
logistic,client_ema,32,83,iid,main,18,0.8653846153846154,HAR_subject
logistic,client_ema,32,83,iid,main,20,0.903954802259887,HAR_subject
logistic,client_ema,32,83,iid,main,24,0.9606299212598425,HAR_subject
logistic,mean_length,512,127,iid,main,2,0.956953642384106,HAR_subject
logistic,mean_length,512,127,iid,main,4,0.9747634069400631,HAR_subject
logistic,mean_length,512,127,iid,main,9,0.8784722222222222,HAR_subject
logistic,mean_length,512,127,iid,main,10,0.8163265306122449,HAR_subject
logistic,mean_length,512,127,iid,main,12,0.946875,HAR_subject
logistic,mean_length,512,127,iid,main,13,0.9602446483180428,HAR_subject
logistic,mean_length,512,127,iid,main,18,0.8901098901098901,HAR_subject
logistic,mean_length,512,127,iid,main,20,0.9124293785310734,HAR_subject
logistic,mean_length,512,127,iid,main,24,0.9763779527559056,HAR_subject
logistic,fixed_k,512,59,iid,main,2,0.9768211920529801,HAR_subject
logistic,fixed_k,512,59,iid,main,4,0.9589905362776026,HAR_subject
logistic,fixed_k,512,59,iid,main,9,0.8645833333333334,HAR_subject
logistic,fixed_k,512,59,iid,main,10,0.8401360544217688,HAR_subject
logistic,fixed_k,512,59,iid,main,12,0.959375,HAR_subject
logistic,fixed_k,512,59,iid,main,13,0.963302752293578,HAR_subject
logistic,fixed_k,512,59,iid,main,18,0.9120879120879121,HAR_subject
logistic,fixed_k,512,59,iid,main,20,0.8813559322033898,HAR_subject
logistic,fixed_k,512,59,iid,main,24,0.9816272965879265,HAR_subject
logistic,client_ema,128,97,iid,main,2,0.9735099337748344,HAR_subject
logistic,client_ema,128,97,iid,main,4,0.9526813880126183,HAR_subject
logistic,client_ema,128,97,iid,main,9,0.8715277777777778,HAR_subject
logistic,client_ema,128,97,iid,main,10,0.8673469387755102,HAR_subject
logistic,client_ema,128,97,iid,main,12,0.95,HAR_subject
logistic,client_ema,128,97,iid,main,13,0.9663608562691132,HAR_subject
logistic,client_ema,128,97,iid,main,18,0.9038461538461539,HAR_subject
logistic,client_ema,128,97,iid,main,20,0.8983050847457628,HAR_subject
logistic,client_ema,128,97,iid,main,24,0.9816272965879265,HAR_subject
logistic,conditional,32,67,iid,main,2,0.9768211920529801,HAR_subject
logistic,conditional,32,67,iid,main,4,0.9242902208201893,HAR_subject
logistic,conditional,32,67,iid,main,9,0.8611111111111112,HAR_subject
logistic,conditional,32,67,iid,main,10,0.8503401360544217,HAR_subject
logistic,conditional,32,67,iid,main,12,0.9375,HAR_subject
logistic,conditional,32,67,iid,main,13,0.9602446483180428,HAR_subject
logistic,conditional,32,67,iid,main,18,0.8626373626373627,HAR_subject
logistic,conditional,32,67,iid,main,20,0.9209039548022598,HAR_subject
logistic,conditional,32,67,iid,main,24,0.9553805774278216,HAR_subject
logistic,naive,32,127,iid,main,2,0.9271523178807947,HAR_subject
logistic,naive,32,127,iid,main,4,0.9148264984227129,HAR_subject
logistic,naive,32,127,iid,main,9,0.8541666666666666,HAR_subject
logistic,naive,32,127,iid,main,10,0.8401360544217688,HAR_subject
logistic,naive,32,127,iid,main,12,0.91875,HAR_subject
logistic,naive,32,127,iid,main,13,0.9327217125382263,HAR_subject
logistic,naive,32,127,iid,main,18,0.8461538461538461,HAR_subject
logistic,naive,32,127,iid,main,20,0.8954802259887006,HAR_subject
logistic,naive,32,127,iid,main,24,0.9291338582677166,HAR_subject
logistic,fixed_k,128,47,markov,channel_robustness,2,0.9668874172185431,HAR_subject
logistic,fixed_k,128,47,markov,channel_robustness,4,0.9558359621451105,HAR_subject
logistic,fixed_k,128,47,markov,channel_robustness,9,0.8680555555555556,HAR_subject
logistic,fixed_k,128,47,markov,channel_robustness,10,0.8367346938775511,HAR_subject
logistic,fixed_k,128,47,markov,channel_robustness,12,0.975,HAR_subject
logistic,fixed_k,128,47,markov,channel_robustness,13,0.9602446483180428,HAR_subject
logistic,fixed_k,128,47,markov,channel_robustness,18,0.8983516483516484,HAR_subject
logistic,fixed_k,128,47,markov,channel_robustness,20,0.9124293785310734,HAR_subject
logistic,fixed_k,128,47,markov,channel_robustness,24,0.9868766404199475,HAR_subject
logistic,naive,32,23,iid,main,2,0.9635761589403974,HAR_subject
logistic,naive,32,23,iid,main,4,0.9369085173501577,HAR_subject
logistic,naive,32,23,iid,main,9,0.8923611111111112,HAR_subject
logistic,naive,32,23,iid,main,10,0.8367346938775511,HAR_subject
logistic,naive,32,23,iid,main,12,0.934375,HAR_subject
logistic,naive,32,23,iid,main,13,0.926605504587156,HAR_subject
logistic,naive,32,23,iid,main,18,0.8708791208791209,HAR_subject
logistic,naive,32,23,iid,main,20,0.8502824858757062,HAR_subject
logistic,naive,32,23,iid,main,24,0.9238845144356955,HAR_subject
logistic,fixed_k,32,137,iid,main,2,0.9701986754966887,HAR_subject
logistic,fixed_k,32,137,iid,main,4,0.9400630914826499,HAR_subject
logistic,fixed_k,32,137,iid,main,9,0.8680555555555556,HAR_subject
logistic,fixed_k,32,137,iid,main,10,0.8299319727891157,HAR_subject
logistic,fixed_k,32,137,iid,main,12,0.953125,HAR_subject
logistic,fixed_k,32,137,iid,main,13,0.9296636085626911,HAR_subject
logistic,fixed_k,32,137,iid,main,18,0.8571428571428571,HAR_subject
logistic,fixed_k,32,137,iid,main,20,0.9180790960451978,HAR_subject
logistic,fixed_k,32,137,iid,main,24,0.9658792650918635,HAR_subject
logistic,client_ema,128,47,iid,main,2,0.9635761589403974,HAR_subject
logistic,client_ema,128,47,iid,main,4,0.9495268138801262,HAR_subject
logistic,client_ema,128,47,iid,main,9,0.8784722222222222,HAR_subject
logistic,client_ema,128,47,iid,main,10,0.8299319727891157,HAR_subject
logistic,client_ema,128,47,iid,main,12,0.96875,HAR_subject
logistic,client_ema,128,47,iid,main,13,0.963302752293578,HAR_subject
logistic,client_ema,128,47,iid,main,18,0.8818681318681318,HAR_subject
logistic,client_ema,128,47,iid,main,20,0.9293785310734464,HAR_subject
logistic,client_ema,128,47,iid,main,24,0.9816272965879265,HAR_subject
logistic,estimated_conditional,512,59,iid,main,2,0.9801324503311258,HAR_subject
logistic,estimated_conditional,512,59,iid,main,4,0.9747634069400631,HAR_subject
logistic,estimated_conditional,512,59,iid,main,9,0.8506944444444444,HAR_subject
logistic,estimated_conditional,512,59,iid,main,10,0.8333333333333334,HAR_subject
logistic,estimated_conditional,512,59,iid,main,12,0.971875,HAR_subject
logistic,estimated_conditional,512,59,iid,main,13,0.9602446483180428,HAR_subject
logistic,estimated_conditional,512,59,iid,main,18,0.9148351648351648,HAR_subject
logistic,estimated_conditional,512,59,iid,main,20,0.9067796610169492,HAR_subject
logistic,estimated_conditional,512,59,iid,main,24,0.9816272965879265,HAR_subject
logistic,client_ema,128,137,iid,main,2,0.9668874172185431,HAR_subject
logistic,client_ema,128,137,iid,main,4,0.9589905362776026,HAR_subject
logistic,client_ema,128,137,iid,main,9,0.8819444444444444,HAR_subject
logistic,client_ema,128,137,iid,main,10,0.8299319727891157,HAR_subject
logistic,client_ema,128,137,iid,main,12,0.95625,HAR_subject
logistic,client_ema,128,137,iid,main,13,0.944954128440367,HAR_subject
logistic,client_ema,128,137,iid,main,18,0.8928571428571429,HAR_subject
logistic,client_ema,128,137,iid,main,20,0.923728813559322,HAR_subject
logistic,client_ema,128,137,iid,main,24,0.9658792650918635,HAR_subject
logistic,mean_length,128,149,iid,main,2,0.956953642384106,HAR_subject
logistic,mean_length,128,149,iid,main,4,0.9558359621451105,HAR_subject
logistic,mean_length,128,149,iid,main,9,0.875,HAR_subject
logistic,mean_length,128,149,iid,main,10,0.8469387755102041,HAR_subject
logistic,mean_length,128,149,iid,main,12,0.953125,HAR_subject
logistic,mean_length,128,149,iid,main,13,0.963302752293578,HAR_subject
logistic,mean_length,128,149,iid,main,18,0.8956043956043956,HAR_subject
logistic,mean_length,128,149,iid,main,20,0.8926553672316384,HAR_subject
logistic,mean_length,128,149,iid,main,24,0.9711286089238845,HAR_subject
logistic,fixed_k,512,149,iid,main,2,0.9701986754966887,HAR_subject
logistic,fixed_k,512,149,iid,main,4,0.9526813880126183,HAR_subject
logistic,fixed_k,512,149,iid,main,9,0.8784722222222222,HAR_subject
logistic,fixed_k,512,149,iid,main,10,0.8435374149659864,HAR_subject
logistic,fixed_k,512,149,iid,main,12,0.953125,HAR_subject
logistic,fixed_k,512,149,iid,main,13,0.9694189602446484,HAR_subject
logistic,fixed_k,512,149,iid,main,18,0.9148351648351648,HAR_subject
logistic,fixed_k,512,149,iid,main,20,0.9152542372881356,HAR_subject
logistic,fixed_k,512,149,iid,main,24,0.9816272965879265,HAR_subject
logistic,conditional,32,59,iid,main,2,0.9536423841059603,HAR_subject
logistic,conditional,32,59,iid,main,4,0.9305993690851735,HAR_subject
logistic,conditional,32,59,iid,main,9,0.8576388888888888,HAR_subject
logistic,conditional,32,59,iid,main,10,0.8673469387755102,HAR_subject
logistic,conditional,32,59,iid,main,12,0.9375,HAR_subject
logistic,conditional,32,59,iid,main,13,0.9388379204892966,HAR_subject
logistic,conditional,32,59,iid,main,18,0.8736263736263736,HAR_subject
logistic,conditional,32,59,iid,main,20,0.844632768361582,HAR_subject
logistic,conditional,32,59,iid,main,24,0.9448818897637795,HAR_subject
mlp,fixed_k,128,23,iid,mlp_robustness,2,0.9437086092715232,HAR_subject
mlp,fixed_k,128,23,iid,mlp_robustness,4,0.9589905362776026,HAR_subject
mlp,fixed_k,128,23,iid,mlp_robustness,9,0.8611111111111112,HAR_subject
mlp,fixed_k,128,23,iid,mlp_robustness,10,0.8129251700680272,HAR_subject
mlp,fixed_k,128,23,iid,mlp_robustness,12,0.93125,HAR_subject
mlp,fixed_k,128,23,iid,mlp_robustness,13,0.9480122324159022,HAR_subject
mlp,fixed_k,128,23,iid,mlp_robustness,18,0.8873626373626373,HAR_subject
mlp,fixed_k,128,23,iid,mlp_robustness,20,0.8785310734463276,HAR_subject
mlp,fixed_k,128,23,iid,mlp_robustness,24,0.968503937007874,HAR_subject
logistic,fixed_k,128,97,iid,main,2,0.9768211920529801,HAR_subject
logistic,fixed_k,128,97,iid,main,4,0.9526813880126183,HAR_subject
logistic,fixed_k,128,97,iid,main,9,0.875,HAR_subject
logistic,fixed_k,128,97,iid,main,10,0.8741496598639455,HAR_subject
logistic,fixed_k,128,97,iid,main,12,0.953125,HAR_subject
logistic,fixed_k,128,97,iid,main,13,0.9663608562691132,HAR_subject
logistic,fixed_k,128,97,iid,main,18,0.9010989010989011,HAR_subject
logistic,fixed_k,128,97,iid,main,20,0.9067796610169492,HAR_subject
logistic,fixed_k,128,97,iid,main,24,0.9816272965879265,HAR_subject
logistic,client_ema,32,97,iid,main,2,0.9470198675496688,HAR_subject
logistic,client_ema,32,97,iid,main,4,0.9369085173501577,HAR_subject
logistic,client_ema,32,97,iid,main,9,0.8611111111111112,HAR_subject
logistic,client_ema,32,97,iid,main,10,0.8571428571428571,HAR_subject
logistic,client_ema,32,97,iid,main,12,0.940625,HAR_subject
logistic,client_ema,32,97,iid,main,13,0.9663608562691132,HAR_subject
logistic,client_ema,32,97,iid,main,18,0.8901098901098901,HAR_subject
logistic,client_ema,32,97,iid,main,20,0.8757062146892656,HAR_subject
logistic,client_ema,32,97,iid,main,24,0.963254593175853,HAR_subject
logistic,mean_length,128,23,iid,main,2,0.9701986754966887,HAR_subject
logistic,mean_length,128,23,iid,main,4,0.9589905362776026,HAR_subject
logistic,mean_length,128,23,iid,main,9,0.8819444444444444,HAR_subject
logistic,mean_length,128,23,iid,main,10,0.8537414965986394,HAR_subject
logistic,mean_length,128,23,iid,main,12,0.9625,HAR_subject
logistic,mean_length,128,23,iid,main,13,0.9541284403669725,HAR_subject
logistic,mean_length,128,23,iid,main,18,0.9093406593406593,HAR_subject
logistic,mean_length,128,23,iid,main,20,0.8700564971751412,HAR_subject
logistic,mean_length,128,23,iid,main,24,0.979002624671916,HAR_subject
logistic,conditional,128,47,markov,channel_robustness,2,0.9668874172185431,HAR_subject
logistic,conditional,128,47,markov,channel_robustness,4,0.9621451104100947,HAR_subject
logistic,conditional,128,47,markov,channel_robustness,9,0.8784722222222222,HAR_subject
logistic,conditional,128,47,markov,channel_robustness,10,0.8367346938775511,HAR_subject
logistic,conditional,128,47,markov,channel_robustness,12,0.965625,HAR_subject
logistic,conditional,128,47,markov,channel_robustness,13,0.963302752293578,HAR_subject
logistic,conditional,128,47,markov,channel_robustness,18,0.8901098901098901,HAR_subject
logistic,conditional,128,47,markov,channel_robustness,20,0.9096045197740112,HAR_subject
logistic,conditional,128,47,markov,channel_robustness,24,0.984251968503937,HAR_subject
logistic,mean_length,128,67,iid,main,2,0.9834437086092715,HAR_subject
logistic,mean_length,128,67,iid,main,4,0.9495268138801262,HAR_subject
logistic,mean_length,128,67,iid,main,9,0.8506944444444444,HAR_subject
logistic,mean_length,128,67,iid,main,10,0.8299319727891157,HAR_subject
logistic,mean_length,128,67,iid,main,12,0.946875,HAR_subject
logistic,mean_length,128,67,iid,main,13,0.9602446483180428,HAR_subject
logistic,mean_length,128,67,iid,main,18,0.8763736263736264,HAR_subject
logistic,mean_length,128,67,iid,main,20,0.9350282485875706,HAR_subject
logistic,mean_length,128,67,iid,main,24,0.968503937007874,HAR_subject
logistic,fixed_k,128,127,iid,main,2,0.9536423841059603,HAR_subject
logistic,fixed_k,128,127,iid,main,4,0.9558359621451105,HAR_subject
logistic,fixed_k,128,127,iid,main,9,0.8819444444444444,HAR_subject
logistic,fixed_k,128,127,iid,main,10,0.8367346938775511,HAR_subject
logistic,fixed_k,128,127,iid,main,12,0.953125,HAR_subject
logistic,fixed_k,128,127,iid,main,13,0.9541284403669725,HAR_subject
logistic,fixed_k,128,127,iid,main,18,0.8736263736263736,HAR_subject
logistic,fixed_k,128,127,iid,main,20,0.9152542372881356,HAR_subject
logistic,fixed_k,128,127,iid,main,24,0.968503937007874,HAR_subject
mlp,fixed_k,128,83,iid,mlp_robustness,2,0.9701986754966887,HAR_subject
mlp,fixed_k,128,83,iid,mlp_robustness,4,0.9589905362776026,HAR_subject
mlp,fixed_k,128,83,iid,mlp_robustness,9,0.8888888888888888,HAR_subject
mlp,fixed_k,128,83,iid,mlp_robustness,10,0.8129251700680272,HAR_subject
mlp,fixed_k,128,83,iid,mlp_robustness,12,0.959375,HAR_subject
mlp,fixed_k,128,83,iid,mlp_robustness,13,0.9541284403669725,HAR_subject
mlp,fixed_k,128,83,iid,mlp_robustness,18,0.9093406593406593,HAR_subject
mlp,fixed_k,128,83,iid,mlp_robustness,20,0.9322033898305084,HAR_subject
mlp,fixed_k,128,83,iid,mlp_robustness,24,0.958005249343832,HAR_subject
logistic,naive,32,83,iid,main,2,0.9370860927152318,HAR_subject
logistic,naive,32,83,iid,main,4,0.9305993690851735,HAR_subject
logistic,naive,32,83,iid,main,9,0.8576388888888888,HAR_subject
logistic,naive,32,83,iid,main,10,0.8061224489795918,HAR_subject
logistic,naive,32,83,iid,main,12,0.9125,HAR_subject
logistic,naive,32,83,iid,main,13,0.9235474006116208,HAR_subject
logistic,naive,32,83,iid,main,18,0.8516483516483516,HAR_subject
logistic,naive,32,83,iid,main,20,0.8954802259887006,HAR_subject
logistic,naive,32,83,iid,main,24,0.9343832020997376,HAR_subject
logistic,estimated_conditional,512,97,iid,main,2,0.9801324503311258,HAR_subject
logistic,estimated_conditional,512,97,iid,main,4,0.9589905362776026,HAR_subject
logistic,estimated_conditional,512,97,iid,main,9,0.8715277777777778,HAR_subject
logistic,estimated_conditional,512,97,iid,main,10,0.8707482993197279,HAR_subject
logistic,estimated_conditional,512,97,iid,main,12,0.965625,HAR_subject
logistic,estimated_conditional,512,97,iid,main,13,0.981651376146789,HAR_subject
logistic,estimated_conditional,512,97,iid,main,18,0.9258241758241759,HAR_subject
logistic,estimated_conditional,512,97,iid,main,20,0.9096045197740112,HAR_subject
logistic,estimated_conditional,512,97,iid,main,24,0.984251968503937,HAR_subject
logistic,mean_length,128,127,iid,main,2,0.9536423841059603,HAR_subject
logistic,mean_length,128,127,iid,main,4,0.9621451104100947,HAR_subject
logistic,mean_length,128,127,iid,main,9,0.8784722222222222,HAR_subject
logistic,mean_length,128,127,iid,main,10,0.8367346938775511,HAR_subject
logistic,mean_length,128,127,iid,main,12,0.946875,HAR_subject
logistic,mean_length,128,127,iid,main,13,0.9510703363914373,HAR_subject
logistic,mean_length,128,127,iid,main,18,0.8653846153846154,HAR_subject
logistic,mean_length,128,127,iid,main,20,0.9124293785310734,HAR_subject
logistic,mean_length,128,127,iid,main,24,0.9711286089238845,HAR_subject
logistic,naive,32,59,iid,main,2,0.9337748344370861,HAR_subject
logistic,naive,32,59,iid,main,4,0.9148264984227129,HAR_subject
logistic,naive,32,59,iid,main,9,0.8298611111111112,HAR_subject
logistic,naive,32,59,iid,main,10,0.8401360544217688,HAR_subject
logistic,naive,32,59,iid,main,12,0.915625,HAR_subject
logistic,naive,32,59,iid,main,13,0.9357798165137615,HAR_subject
logistic,naive,32,59,iid,main,18,0.8598901098901099,HAR_subject
logistic,naive,32,59,iid,main,20,0.844632768361582,HAR_subject
logistic,naive,32,59,iid,main,24,0.9186351706036745,HAR_subject
logistic,conditional,128,11,iid,main,2,0.9602649006622517,HAR_subject
logistic,conditional,128,11,iid,main,4,0.9779179810725552,HAR_subject
logistic,conditional,128,11,iid,main,9,0.875,HAR_subject
logistic,conditional,128,11,iid,main,10,0.8333333333333334,HAR_subject
logistic,conditional,128,11,iid,main,12,0.940625,HAR_subject
logistic,conditional,128,11,iid,main,13,0.9388379204892966,HAR_subject
logistic,conditional,128,11,iid,main,18,0.8873626373626373,HAR_subject
logistic,conditional,128,11,iid,main,20,0.8728813559322034,HAR_subject
logistic,conditional,128,11,iid,main,24,0.958005249343832,HAR_subject
logistic,fixed_k,512,67,iid,main,2,0.9735099337748344,HAR_subject
logistic,fixed_k,512,67,iid,main,4,0.9621451104100947,HAR_subject
logistic,fixed_k,512,67,iid,main,9,0.8506944444444444,HAR_subject
logistic,fixed_k,512,67,iid,main,10,0.8129251700680272,HAR_subject
logistic,fixed_k,512,67,iid,main,12,0.959375,HAR_subject
logistic,fixed_k,512,67,iid,main,13,0.9724770642201835,HAR_subject
logistic,fixed_k,512,67,iid,main,18,0.9065934065934066,HAR_subject
logistic,fixed_k,512,67,iid,main,20,0.923728813559322,HAR_subject
logistic,fixed_k,512,67,iid,main,24,0.979002624671916,HAR_subject
logistic,mean_length,512,67,iid,main,2,0.9701986754966887,HAR_subject
logistic,mean_length,512,67,iid,main,4,0.9589905362776026,HAR_subject
logistic,mean_length,512,67,iid,main,9,0.84375,HAR_subject
logistic,mean_length,512,67,iid,main,10,0.8095238095238095,HAR_subject
logistic,mean_length,512,67,iid,main,12,0.959375,HAR_subject
logistic,mean_length,512,67,iid,main,13,0.9755351681957186,HAR_subject
logistic,mean_length,512,67,iid,main,18,0.9038461538461539,HAR_subject
logistic,mean_length,512,67,iid,main,20,0.9265536723163842,HAR_subject
logistic,mean_length,512,67,iid,main,24,0.9816272965879265,HAR_subject
logistic,mean_length,512,113,iid,main,2,0.9768211920529801,HAR_subject
logistic,mean_length,512,113,iid,main,4,0.9558359621451105,HAR_subject
logistic,mean_length,512,113,iid,main,9,0.8715277777777778,HAR_subject
logistic,mean_length,512,113,iid,main,10,0.8401360544217688,HAR_subject
logistic,mean_length,512,113,iid,main,12,0.94375,HAR_subject
logistic,mean_length,512,113,iid,main,13,0.9724770642201835,HAR_subject
logistic,mean_length,512,113,iid,main,18,0.9230769230769231,HAR_subject
logistic,mean_length,512,113,iid,main,20,0.9124293785310734,HAR_subject
logistic,mean_length,512,113,iid,main,24,0.979002624671916,HAR_subject
logistic,fixed_k,512,113,iid,main,2,0.9768211920529801,HAR_subject
logistic,fixed_k,512,113,iid,main,4,0.9558359621451105,HAR_subject
logistic,fixed_k,512,113,iid,main,9,0.8645833333333334,HAR_subject
logistic,fixed_k,512,113,iid,main,10,0.8163265306122449,HAR_subject
logistic,fixed_k,512,113,iid,main,12,0.9375,HAR_subject
logistic,fixed_k,512,113,iid,main,13,0.9694189602446484,HAR_subject
logistic,fixed_k,512,113,iid,main,18,0.9230769230769231,HAR_subject
logistic,fixed_k,512,113,iid,main,20,0.9096045197740112,HAR_subject
logistic,fixed_k,512,113,iid,main,24,0.979002624671916,HAR_subject
logistic,client_ema,32,113,iid,main,2,0.9503311258278145,HAR_subject
logistic,client_ema,32,113,iid,main,4,0.9369085173501577,HAR_subject
logistic,client_ema,32,113,iid,main,9,0.8819444444444444,HAR_subject
logistic,client_ema,32,113,iid,main,10,0.8741496598639455,HAR_subject
logistic,client_ema,32,113,iid,main,12,0.925,HAR_subject
logistic,client_ema,32,113,iid,main,13,0.9418960244648318,HAR_subject
logistic,client_ema,32,113,iid,main,18,0.8873626373626373,HAR_subject
logistic,client_ema,32,113,iid,main,20,0.8983050847457628,HAR_subject
logistic,client_ema,32,113,iid,main,24,0.9711286089238845,HAR_subject
logistic,fixed_k,128,11,markov,channel_robustness,2,0.956953642384106,HAR_subject
logistic,fixed_k,128,11,markov,channel_robustness,4,0.9621451104100947,HAR_subject
logistic,fixed_k,128,11,markov,channel_robustness,9,0.8472222222222222,HAR_subject
logistic,fixed_k,128,11,markov,channel_robustness,10,0.7925170068027211,HAR_subject
logistic,fixed_k,128,11,markov,channel_robustness,12,0.946875,HAR_subject
logistic,fixed_k,128,11,markov,channel_robustness,13,0.9541284403669725,HAR_subject
logistic,fixed_k,128,11,markov,channel_robustness,18,0.8983516483516484,HAR_subject
logistic,fixed_k,128,11,markov,channel_robustness,20,0.9011299435028248,HAR_subject
logistic,fixed_k,128,11,markov,channel_robustness,24,0.963254593175853,HAR_subject
logistic,estimated_conditional,128,137,iid,main,2,0.9668874172185431,HAR_subject
logistic,estimated_conditional,128,137,iid,main,4,0.9495268138801262,HAR_subject
logistic,estimated_conditional,128,137,iid,main,9,0.8819444444444444,HAR_subject
logistic,estimated_conditional,128,137,iid,main,10,0.8333333333333334,HAR_subject
logistic,estimated_conditional,128,137,iid,main,12,0.953125,HAR_subject
logistic,estimated_conditional,128,137,iid,main,13,0.9541284403669725,HAR_subject
logistic,estimated_conditional,128,137,iid,main,18,0.8901098901098901,HAR_subject
logistic,estimated_conditional,128,137,iid,main,20,0.9152542372881356,HAR_subject
logistic,estimated_conditional,128,137,iid,main,24,0.9711286089238845,HAR_subject
logistic,client_ema,128,11,iid,main,2,0.9602649006622517,HAR_subject
logistic,client_ema,128,11,iid,main,4,0.9779179810725552,HAR_subject
logistic,client_ema,128,11,iid,main,9,0.8680555555555556,HAR_subject
logistic,client_ema,128,11,iid,main,10,0.8231292517006803,HAR_subject
logistic,client_ema,128,11,iid,main,12,0.95,HAR_subject
logistic,client_ema,128,11,iid,main,13,0.9418960244648318,HAR_subject
logistic,client_ema,128,11,iid,main,18,0.8873626373626373,HAR_subject
logistic,client_ema,128,11,iid,main,20,0.8785310734463276,HAR_subject
logistic,client_ema,128,11,iid,main,24,0.9606299212598425,HAR_subject
logistic,conditional,512,113,iid,main,2,0.9768211920529801,HAR_subject
logistic,conditional,512,113,iid,main,4,0.9558359621451105,HAR_subject
logistic,conditional,512,113,iid,main,9,0.8715277777777778,HAR_subject
logistic,conditional,512,113,iid,main,10,0.8367346938775511,HAR_subject
logistic,conditional,512,113,iid,main,12,0.94375,HAR_subject
logistic,conditional,512,113,iid,main,13,0.9724770642201835,HAR_subject
logistic,conditional,512,113,iid,main,18,0.9230769230769231,HAR_subject
logistic,conditional,512,113,iid,main,20,0.9124293785310734,HAR_subject
logistic,conditional,512,113,iid,main,24,0.979002624671916,HAR_subject
logistic,mean_length,512,101,iid,main,2,0.9635761589403974,HAR_subject
logistic,mean_length,512,101,iid,main,4,0.9558359621451105,HAR_subject
logistic,mean_length,512,101,iid,main,9,0.875,HAR_subject
logistic,mean_length,512,101,iid,main,10,0.8197278911564626,HAR_subject
logistic,mean_length,512,101,iid,main,12,0.95,HAR_subject
logistic,mean_length,512,101,iid,main,13,0.9755351681957186,HAR_subject
logistic,mean_length,512,101,iid,main,18,0.9148351648351648,HAR_subject
logistic,mean_length,512,101,iid,main,20,0.9322033898305084,HAR_subject
logistic,mean_length,512,101,iid,main,24,0.979002624671916,HAR_subject
logistic,fixed_k,128,83,markov,channel_robustness,2,0.9602649006622517,HAR_subject
logistic,fixed_k,128,83,markov,channel_robustness,4,0.9652996845425867,HAR_subject
logistic,fixed_k,128,83,markov,channel_robustness,9,0.8715277777777778,HAR_subject
logistic,fixed_k,128,83,markov,channel_robustness,10,0.8605442176870748,HAR_subject
logistic,fixed_k,128,83,markov,channel_robustness,12,0.95,HAR_subject
logistic,fixed_k,128,83,markov,channel_robustness,13,0.944954128440367,HAR_subject
logistic,fixed_k,128,83,markov,channel_robustness,18,0.8873626373626373,HAR_subject
logistic,fixed_k,128,83,markov,channel_robustness,20,0.9067796610169492,HAR_subject
logistic,fixed_k,128,83,markov,channel_robustness,24,0.984251968503937,HAR_subject
logistic,mean_length,512,23,iid,main,2,0.9735099337748344,HAR_subject
logistic,mean_length,512,23,iid,main,4,0.9558359621451105,HAR_subject
logistic,mean_length,512,23,iid,main,9,0.875,HAR_subject
logistic,mean_length,512,23,iid,main,10,0.826530612244898,HAR_subject
logistic,mean_length,512,23,iid,main,12,0.965625,HAR_subject
logistic,mean_length,512,23,iid,main,13,0.963302752293578,HAR_subject
logistic,mean_length,512,23,iid,main,18,0.9203296703296703,HAR_subject
logistic,mean_length,512,23,iid,main,20,0.8870056497175142,HAR_subject
logistic,mean_length,512,23,iid,main,24,0.984251968503937,HAR_subject
logistic,client_ema,128,101,iid,main,2,0.9503311258278145,HAR_subject
logistic,client_ema,128,101,iid,main,4,0.943217665615142,HAR_subject
logistic,client_ema,128,101,iid,main,9,0.8611111111111112,HAR_subject
logistic,client_ema,128,101,iid,main,10,0.8367346938775511,HAR_subject
logistic,client_ema,128,101,iid,main,12,0.934375,HAR_subject
logistic,client_ema,128,101,iid,main,13,0.963302752293578,HAR_subject
logistic,client_ema,128,101,iid,main,18,0.8901098901098901,HAR_subject
logistic,client_ema,128,101,iid,main,20,0.9011299435028248,HAR_subject
logistic,client_ema,128,101,iid,main,24,0.9711286089238845,HAR_subject
mlp,conditional,128,59,iid,mlp_robustness,2,0.9437086092715232,HAR_subject
mlp,conditional,128,59,iid,mlp_robustness,4,0.9369085173501577,HAR_subject
mlp,conditional,128,59,iid,mlp_robustness,9,0.8784722222222222,HAR_subject
mlp,conditional,128,59,iid,mlp_robustness,10,0.8775510204081632,HAR_subject
mlp,conditional,128,59,iid,mlp_robustness,12,0.940625,HAR_subject
mlp,conditional,128,59,iid,mlp_robustness,13,0.9418960244648318,HAR_subject
mlp,conditional,128,59,iid,mlp_robustness,18,0.8846153846153846,HAR_subject
mlp,conditional,128,59,iid,mlp_robustness,20,0.8898305084745762,HAR_subject
mlp,conditional,128,59,iid,mlp_robustness,24,0.9238845144356955,HAR_subject
logistic,naive,512,67,iid,main,2,0.9768211920529801,HAR_subject
logistic,naive,512,67,iid,main,4,0.9589905362776026,HAR_subject
logistic,naive,512,67,iid,main,9,0.8472222222222222,HAR_subject
logistic,naive,512,67,iid,main,10,0.826530612244898,HAR_subject
logistic,naive,512,67,iid,main,12,0.940625,HAR_subject
logistic,naive,512,67,iid,main,13,0.9694189602446484,HAR_subject
logistic,naive,512,67,iid,main,18,0.8846153846153846,HAR_subject
logistic,naive,512,67,iid,main,20,0.923728813559322,HAR_subject
logistic,naive,512,67,iid,main,24,0.9711286089238845,HAR_subject
logistic,fixed_k,32,113,iid,main,2,0.956953642384106,HAR_subject
logistic,fixed_k,32,113,iid,main,4,0.943217665615142,HAR_subject
logistic,fixed_k,32,113,iid,main,9,0.8819444444444444,HAR_subject
logistic,fixed_k,32,113,iid,main,10,0.8435374149659864,HAR_subject
logistic,fixed_k,32,113,iid,main,12,0.921875,HAR_subject
logistic,fixed_k,32,113,iid,main,13,0.9418960244648318,HAR_subject
logistic,fixed_k,32,113,iid,main,18,0.8983516483516484,HAR_subject
logistic,fixed_k,32,113,iid,main,20,0.8926553672316384,HAR_subject
logistic,fixed_k,32,113,iid,main,24,0.9606299212598425,HAR_subject
mlp,conditional,128,149,iid,mlp_robustness,2,0.9470198675496688,HAR_subject
mlp,conditional,128,149,iid,mlp_robustness,4,0.9369085173501577,HAR_subject
mlp,conditional,128,149,iid,mlp_robustness,9,0.8298611111111112,HAR_subject
mlp,conditional,128,149,iid,mlp_robustness,10,0.7755102040816326,HAR_subject
mlp,conditional,128,149,iid,mlp_robustness,12,0.946875,HAR_subject
mlp,conditional,128,149,iid,mlp_robustness,13,0.963302752293578,HAR_subject
mlp,conditional,128,149,iid,mlp_robustness,18,0.8901098901098901,HAR_subject
mlp,conditional,128,149,iid,mlp_robustness,20,0.9152542372881356,HAR_subject
mlp,conditional,128,149,iid,mlp_robustness,24,0.9448818897637795,HAR_subject
logistic,estimated_conditional,512,101,iid,main,2,0.9635761589403974,HAR_subject
logistic,estimated_conditional,512,101,iid,main,4,0.9589905362776026,HAR_subject
logistic,estimated_conditional,512,101,iid,main,9,0.875,HAR_subject
logistic,estimated_conditional,512,101,iid,main,10,0.8299319727891157,HAR_subject
logistic,estimated_conditional,512,101,iid,main,12,0.953125,HAR_subject
logistic,estimated_conditional,512,101,iid,main,13,0.9785932721712538,HAR_subject
logistic,estimated_conditional,512,101,iid,main,18,0.9258241758241759,HAR_subject
logistic,estimated_conditional,512,101,iid,main,20,0.9378531073446328,HAR_subject
logistic,estimated_conditional,512,101,iid,main,24,0.979002624671916,HAR_subject
logistic,naive,512,101,iid,main,2,0.9536423841059603,HAR_subject
logistic,naive,512,101,iid,main,4,0.943217665615142,HAR_subject
logistic,naive,512,101,iid,main,9,0.8715277777777778,HAR_subject
logistic,naive,512,101,iid,main,10,0.8231292517006803,HAR_subject
logistic,naive,512,101,iid,main,12,0.940625,HAR_subject
logistic,naive,512,101,iid,main,13,0.9694189602446484,HAR_subject
logistic,naive,512,101,iid,main,18,0.8983516483516484,HAR_subject
logistic,naive,512,101,iid,main,20,0.9209039548022598,HAR_subject
logistic,naive,512,101,iid,main,24,0.9763779527559056,HAR_subject
logistic,estimated_conditional,512,11,iid,main,2,0.9668874172185431,HAR_subject
logistic,estimated_conditional,512,11,iid,main,4,0.9652996845425867,HAR_subject
logistic,estimated_conditional,512,11,iid,main,9,0.8715277777777778,HAR_subject
logistic,estimated_conditional,512,11,iid,main,10,0.826530612244898,HAR_subject
logistic,estimated_conditional,512,11,iid,main,12,0.953125,HAR_subject
logistic,estimated_conditional,512,11,iid,main,13,0.9602446483180428,HAR_subject
logistic,estimated_conditional,512,11,iid,main,18,0.9038461538461539,HAR_subject
logistic,estimated_conditional,512,11,iid,main,20,0.903954802259887,HAR_subject
logistic,estimated_conditional,512,11,iid,main,24,0.973753280839895,HAR_subject
logistic,fixed_k,128,59,iid,main,2,0.9735099337748344,HAR_subject
logistic,fixed_k,128,59,iid,main,4,0.9558359621451105,HAR_subject
logistic,fixed_k,128,59,iid,main,9,0.8541666666666666,HAR_subject
logistic,fixed_k,128,59,iid,main,10,0.8503401360544217,HAR_subject
logistic,fixed_k,128,59,iid,main,12,0.95625,HAR_subject
logistic,fixed_k,128,59,iid,main,13,0.9510703363914373,HAR_subject
logistic,fixed_k,128,59,iid,main,18,0.8901098901098901,HAR_subject
logistic,fixed_k,128,59,iid,main,20,0.8813559322033898,HAR_subject
logistic,fixed_k,128,59,iid,main,24,0.9711286089238845,HAR_subject
logistic,client_ema,32,47,iid,main,2,0.9602649006622517,HAR_subject
logistic,client_ema,32,47,iid,main,4,0.9400630914826499,HAR_subject
logistic,client_ema,32,47,iid,main,9,0.8715277777777778,HAR_subject
logistic,client_ema,32,47,iid,main,10,0.8163265306122449,HAR_subject
logistic,client_ema,32,47,iid,main,12,0.95625,HAR_subject
logistic,client_ema,32,47,iid,main,13,0.9602446483180428,HAR_subject
logistic,client_ema,32,47,iid,main,18,0.8708791208791209,HAR_subject
logistic,client_ema,32,47,iid,main,20,0.903954802259887,HAR_subject
logistic,client_ema,32,47,iid,main,24,0.952755905511811,HAR_subject
logistic,naive,128,137,iid,main,2,0.9635761589403974,HAR_subject
logistic,naive,128,137,iid,main,4,0.943217665615142,HAR_subject
logistic,naive,128,137,iid,main,9,0.8784722222222222,HAR_subject
logistic,naive,128,137,iid,main,10,0.8299319727891157,HAR_subject
logistic,naive,128,137,iid,main,12,0.959375,HAR_subject
logistic,naive,128,137,iid,main,13,0.9296636085626911,HAR_subject
logistic,naive,128,137,iid,main,18,0.8791208791208791,HAR_subject
logistic,naive,128,137,iid,main,20,0.9011299435028248,HAR_subject
logistic,naive,128,137,iid,main,24,0.9606299212598425,HAR_subject
mlp,fixed_k,128,47,iid,mlp_robustness,2,0.9701986754966887,HAR_subject
mlp,fixed_k,128,47,iid,mlp_robustness,4,0.9400630914826499,HAR_subject
mlp,fixed_k,128,47,iid,mlp_robustness,9,0.8541666666666666,HAR_subject
mlp,fixed_k,128,47,iid,mlp_robustness,10,0.8367346938775511,HAR_subject
mlp,fixed_k,128,47,iid,mlp_robustness,12,0.965625,HAR_subject
mlp,fixed_k,128,47,iid,mlp_robustness,13,0.9663608562691132,HAR_subject
mlp,fixed_k,128,47,iid,mlp_robustness,18,0.8901098901098901,HAR_subject
mlp,fixed_k,128,47,iid,mlp_robustness,20,0.9096045197740112,HAR_subject
mlp,fixed_k,128,47,iid,mlp_robustness,24,0.9763779527559056,HAR_subject
logistic,estimated_conditional,32,11,iid,main,2,0.9536423841059603,HAR_subject
logistic,estimated_conditional,32,11,iid,main,4,0.9652996845425867,HAR_subject
logistic,estimated_conditional,32,11,iid,main,9,0.8506944444444444,HAR_subject
logistic,estimated_conditional,32,11,iid,main,10,0.8129251700680272,HAR_subject
logistic,estimated_conditional,32,11,iid,main,12,0.94375,HAR_subject
logistic,estimated_conditional,32,11,iid,main,13,0.9357798165137615,HAR_subject
logistic,estimated_conditional,32,11,iid,main,18,0.8791208791208791,HAR_subject
logistic,estimated_conditional,32,11,iid,main,20,0.8700564971751412,HAR_subject
logistic,estimated_conditional,32,11,iid,main,24,0.9501312335958005,HAR_subject
logistic,client_ema,128,149,iid,main,2,0.956953642384106,HAR_subject
logistic,client_ema,128,149,iid,main,4,0.9558359621451105,HAR_subject
logistic,client_ema,128,149,iid,main,9,0.8715277777777778,HAR_subject
logistic,client_ema,128,149,iid,main,10,0.8469387755102041,HAR_subject
logistic,client_ema,128,149,iid,main,12,0.953125,HAR_subject
logistic,client_ema,128,149,iid,main,13,0.9663608562691132,HAR_subject
logistic,client_ema,128,149,iid,main,18,0.8901098901098901,HAR_subject
logistic,client_ema,128,149,iid,main,20,0.8926553672316384,HAR_subject
logistic,client_ema,128,149,iid,main,24,0.973753280839895,HAR_subject
logistic,naive,128,67,iid,main,2,0.9801324503311258,HAR_subject
logistic,naive,128,67,iid,main,4,0.9400630914826499,HAR_subject
logistic,naive,128,67,iid,main,9,0.8645833333333334,HAR_subject
logistic,naive,128,67,iid,main,10,0.8469387755102041,HAR_subject
logistic,naive,128,67,iid,main,12,0.940625,HAR_subject
logistic,naive,128,67,iid,main,13,0.9571865443425076,HAR_subject
logistic,naive,128,67,iid,main,18,0.8626373626373627,HAR_subject
logistic,naive,128,67,iid,main,20,0.9209039548022598,HAR_subject
logistic,naive,128,67,iid,main,24,0.9553805774278216,HAR_subject
mlp,conditional,128,47,iid,mlp_robustness,2,0.9370860927152318,HAR_subject
mlp,conditional,128,47,iid,mlp_robustness,4,0.9305993690851735,HAR_subject
mlp,conditional,128,47,iid,mlp_robustness,9,0.8680555555555556,HAR_subject
mlp,conditional,128,47,iid,mlp_robustness,10,0.8401360544217688,HAR_subject
mlp,conditional,128,47,iid,mlp_robustness,12,0.96875,HAR_subject
mlp,conditional,128,47,iid,mlp_robustness,13,0.9694189602446484,HAR_subject
mlp,conditional,128,47,iid,mlp_robustness,18,0.8901098901098901,HAR_subject
mlp,conditional,128,47,iid,mlp_robustness,20,0.8898305084745762,HAR_subject
mlp,conditional,128,47,iid,mlp_robustness,24,0.984251968503937,HAR_subject
logistic,naive,512,59,iid,main,2,0.9735099337748344,HAR_subject
logistic,naive,512,59,iid,main,4,0.9526813880126183,HAR_subject
logistic,naive,512,59,iid,main,9,0.8576388888888888,HAR_subject
logistic,naive,512,59,iid,main,10,0.8571428571428571,HAR_subject
logistic,naive,512,59,iid,main,12,0.959375,HAR_subject
logistic,naive,512,59,iid,main,13,0.9541284403669725,HAR_subject
logistic,naive,512,59,iid,main,18,0.8983516483516484,HAR_subject
logistic,naive,512,59,iid,main,20,0.8898305084745762,HAR_subject
logistic,naive,512,59,iid,main,24,0.9711286089238845,HAR_subject
mlp,fixed_k,128,67,iid,mlp_robustness,2,0.9635761589403974,HAR_subject
mlp,fixed_k,128,67,iid,mlp_robustness,4,0.9558359621451105,HAR_subject
mlp,fixed_k,128,67,iid,mlp_robustness,9,0.8715277777777778,HAR_subject
mlp,fixed_k,128,67,iid,mlp_robustness,10,0.8197278911564626,HAR_subject
mlp,fixed_k,128,67,iid,mlp_robustness,12,0.921875,HAR_subject
mlp,fixed_k,128,67,iid,mlp_robustness,13,0.9296636085626911,HAR_subject
mlp,fixed_k,128,67,iid,mlp_robustness,18,0.8681318681318682,HAR_subject
mlp,fixed_k,128,67,iid,mlp_robustness,20,0.8954802259887006,HAR_subject
mlp,fixed_k,128,67,iid,mlp_robustness,24,0.9343832020997376,HAR_subject
mlp,conditional,128,113,iid,mlp_robustness,2,0.9635761589403974,HAR_subject
mlp,conditional,128,113,iid,mlp_robustness,4,0.9495268138801262,HAR_subject
mlp,conditional,128,113,iid,mlp_robustness,9,0.8819444444444444,HAR_subject
mlp,conditional,128,113,iid,mlp_robustness,10,0.8401360544217688,HAR_subject
mlp,conditional,128,113,iid,mlp_robustness,12,0.915625,HAR_subject
mlp,conditional,128,113,iid,mlp_robustness,13,0.9418960244648318,HAR_subject
mlp,conditional,128,113,iid,mlp_robustness,18,0.8708791208791209,HAR_subject
mlp,conditional,128,113,iid,mlp_robustness,20,0.8983050847457628,HAR_subject
mlp,conditional,128,113,iid,mlp_robustness,24,0.963254593175853,HAR_subject
logistic,naive,512,97,iid,main,2,0.9768211920529801,HAR_subject
logistic,naive,512,97,iid,main,4,0.9495268138801262,HAR_subject
logistic,naive,512,97,iid,main,9,0.875,HAR_subject
logistic,naive,512,97,iid,main,10,0.8673469387755102,HAR_subject
logistic,naive,512,97,iid,main,12,0.953125,HAR_subject
logistic,naive,512,97,iid,main,13,0.9663608562691132,HAR_subject
logistic,naive,512,97,iid,main,18,0.9038461538461539,HAR_subject
logistic,naive,512,97,iid,main,20,0.9067796610169492,HAR_subject
logistic,naive,512,97,iid,main,24,0.9816272965879265,HAR_subject
mlp,fixed_k,128,113,iid,mlp_robustness,2,0.9602649006622517,HAR_subject
mlp,fixed_k,128,113,iid,mlp_robustness,4,0.9558359621451105,HAR_subject
mlp,fixed_k,128,113,iid,mlp_robustness,9,0.875,HAR_subject
mlp,fixed_k,128,113,iid,mlp_robustness,10,0.8129251700680272,HAR_subject
mlp,fixed_k,128,113,iid,mlp_robustness,12,0.909375,HAR_subject
mlp,fixed_k,128,113,iid,mlp_robustness,13,0.9541284403669725,HAR_subject
mlp,fixed_k,128,113,iid,mlp_robustness,18,0.8736263736263736,HAR_subject
mlp,fixed_k,128,113,iid,mlp_robustness,20,0.9067796610169492,HAR_subject
mlp,fixed_k,128,113,iid,mlp_robustness,24,0.9763779527559056,HAR_subject
logistic,naive,128,83,iid,main,2,0.9602649006622517,HAR_subject
logistic,naive,128,83,iid,main,4,0.943217665615142,HAR_subject
logistic,naive,128,83,iid,main,9,0.8715277777777778,HAR_subject
logistic,naive,128,83,iid,main,10,0.8401360544217688,HAR_subject
logistic,naive,128,83,iid,main,12,0.93125,HAR_subject
logistic,naive,128,83,iid,main,13,0.9357798165137615,HAR_subject
logistic,naive,128,83,iid,main,18,0.8763736263736264,HAR_subject
logistic,naive,128,83,iid,main,20,0.9152542372881356,HAR_subject
logistic,naive,128,83,iid,main,24,0.968503937007874,HAR_subject
logistic,estimated_conditional,128,47,iid,main,2,0.9735099337748344,HAR_subject
logistic,estimated_conditional,128,47,iid,main,4,0.9495268138801262,HAR_subject
logistic,estimated_conditional,128,47,iid,main,9,0.8784722222222222,HAR_subject
logistic,estimated_conditional,128,47,iid,main,10,0.826530612244898,HAR_subject
logistic,estimated_conditional,128,47,iid,main,12,0.96875,HAR_subject
logistic,estimated_conditional,128,47,iid,main,13,0.963302752293578,HAR_subject
logistic,estimated_conditional,128,47,iid,main,18,0.9038461538461539,HAR_subject
logistic,estimated_conditional,128,47,iid,main,20,0.9322033898305084,HAR_subject
logistic,estimated_conditional,128,47,iid,main,24,0.9868766404199475,HAR_subject
logistic,client_ema,512,47,iid,main,2,0.9801324503311258,HAR_subject
logistic,client_ema,512,47,iid,main,4,0.9558359621451105,HAR_subject
logistic,client_ema,512,47,iid,main,9,0.8784722222222222,HAR_subject
logistic,client_ema,512,47,iid,main,10,0.8231292517006803,HAR_subject
logistic,client_ema,512,47,iid,main,12,0.971875,HAR_subject
logistic,client_ema,512,47,iid,main,13,0.9724770642201835,HAR_subject
logistic,client_ema,512,47,iid,main,18,0.9258241758241759,HAR_subject
logistic,client_ema,512,47,iid,main,20,0.923728813559322,HAR_subject
logistic,client_ema,512,47,iid,main,24,0.989501312335958,HAR_subject
logistic,fixed_k,128,127,markov,channel_robustness,2,0.9602649006622517,HAR_subject
logistic,fixed_k,128,127,markov,channel_robustness,4,0.9526813880126183,HAR_subject
logistic,fixed_k,128,127,markov,channel_robustness,9,0.8819444444444444,HAR_subject
logistic,fixed_k,128,127,markov,channel_robustness,10,0.8367346938775511,HAR_subject
logistic,fixed_k,128,127,markov,channel_robustness,12,0.95,HAR_subject
logistic,fixed_k,128,127,markov,channel_robustness,13,0.9480122324159022,HAR_subject
logistic,fixed_k,128,127,markov,channel_robustness,18,0.8708791208791209,HAR_subject
logistic,fixed_k,128,127,markov,channel_robustness,20,0.923728813559322,HAR_subject
logistic,fixed_k,128,127,markov,channel_robustness,24,0.9763779527559056,HAR_subject
logistic,fixed_k,128,67,iid,main,2,0.9801324503311258,HAR_subject
logistic,fixed_k,128,67,iid,main,4,0.943217665615142,HAR_subject
logistic,fixed_k,128,67,iid,main,9,0.8645833333333334,HAR_subject
logistic,fixed_k,128,67,iid,main,10,0.8401360544217688,HAR_subject
logistic,fixed_k,128,67,iid,main,12,0.9375,HAR_subject
logistic,fixed_k,128,67,iid,main,13,0.9663608562691132,HAR_subject
logistic,fixed_k,128,67,iid,main,18,0.8791208791208791,HAR_subject
logistic,fixed_k,128,67,iid,main,20,0.9322033898305084,HAR_subject
logistic,fixed_k,128,67,iid,main,24,0.958005249343832,HAR_subject
logistic,fixed_k,128,23,markov,channel_robustness,2,0.9768211920529801,HAR_subject
logistic,fixed_k,128,23,markov,channel_robustness,4,0.9589905362776026,HAR_subject
logistic,fixed_k,128,23,markov,channel_robustness,9,0.8680555555555556,HAR_subject
logistic,fixed_k,128,23,markov,channel_robustness,10,0.8469387755102041,HAR_subject
logistic,fixed_k,128,23,markov,channel_robustness,12,0.953125,HAR_subject
logistic,fixed_k,128,23,markov,channel_robustness,13,0.9480122324159022,HAR_subject
logistic,fixed_k,128,23,markov,channel_robustness,18,0.8983516483516484,HAR_subject
logistic,fixed_k,128,23,markov,channel_robustness,20,0.8757062146892656,HAR_subject
logistic,fixed_k,128,23,markov,channel_robustness,24,0.963254593175853,HAR_subject
logistic,estimated_conditional,128,67,iid,main,2,0.9768211920529801,HAR_subject
logistic,estimated_conditional,128,67,iid,main,4,0.9526813880126183,HAR_subject
logistic,estimated_conditional,128,67,iid,main,9,0.84375,HAR_subject
logistic,estimated_conditional,128,67,iid,main,10,0.8435374149659864,HAR_subject
logistic,estimated_conditional,128,67,iid,main,12,0.94375,HAR_subject
logistic,estimated_conditional,128,67,iid,main,13,0.9663608562691132,HAR_subject
logistic,estimated_conditional,128,67,iid,main,18,0.8708791208791209,HAR_subject
logistic,estimated_conditional,128,67,iid,main,20,0.9350282485875706,HAR_subject
logistic,estimated_conditional,128,67,iid,main,24,0.9763779527559056,HAR_subject
logistic,fixed_k,512,83,iid,main,2,0.9668874172185431,HAR_subject
logistic,fixed_k,512,83,iid,main,4,0.9684542586750788,HAR_subject
logistic,fixed_k,512,83,iid,main,9,0.8611111111111112,HAR_subject
logistic,fixed_k,512,83,iid,main,10,0.8333333333333334,HAR_subject
logistic,fixed_k,512,83,iid,main,12,0.959375,HAR_subject
logistic,fixed_k,512,83,iid,main,13,0.963302752293578,HAR_subject
logistic,fixed_k,512,83,iid,main,18,0.9120879120879121,HAR_subject
logistic,fixed_k,512,83,iid,main,20,0.923728813559322,HAR_subject
logistic,fixed_k,512,83,iid,main,24,0.989501312335958,HAR_subject
logistic,client_ema,128,59,iid,main,2,0.9735099337748344,HAR_subject
logistic,client_ema,128,59,iid,main,4,0.9589905362776026,HAR_subject
logistic,client_ema,128,59,iid,main,9,0.8611111111111112,HAR_subject
logistic,client_ema,128,59,iid,main,10,0.8741496598639455,HAR_subject
logistic,client_ema,128,59,iid,main,12,0.946875,HAR_subject
logistic,client_ema,128,59,iid,main,13,0.9480122324159022,HAR_subject
logistic,client_ema,128,59,iid,main,18,0.8983516483516484,HAR_subject
logistic,client_ema,128,59,iid,main,20,0.8757062146892656,HAR_subject
logistic,client_ema,128,59,iid,main,24,0.973753280839895,HAR_subject
logistic,mean_length,32,137,iid,main,2,0.956953642384106,HAR_subject
logistic,mean_length,32,137,iid,main,4,0.9337539432176656,HAR_subject
logistic,mean_length,32,137,iid,main,9,0.8715277777777778,HAR_subject
logistic,mean_length,32,137,iid,main,10,0.8299319727891157,HAR_subject
logistic,mean_length,32,137,iid,main,12,0.940625,HAR_subject
logistic,mean_length,32,137,iid,main,13,0.9327217125382263,HAR_subject
logistic,mean_length,32,137,iid,main,18,0.8736263736263736,HAR_subject
logistic,mean_length,32,137,iid,main,20,0.9152542372881356,HAR_subject
logistic,mean_length,32,137,iid,main,24,0.9448818897637795,HAR_subject
logistic,fixed_k,512,127,iid,main,2,0.9602649006622517,HAR_subject
logistic,fixed_k,512,127,iid,main,4,0.9684542586750788,HAR_subject
logistic,fixed_k,512,127,iid,main,9,0.8784722222222222,HAR_subject
logistic,fixed_k,512,127,iid,main,10,0.8231292517006803,HAR_subject
logistic,fixed_k,512,127,iid,main,12,0.95,HAR_subject
logistic,fixed_k,512,127,iid,main,13,0.9541284403669725,HAR_subject
logistic,fixed_k,512,127,iid,main,18,0.8901098901098901,HAR_subject
logistic,fixed_k,512,127,iid,main,20,0.9124293785310734,HAR_subject
logistic,fixed_k,512,127,iid,main,24,0.9763779527559056,HAR_subject
logistic,estimated_conditional,128,113,iid,main,2,0.9735099337748344,HAR_subject
logistic,estimated_conditional,128,113,iid,main,4,0.9369085173501577,HAR_subject
logistic,estimated_conditional,128,113,iid,main,9,0.8715277777777778,HAR_subject
logistic,estimated_conditional,128,113,iid,main,10,0.891156462585034,HAR_subject
logistic,estimated_conditional,128,113,iid,main,12,0.946875,HAR_subject
logistic,estimated_conditional,128,113,iid,main,13,0.963302752293578,HAR_subject
logistic,estimated_conditional,128,113,iid,main,18,0.9038461538461539,HAR_subject
logistic,estimated_conditional,128,113,iid,main,20,0.9096045197740112,HAR_subject
logistic,estimated_conditional,128,113,iid,main,24,0.9816272965879265,HAR_subject
mlp,fixed_k,128,149,iid,mlp_robustness,2,0.9503311258278145,HAR_subject
mlp,fixed_k,128,149,iid,mlp_robustness,4,0.943217665615142,HAR_subject
mlp,fixed_k,128,149,iid,mlp_robustness,9,0.8402777777777778,HAR_subject
mlp,fixed_k,128,149,iid,mlp_robustness,10,0.8197278911564626,HAR_subject
mlp,fixed_k,128,149,iid,mlp_robustness,12,0.940625,HAR_subject
mlp,fixed_k,128,149,iid,mlp_robustness,13,0.963302752293578,HAR_subject
mlp,fixed_k,128,149,iid,mlp_robustness,18,0.8873626373626373,HAR_subject
mlp,fixed_k,128,149,iid,mlp_robustness,20,0.9096045197740112,HAR_subject
mlp,fixed_k,128,149,iid,mlp_robustness,24,0.94750656167979,HAR_subject
logistic,estimated_conditional,32,101,iid,main,2,0.9337748344370861,HAR_subject
logistic,estimated_conditional,32,101,iid,main,4,0.9148264984227129,HAR_subject
logistic,estimated_conditional,32,101,iid,main,9,0.875,HAR_subject
logistic,estimated_conditional,32,101,iid,main,10,0.8061224489795918,HAR_subject
logistic,estimated_conditional,32,101,iid,main,12,0.915625,HAR_subject
logistic,estimated_conditional,32,101,iid,main,13,0.9480122324159022,HAR_subject
logistic,estimated_conditional,32,101,iid,main,18,0.8653846153846154,HAR_subject
logistic,estimated_conditional,32,101,iid,main,20,0.9067796610169492,HAR_subject
logistic,estimated_conditional,32,101,iid,main,24,0.9212598425196851,HAR_subject
logistic,conditional,512,59,iid,main,2,0.9801324503311258,HAR_subject
logistic,conditional,512,59,iid,main,4,0.9621451104100947,HAR_subject
logistic,conditional,512,59,iid,main,9,0.8576388888888888,HAR_subject
logistic,conditional,512,59,iid,main,10,0.8367346938775511,HAR_subject
logistic,conditional,512,59,iid,main,12,0.971875,HAR_subject
logistic,conditional,512,59,iid,main,13,0.9602446483180428,HAR_subject
logistic,conditional,512,59,iid,main,18,0.9093406593406593,HAR_subject
logistic,conditional,512,59,iid,main,20,0.884180790960452,HAR_subject
logistic,conditional,512,59,iid,main,24,0.984251968503937,HAR_subject
logistic,conditional,32,137,iid,main,2,0.9635761589403974,HAR_subject
logistic,conditional,32,137,iid,main,4,0.9274447949526814,HAR_subject
logistic,conditional,32,137,iid,main,9,0.8680555555555556,HAR_subject
logistic,conditional,32,137,iid,main,10,0.8231292517006803,HAR_subject
logistic,conditional,32,137,iid,main,12,0.94375,HAR_subject
logistic,conditional,32,137,iid,main,13,0.9357798165137615,HAR_subject
logistic,conditional,32,137,iid,main,18,0.8763736263736264,HAR_subject
logistic,conditional,32,137,iid,main,20,0.9096045197740112,HAR_subject
logistic,conditional,32,137,iid,main,24,0.94750656167979,HAR_subject
logistic,estimated_conditional,512,47,iid,main,2,0.9735099337748344,HAR_subject
logistic,estimated_conditional,512,47,iid,main,4,0.9558359621451105,HAR_subject
logistic,estimated_conditional,512,47,iid,main,9,0.8784722222222222,HAR_subject
logistic,estimated_conditional,512,47,iid,main,10,0.8231292517006803,HAR_subject
logistic,estimated_conditional,512,47,iid,main,12,0.96875,HAR_subject
logistic,estimated_conditional,512,47,iid,main,13,0.9755351681957186,HAR_subject
logistic,estimated_conditional,512,47,iid,main,18,0.9313186813186813,HAR_subject
logistic,estimated_conditional,512,47,iid,main,20,0.9293785310734464,HAR_subject
logistic,estimated_conditional,512,47,iid,main,24,0.9921259842519685,HAR_subject
logistic,estimated_conditional,512,137,iid,main,2,0.9735099337748344,HAR_subject
logistic,estimated_conditional,512,137,iid,main,4,0.9558359621451105,HAR_subject
logistic,estimated_conditional,512,137,iid,main,9,0.8715277777777778,HAR_subject
logistic,estimated_conditional,512,137,iid,main,10,0.8061224489795918,HAR_subject
logistic,estimated_conditional,512,137,iid,main,12,0.95625,HAR_subject
logistic,estimated_conditional,512,137,iid,main,13,0.9663608562691132,HAR_subject
logistic,estimated_conditional,512,137,iid,main,18,0.9065934065934066,HAR_subject
logistic,estimated_conditional,512,137,iid,main,20,0.9293785310734464,HAR_subject
logistic,estimated_conditional,512,137,iid,main,24,0.984251968503937,HAR_subject
logistic,naive,32,137,iid,main,2,0.9470198675496688,HAR_subject
logistic,naive,32,137,iid,main,4,0.917981072555205,HAR_subject
logistic,naive,32,137,iid,main,9,0.8611111111111112,HAR_subject
logistic,naive,32,137,iid,main,10,0.7891156462585034,HAR_subject
logistic,naive,32,137,iid,main,12,0.940625,HAR_subject
logistic,naive,32,137,iid,main,13,0.9143730886850153,HAR_subject
logistic,naive,32,137,iid,main,18,0.8598901098901099,HAR_subject
logistic,naive,32,137,iid,main,20,0.8926553672316384,HAR_subject
logistic,naive,32,137,iid,main,24,0.9343832020997376,HAR_subject
logistic,fixed_k,512,23,iid,main,2,0.9768211920529801,HAR_subject
logistic,fixed_k,512,23,iid,main,4,0.9621451104100947,HAR_subject
logistic,fixed_k,512,23,iid,main,9,0.8784722222222222,HAR_subject
logistic,fixed_k,512,23,iid,main,10,0.8333333333333334,HAR_subject
logistic,fixed_k,512,23,iid,main,12,0.965625,HAR_subject
logistic,fixed_k,512,23,iid,main,13,0.9663608562691132,HAR_subject
logistic,fixed_k,512,23,iid,main,18,0.9203296703296703,HAR_subject
logistic,fixed_k,512,23,iid,main,20,0.8926553672316384,HAR_subject
logistic,fixed_k,512,23,iid,main,24,0.9816272965879265,HAR_subject
logistic,mean_length,512,83,iid,main,2,0.9668874172185431,HAR_subject
logistic,mean_length,512,83,iid,main,4,0.9684542586750788,HAR_subject
logistic,mean_length,512,83,iid,main,9,0.8715277777777778,HAR_subject
logistic,mean_length,512,83,iid,main,10,0.8401360544217688,HAR_subject
logistic,mean_length,512,83,iid,main,12,0.9625,HAR_subject
logistic,mean_length,512,83,iid,main,13,0.963302752293578,HAR_subject
logistic,mean_length,512,83,iid,main,18,0.9120879120879121,HAR_subject
logistic,mean_length,512,83,iid,main,20,0.9293785310734464,HAR_subject
logistic,mean_length,512,83,iid,main,24,0.9868766404199475,HAR_subject
logistic,naive,32,113,iid,main,2,0.9370860927152318,HAR_subject
logistic,naive,32,113,iid,main,4,0.917981072555205,HAR_subject
logistic,naive,32,113,iid,main,9,0.8888888888888888,HAR_subject
logistic,naive,32,113,iid,main,10,0.8333333333333334,HAR_subject
logistic,naive,32,113,iid,main,12,0.90625,HAR_subject
logistic,naive,32,113,iid,main,13,0.9418960244648318,HAR_subject
logistic,naive,32,113,iid,main,18,0.8543956043956044,HAR_subject
logistic,naive,32,113,iid,main,20,0.884180790960452,HAR_subject
logistic,naive,32,113,iid,main,24,0.9448818897637795,HAR_subject
logistic,conditional,128,67,iid,main,2,0.9834437086092715,HAR_subject
logistic,conditional,128,67,iid,main,4,0.9526813880126183,HAR_subject
logistic,conditional,128,67,iid,main,9,0.8472222222222222,HAR_subject
logistic,conditional,128,67,iid,main,10,0.8299319727891157,HAR_subject
logistic,conditional,128,67,iid,main,12,0.95,HAR_subject
logistic,conditional,128,67,iid,main,13,0.963302752293578,HAR_subject
logistic,conditional,128,67,iid,main,18,0.8763736263736264,HAR_subject
logistic,conditional,128,67,iid,main,20,0.9322033898305084,HAR_subject
logistic,conditional,128,67,iid,main,24,0.968503937007874,HAR_subject
mlp,fixed_k,128,59,iid,mlp_robustness,2,0.956953642384106,HAR_subject
mlp,fixed_k,128,59,iid,mlp_robustness,4,0.9242902208201893,HAR_subject
mlp,fixed_k,128,59,iid,mlp_robustness,9,0.8784722222222222,HAR_subject
mlp,fixed_k,128,59,iid,mlp_robustness,10,0.8503401360544217,HAR_subject
mlp,fixed_k,128,59,iid,mlp_robustness,12,0.915625,HAR_subject
mlp,fixed_k,128,59,iid,mlp_robustness,13,0.9480122324159022,HAR_subject
mlp,fixed_k,128,59,iid,mlp_robustness,18,0.8818681318681318,HAR_subject
mlp,fixed_k,128,59,iid,mlp_robustness,20,0.8813559322033898,HAR_subject
mlp,fixed_k,128,59,iid,mlp_robustness,24,0.9501312335958005,HAR_subject
logistic,naive,128,59,iid,main,2,0.9635761589403974,HAR_subject
logistic,naive,128,59,iid,main,4,0.9400630914826499,HAR_subject
logistic,naive,128,59,iid,main,9,0.8506944444444444,HAR_subject
logistic,naive,128,59,iid,main,10,0.8605442176870748,HAR_subject
logistic,naive,128,59,iid,main,12,0.9375,HAR_subject
logistic,naive,128,59,iid,main,13,0.9480122324159022,HAR_subject
logistic,naive,128,59,iid,main,18,0.8846153846153846,HAR_subject
logistic,naive,128,59,iid,main,20,0.867231638418079,HAR_subject
logistic,naive,128,59,iid,main,24,0.9553805774278216,HAR_subject
logistic,conditional,512,83,iid,main,2,0.9668874172185431,HAR_subject
logistic,conditional,512,83,iid,main,4,0.9684542586750788,HAR_subject
logistic,conditional,512,83,iid,main,9,0.8715277777777778,HAR_subject
logistic,conditional,512,83,iid,main,10,0.8367346938775511,HAR_subject
logistic,conditional,512,83,iid,main,12,0.9625,HAR_subject
logistic,conditional,512,83,iid,main,13,0.9663608562691132,HAR_subject
logistic,conditional,512,83,iid,main,18,0.9120879120879121,HAR_subject
logistic,conditional,512,83,iid,main,20,0.9293785310734464,HAR_subject
logistic,conditional,512,83,iid,main,24,0.9868766404199475,HAR_subject
logistic,mean_length,512,59,iid,main,2,0.9801324503311258,HAR_subject
logistic,mean_length,512,59,iid,main,4,0.9652996845425867,HAR_subject
logistic,mean_length,512,59,iid,main,9,0.8611111111111112,HAR_subject
logistic,mean_length,512,59,iid,main,10,0.8435374149659864,HAR_subject
logistic,mean_length,512,59,iid,main,12,0.971875,HAR_subject
logistic,mean_length,512,59,iid,main,13,0.9602446483180428,HAR_subject
logistic,mean_length,512,59,iid,main,18,0.9093406593406593,HAR_subject
logistic,mean_length,512,59,iid,main,20,0.8870056497175142,HAR_subject
logistic,mean_length,512,59,iid,main,24,0.984251968503937,HAR_subject
mlp,conditional,128,67,iid,mlp_robustness,2,0.9668874172185431,HAR_subject
mlp,conditional,128,67,iid,mlp_robustness,4,0.9558359621451105,HAR_subject
mlp,conditional,128,67,iid,mlp_robustness,9,0.8576388888888888,HAR_subject
mlp,conditional,128,67,iid,mlp_robustness,10,0.8333333333333334,HAR_subject
mlp,conditional,128,67,iid,mlp_robustness,12,0.940625,HAR_subject
mlp,conditional,128,67,iid,mlp_robustness,13,0.9357798165137615,HAR_subject
mlp,conditional,128,67,iid,mlp_robustness,18,0.8653846153846154,HAR_subject
mlp,conditional,128,67,iid,mlp_robustness,20,0.8898305084745762,HAR_subject
mlp,conditional,128,67,iid,mlp_robustness,24,0.937007874015748,HAR_subject
logistic,client_ema,512,149,iid,main,2,0.9701986754966887,HAR_subject
logistic,client_ema,512,149,iid,main,4,0.9589905362776026,HAR_subject
logistic,client_ema,512,149,iid,main,9,0.8784722222222222,HAR_subject
logistic,client_ema,512,149,iid,main,10,0.8435374149659864,HAR_subject
logistic,client_ema,512,149,iid,main,12,0.953125,HAR_subject
logistic,client_ema,512,149,iid,main,13,0.9694189602446484,HAR_subject
logistic,client_ema,512,149,iid,main,18,0.9148351648351648,HAR_subject
logistic,client_ema,512,149,iid,main,20,0.9152542372881356,HAR_subject
logistic,client_ema,512,149,iid,main,24,0.9763779527559056,HAR_subject
logistic,fixed_k,32,97,iid,main,2,0.9470198675496688,HAR_subject
logistic,fixed_k,32,97,iid,main,4,0.943217665615142,HAR_subject
logistic,fixed_k,32,97,iid,main,9,0.8715277777777778,HAR_subject
logistic,fixed_k,32,97,iid,main,10,0.8673469387755102,HAR_subject
logistic,fixed_k,32,97,iid,main,12,0.934375,HAR_subject
logistic,fixed_k,32,97,iid,main,13,0.9663608562691132,HAR_subject
logistic,fixed_k,32,97,iid,main,18,0.8626373626373627,HAR_subject
logistic,fixed_k,32,97,iid,main,20,0.8870056497175142,HAR_subject
logistic,fixed_k,32,97,iid,main,24,0.958005249343832,HAR_subject
logistic,mean_length,32,83,iid,main,2,0.9602649006622517,HAR_subject
logistic,mean_length,32,83,iid,main,4,0.9463722397476341,HAR_subject
logistic,mean_length,32,83,iid,main,9,0.8611111111111112,HAR_subject
logistic,mean_length,32,83,iid,main,10,0.8231292517006803,HAR_subject
logistic,mean_length,32,83,iid,main,12,0.93125,HAR_subject
logistic,mean_length,32,83,iid,main,13,0.9388379204892966,HAR_subject
logistic,mean_length,32,83,iid,main,18,0.8653846153846154,HAR_subject
logistic,mean_length,32,83,iid,main,20,0.9011299435028248,HAR_subject
logistic,mean_length,32,83,iid,main,24,0.9553805774278216,HAR_subject
logistic,naive,128,127,iid,main,2,0.9536423841059603,HAR_subject
logistic,naive,128,127,iid,main,4,0.9463722397476341,HAR_subject
logistic,naive,128,127,iid,main,9,0.8645833333333334,HAR_subject
logistic,naive,128,127,iid,main,10,0.8537414965986394,HAR_subject
logistic,naive,128,127,iid,main,12,0.940625,HAR_subject
logistic,naive,128,127,iid,main,13,0.9357798165137615,HAR_subject
logistic,naive,128,127,iid,main,18,0.8543956043956044,HAR_subject
logistic,naive,128,127,iid,main,20,0.8954802259887006,HAR_subject
logistic,naive,128,127,iid,main,24,0.9606299212598425,HAR_subject
logistic,fixed_k,32,59,iid,main,2,0.9403973509933775,HAR_subject
logistic,fixed_k,32,59,iid,main,4,0.9337539432176656,HAR_subject
logistic,fixed_k,32,59,iid,main,9,0.8506944444444444,HAR_subject
logistic,fixed_k,32,59,iid,main,10,0.8775510204081632,HAR_subject
logistic,fixed_k,32,59,iid,main,12,0.934375,HAR_subject
logistic,fixed_k,32,59,iid,main,13,0.9388379204892966,HAR_subject
logistic,fixed_k,32,59,iid,main,18,0.8708791208791209,HAR_subject
logistic,fixed_k,32,59,iid,main,20,0.867231638418079,HAR_subject
logistic,fixed_k,32,59,iid,main,24,0.9448818897637795,HAR_subject
logistic,estimated_conditional,128,149,iid,main,2,0.956953642384106,HAR_subject
logistic,estimated_conditional,128,149,iid,main,4,0.9526813880126183,HAR_subject
logistic,estimated_conditional,128,149,iid,main,9,0.8680555555555556,HAR_subject
logistic,estimated_conditional,128,149,iid,main,10,0.8435374149659864,HAR_subject
logistic,estimated_conditional,128,149,iid,main,12,0.95,HAR_subject
logistic,estimated_conditional,128,149,iid,main,13,0.963302752293578,HAR_subject
logistic,estimated_conditional,128,149,iid,main,18,0.9010989010989011,HAR_subject
logistic,estimated_conditional,128,149,iid,main,20,0.8983050847457628,HAR_subject
logistic,estimated_conditional,128,149,iid,main,24,0.973753280839895,HAR_subject
logistic,naive,512,83,iid,main,2,0.9668874172185431,HAR_subject
logistic,naive,512,83,iid,main,4,0.9652996845425867,HAR_subject
logistic,naive,512,83,iid,main,9,0.8784722222222222,HAR_subject
logistic,naive,512,83,iid,main,10,0.8503401360544217,HAR_subject
logistic,naive,512,83,iid,main,12,0.946875,HAR_subject
logistic,naive,512,83,iid,main,13,0.9510703363914373,HAR_subject
logistic,naive,512,83,iid,main,18,0.8956043956043956,HAR_subject
logistic,naive,512,83,iid,main,20,0.923728813559322,HAR_subject
logistic,naive,512,83,iid,main,24,0.984251968503937,HAR_subject
logistic,fixed_k,512,97,iid,main,2,0.9801324503311258,HAR_subject
logistic,fixed_k,512,97,iid,main,4,0.9526813880126183,HAR_subject
logistic,fixed_k,512,97,iid,main,9,0.8611111111111112,HAR_subject
logistic,fixed_k,512,97,iid,main,10,0.8605442176870748,HAR_subject
logistic,fixed_k,512,97,iid,main,12,0.965625,HAR_subject
logistic,fixed_k,512,97,iid,main,13,0.9755351681957186,HAR_subject
logistic,fixed_k,512,97,iid,main,18,0.9230769230769231,HAR_subject
logistic,fixed_k,512,97,iid,main,20,0.9096045197740112,HAR_subject
logistic,fixed_k,512,97,iid,main,24,0.989501312335958,HAR_subject
logistic,client_ema,32,59,iid,main,2,0.956953642384106,HAR_subject
logistic,client_ema,32,59,iid,main,4,0.9400630914826499,HAR_subject
logistic,client_ema,32,59,iid,main,9,0.8541666666666666,HAR_subject
logistic,client_ema,32,59,iid,main,10,0.8401360544217688,HAR_subject
logistic,client_ema,32,59,iid,main,12,0.928125,HAR_subject
logistic,client_ema,32,59,iid,main,13,0.944954128440367,HAR_subject
logistic,client_ema,32,59,iid,main,18,0.8736263736263736,HAR_subject
logistic,client_ema,32,59,iid,main,20,0.8615819209039548,HAR_subject
logistic,client_ema,32,59,iid,main,24,0.9501312335958005,HAR_subject
logistic,mean_length,32,47,iid,main,2,0.9635761589403974,HAR_subject
logistic,mean_length,32,47,iid,main,4,0.9337539432176656,HAR_subject
logistic,mean_length,32,47,iid,main,9,0.8715277777777778,HAR_subject
logistic,mean_length,32,47,iid,main,10,0.8129251700680272,HAR_subject
logistic,mean_length,32,47,iid,main,12,0.95625,HAR_subject
logistic,mean_length,32,47,iid,main,13,0.9602446483180428,HAR_subject
logistic,mean_length,32,47,iid,main,18,0.8736263736263736,HAR_subject
logistic,mean_length,32,47,iid,main,20,0.9124293785310734,HAR_subject
logistic,mean_length,32,47,iid,main,24,0.9501312335958005,HAR_subject
logistic,client_ema,512,127,iid,main,2,0.956953642384106,HAR_subject
logistic,client_ema,512,127,iid,main,4,0.9747634069400631,HAR_subject
logistic,client_ema,512,127,iid,main,9,0.875,HAR_subject
logistic,client_ema,512,127,iid,main,10,0.8129251700680272,HAR_subject
logistic,client_ema,512,127,iid,main,12,0.946875,HAR_subject
logistic,client_ema,512,127,iid,main,13,0.9602446483180428,HAR_subject
logistic,client_ema,512,127,iid,main,18,0.8873626373626373,HAR_subject
logistic,client_ema,512,127,iid,main,20,0.9209039548022598,HAR_subject
logistic,client_ema,512,127,iid,main,24,0.9763779527559056,HAR_subject
logistic,conditional,32,97,iid,main,2,0.9437086092715232,HAR_subject
logistic,conditional,32,97,iid,main,4,0.9400630914826499,HAR_subject
logistic,conditional,32,97,iid,main,9,0.8680555555555556,HAR_subject
logistic,conditional,32,97,iid,main,10,0.8537414965986394,HAR_subject
logistic,conditional,32,97,iid,main,12,0.934375,HAR_subject
logistic,conditional,32,97,iid,main,13,0.963302752293578,HAR_subject
logistic,conditional,32,97,iid,main,18,0.8928571428571429,HAR_subject
logistic,conditional,32,97,iid,main,20,0.864406779661017,HAR_subject
logistic,conditional,32,97,iid,main,24,0.958005249343832,HAR_subject
logistic,fixed_k,128,97,markov,channel_robustness,2,0.9834437086092715,HAR_subject
logistic,fixed_k,128,97,markov,channel_robustness,4,0.9526813880126183,HAR_subject
logistic,fixed_k,128,97,markov,channel_robustness,9,0.8784722222222222,HAR_subject
logistic,fixed_k,128,97,markov,channel_robustness,10,0.8843537414965986,HAR_subject
logistic,fixed_k,128,97,markov,channel_robustness,12,0.9625,HAR_subject
logistic,fixed_k,128,97,markov,channel_robustness,13,0.9663608562691132,HAR_subject
logistic,fixed_k,128,97,markov,channel_robustness,18,0.8983516483516484,HAR_subject
logistic,fixed_k,128,97,markov,channel_robustness,20,0.9124293785310734,HAR_subject
logistic,fixed_k,128,97,markov,channel_robustness,24,0.979002624671916,HAR_subject
logistic,fixed_k,128,113,iid,main,2,0.9735099337748344,HAR_subject
logistic,fixed_k,128,113,iid,main,4,0.9463722397476341,HAR_subject
logistic,fixed_k,128,113,iid,main,9,0.8645833333333334,HAR_subject
logistic,fixed_k,128,113,iid,main,10,0.8571428571428571,HAR_subject
logistic,fixed_k,128,113,iid,main,12,0.946875,HAR_subject
logistic,fixed_k,128,113,iid,main,13,0.9541284403669725,HAR_subject
logistic,fixed_k,128,113,iid,main,18,0.9175824175824175,HAR_subject
logistic,fixed_k,128,113,iid,main,20,0.9124293785310734,HAR_subject
logistic,fixed_k,128,113,iid,main,24,0.979002624671916,HAR_subject
logistic,mean_length,32,67,iid,main,2,0.9768211920529801,HAR_subject
logistic,mean_length,32,67,iid,main,4,0.9242902208201893,HAR_subject
logistic,mean_length,32,67,iid,main,9,0.8645833333333334,HAR_subject
logistic,mean_length,32,67,iid,main,10,0.8605442176870748,HAR_subject
logistic,mean_length,32,67,iid,main,12,0.934375,HAR_subject
logistic,mean_length,32,67,iid,main,13,0.9571865443425076,HAR_subject
logistic,mean_length,32,67,iid,main,18,0.8626373626373627,HAR_subject
logistic,mean_length,32,67,iid,main,20,0.9124293785310734,HAR_subject
logistic,mean_length,32,67,iid,main,24,0.958005249343832,HAR_subject
logistic,client_ema,32,137,iid,main,2,0.956953642384106,HAR_subject
logistic,client_ema,32,137,iid,main,4,0.9337539432176656,HAR_subject
logistic,client_ema,32,137,iid,main,9,0.8715277777777778,HAR_subject
logistic,client_ema,32,137,iid,main,10,0.8129251700680272,HAR_subject
logistic,client_ema,32,137,iid,main,12,0.946875,HAR_subject
logistic,client_ema,32,137,iid,main,13,0.926605504587156,HAR_subject
logistic,client_ema,32,137,iid,main,18,0.8736263736263736,HAR_subject
logistic,client_ema,32,137,iid,main,20,0.9124293785310734,HAR_subject
logistic,client_ema,32,137,iid,main,24,0.9396325459317585,HAR_subject
mlp,conditional,128,127,iid,mlp_robustness,2,0.9470198675496688,HAR_subject
mlp,conditional,128,127,iid,mlp_robustness,4,0.943217665615142,HAR_subject
mlp,conditional,128,127,iid,mlp_robustness,9,0.875,HAR_subject
mlp,conditional,128,127,iid,mlp_robustness,10,0.8367346938775511,HAR_subject
mlp,conditional,128,127,iid,mlp_robustness,12,0.903125,HAR_subject
mlp,conditional,128,127,iid,mlp_robustness,13,0.9724770642201835,HAR_subject
mlp,conditional,128,127,iid,mlp_robustness,18,0.8983516483516484,HAR_subject
mlp,conditional,128,127,iid,mlp_robustness,20,0.8502824858757062,HAR_subject
mlp,conditional,128,127,iid,mlp_robustness,24,0.9711286089238845,HAR_subject
logistic,estimated_conditional,32,23,iid,main,2,0.9668874172185431,HAR_subject
logistic,estimated_conditional,32,23,iid,main,4,0.9495268138801262,HAR_subject
logistic,estimated_conditional,32,23,iid,main,9,0.8715277777777778,HAR_subject
logistic,estimated_conditional,32,23,iid,main,10,0.826530612244898,HAR_subject
logistic,estimated_conditional,32,23,iid,main,12,0.93125,HAR_subject
logistic,estimated_conditional,32,23,iid,main,13,0.9388379204892966,HAR_subject
logistic,estimated_conditional,32,23,iid,main,18,0.8983516483516484,HAR_subject
logistic,estimated_conditional,32,23,iid,main,20,0.867231638418079,HAR_subject
logistic,estimated_conditional,32,23,iid,main,24,0.9448818897637795,HAR_subject
logistic,mean_length,512,47,iid,main,2,0.9768211920529801,HAR_subject
logistic,mean_length,512,47,iid,main,4,0.9526813880126183,HAR_subject
logistic,mean_length,512,47,iid,main,9,0.8784722222222222,HAR_subject
logistic,mean_length,512,47,iid,main,10,0.8163265306122449,HAR_subject
logistic,mean_length,512,47,iid,main,12,0.971875,HAR_subject
logistic,mean_length,512,47,iid,main,13,0.9724770642201835,HAR_subject
logistic,mean_length,512,47,iid,main,18,0.9285714285714286,HAR_subject
logistic,mean_length,512,47,iid,main,20,0.9322033898305084,HAR_subject
logistic,mean_length,512,47,iid,main,24,0.989501312335958,HAR_subject
logistic,mean_length,128,101,iid,main,2,0.9503311258278145,HAR_subject
logistic,mean_length,128,101,iid,main,4,0.943217665615142,HAR_subject
logistic,mean_length,128,101,iid,main,9,0.8680555555555556,HAR_subject
logistic,mean_length,128,101,iid,main,10,0.826530612244898,HAR_subject
logistic,mean_length,128,101,iid,main,12,0.934375,HAR_subject
logistic,mean_length,128,101,iid,main,13,0.963302752293578,HAR_subject
logistic,mean_length,128,101,iid,main,18,0.8956043956043956,HAR_subject
logistic,mean_length,128,101,iid,main,20,0.9067796610169492,HAR_subject
logistic,mean_length,128,101,iid,main,24,0.973753280839895,HAR_subject
logistic,client_ema,512,11,iid,main,2,0.9635761589403974,HAR_subject
logistic,client_ema,512,11,iid,main,4,0.9779179810725552,HAR_subject
logistic,client_ema,512,11,iid,main,9,0.8645833333333334,HAR_subject
logistic,client_ema,512,11,iid,main,10,0.8231292517006803,HAR_subject
logistic,client_ema,512,11,iid,main,12,0.95,HAR_subject
logistic,client_ema,512,11,iid,main,13,0.9602446483180428,HAR_subject
logistic,client_ema,512,11,iid,main,18,0.9093406593406593,HAR_subject
logistic,client_ema,512,11,iid,main,20,0.8954802259887006,HAR_subject
logistic,client_ema,512,11,iid,main,24,0.9711286089238845,HAR_subject
logistic,fixed_k,128,113,markov,channel_robustness,2,0.9701986754966887,HAR_subject
logistic,fixed_k,128,113,markov,channel_robustness,4,0.9495268138801262,HAR_subject
logistic,fixed_k,128,113,markov,channel_robustness,9,0.875,HAR_subject
logistic,fixed_k,128,113,markov,channel_robustness,10,0.8435374149659864,HAR_subject
logistic,fixed_k,128,113,markov,channel_robustness,12,0.934375,HAR_subject
logistic,fixed_k,128,113,markov,channel_robustness,13,0.9602446483180428,HAR_subject
logistic,fixed_k,128,113,markov,channel_robustness,18,0.9120879120879121,HAR_subject
logistic,fixed_k,128,113,markov,channel_robustness,20,0.903954802259887,HAR_subject
logistic,fixed_k,128,113,markov,channel_robustness,24,0.979002624671916,HAR_subject
logistic,naive,32,11,iid,main,2,0.9370860927152318,HAR_subject
logistic,naive,32,11,iid,main,4,0.9558359621451105,HAR_subject
logistic,naive,32,11,iid,main,9,0.8402777777777778,HAR_subject
logistic,naive,32,11,iid,main,10,0.7789115646258503,HAR_subject
logistic,naive,32,11,iid,main,12,0.9125,HAR_subject
logistic,naive,32,11,iid,main,13,0.9388379204892966,HAR_subject
logistic,naive,32,11,iid,main,18,0.8598901098901099,HAR_subject
logistic,naive,32,11,iid,main,20,0.8531073446327684,HAR_subject
logistic,naive,32,11,iid,main,24,0.9396325459317585,HAR_subject
logistic,conditional,128,113,iid,main,2,0.9735099337748344,HAR_subject
logistic,conditional,128,113,iid,main,4,0.9400630914826499,HAR_subject
logistic,conditional,128,113,iid,main,9,0.8680555555555556,HAR_subject
logistic,conditional,128,113,iid,main,10,0.891156462585034,HAR_subject
logistic,conditional,128,113,iid,main,12,0.94375,HAR_subject
logistic,conditional,128,113,iid,main,13,0.963302752293578,HAR_subject
logistic,conditional,128,113,iid,main,18,0.9038461538461539,HAR_subject
logistic,conditional,128,113,iid,main,20,0.923728813559322,HAR_subject
logistic,conditional,128,113,iid,main,24,0.979002624671916,HAR_subject
logistic,conditional,128,137,iid,main,2,0.9668874172185431,HAR_subject
logistic,conditional,128,137,iid,main,4,0.9589905362776026,HAR_subject
logistic,conditional,128,137,iid,main,9,0.8854166666666666,HAR_subject
logistic,conditional,128,137,iid,main,10,0.8333333333333334,HAR_subject
logistic,conditional,128,137,iid,main,12,0.95625,HAR_subject
logistic,conditional,128,137,iid,main,13,0.9510703363914373,HAR_subject
logistic,conditional,128,137,iid,main,18,0.8956043956043956,HAR_subject
logistic,conditional,128,137,iid,main,20,0.9209039548022598,HAR_subject
logistic,conditional,128,137,iid,main,24,0.9658792650918635,HAR_subject
logistic,mean_length,512,97,iid,main,2,0.9801324503311258,HAR_subject
logistic,mean_length,512,97,iid,main,4,0.9558359621451105,HAR_subject
logistic,mean_length,512,97,iid,main,9,0.8680555555555556,HAR_subject
logistic,mean_length,512,97,iid,main,10,0.8571428571428571,HAR_subject
logistic,mean_length,512,97,iid,main,12,0.965625,HAR_subject
logistic,mean_length,512,97,iid,main,13,0.9724770642201835,HAR_subject
logistic,mean_length,512,97,iid,main,18,0.9258241758241759,HAR_subject
logistic,mean_length,512,97,iid,main,20,0.9096045197740112,HAR_subject
logistic,mean_length,512,97,iid,main,24,0.9868766404199475,HAR_subject
logistic,naive,512,47,iid,main,2,0.9701986754966887,HAR_subject
logistic,naive,512,47,iid,main,4,0.9526813880126183,HAR_subject
logistic,naive,512,47,iid,main,9,0.8819444444444444,HAR_subject
logistic,naive,512,47,iid,main,10,0.8435374149659864,HAR_subject
logistic,naive,512,47,iid,main,12,0.96875,HAR_subject
logistic,naive,512,47,iid,main,13,0.9602446483180428,HAR_subject
logistic,naive,512,47,iid,main,18,0.8956043956043956,HAR_subject
logistic,naive,512,47,iid,main,20,0.9293785310734464,HAR_subject
logistic,naive,512,47,iid,main,24,0.9816272965879265,HAR_subject
logistic,estimated_conditional,128,59,iid,main,2,0.9768211920529801,HAR_subject
logistic,estimated_conditional,128,59,iid,main,4,0.9558359621451105,HAR_subject
logistic,estimated_conditional,128,59,iid,main,9,0.8576388888888888,HAR_subject
logistic,estimated_conditional,128,59,iid,main,10,0.8435374149659864,HAR_subject
logistic,estimated_conditional,128,59,iid,main,12,0.953125,HAR_subject
logistic,estimated_conditional,128,59,iid,main,13,0.9571865443425076,HAR_subject
logistic,estimated_conditional,128,59,iid,main,18,0.9120879120879121,HAR_subject
logistic,estimated_conditional,128,59,iid,main,20,0.9152542372881356,HAR_subject
logistic,estimated_conditional,128,59,iid,main,24,0.958005249343832,HAR_subject
logistic,client_ema,512,113,iid,main,2,0.9768211920529801,HAR_subject
logistic,client_ema,512,113,iid,main,4,0.9558359621451105,HAR_subject
logistic,client_ema,512,113,iid,main,9,0.8680555555555556,HAR_subject
logistic,client_ema,512,113,iid,main,10,0.8367346938775511,HAR_subject
logistic,client_ema,512,113,iid,main,12,0.940625,HAR_subject
logistic,client_ema,512,113,iid,main,13,0.9724770642201835,HAR_subject
logistic,client_ema,512,113,iid,main,18,0.9230769230769231,HAR_subject
logistic,client_ema,512,113,iid,main,20,0.9124293785310734,HAR_subject
logistic,client_ema,512,113,iid,main,24,0.9816272965879265,HAR_subject
logistic,conditional,512,149,iid,main,2,0.9701986754966887,HAR_subject
logistic,conditional,512,149,iid,main,4,0.9558359621451105,HAR_subject
logistic,conditional,512,149,iid,main,9,0.875,HAR_subject
logistic,conditional,512,149,iid,main,10,0.8503401360544217,HAR_subject
logistic,conditional,512,149,iid,main,12,0.95,HAR_subject
logistic,conditional,512,149,iid,main,13,0.9724770642201835,HAR_subject
logistic,conditional,512,149,iid,main,18,0.9093406593406593,HAR_subject
logistic,conditional,512,149,iid,main,20,0.9124293785310734,HAR_subject
logistic,conditional,512,149,iid,main,24,0.979002624671916,HAR_subject
logistic,client_ema,32,101,iid,main,2,0.9205298013245033,HAR_subject
logistic,client_ema,32,101,iid,main,4,0.9211356466876972,HAR_subject
logistic,client_ema,32,101,iid,main,9,0.8576388888888888,HAR_subject
logistic,client_ema,32,101,iid,main,10,0.8333333333333334,HAR_subject
logistic,client_ema,32,101,iid,main,12,0.89375,HAR_subject
logistic,client_ema,32,101,iid,main,13,0.9602446483180428,HAR_subject
logistic,client_ema,32,101,iid,main,18,0.8681318681318682,HAR_subject
logistic,client_ema,32,101,iid,main,20,0.867231638418079,HAR_subject
logistic,client_ema,32,101,iid,main,24,0.9422572178477691,HAR_subject
logistic,conditional,128,137,markov,channel_robustness,2,0.9701986754966887,HAR_subject
logistic,conditional,128,137,markov,channel_robustness,4,0.9526813880126183,HAR_subject
logistic,conditional,128,137,markov,channel_robustness,9,0.8888888888888888,HAR_subject
logistic,conditional,128,137,markov,channel_robustness,10,0.8367346938775511,HAR_subject
logistic,conditional,128,137,markov,channel_robustness,12,0.95625,HAR_subject
logistic,conditional,128,137,markov,channel_robustness,13,0.9571865443425076,HAR_subject
logistic,conditional,128,137,markov,channel_robustness,18,0.9010989010989011,HAR_subject
logistic,conditional,128,137,markov,channel_robustness,20,0.9293785310734464,HAR_subject
logistic,conditional,128,137,markov,channel_robustness,24,0.9658792650918635,HAR_subject
logistic,mean_length,32,127,iid,main,2,0.9503311258278145,HAR_subject
logistic,mean_length,32,127,iid,main,4,0.9369085173501577,HAR_subject
logistic,mean_length,32,127,iid,main,9,0.8645833333333334,HAR_subject
logistic,mean_length,32,127,iid,main,10,0.8435374149659864,HAR_subject
logistic,mean_length,32,127,iid,main,12,0.934375,HAR_subject
logistic,mean_length,32,127,iid,main,13,0.9327217125382263,HAR_subject
logistic,mean_length,32,127,iid,main,18,0.8571428571428571,HAR_subject
logistic,mean_length,32,127,iid,main,20,0.903954802259887,HAR_subject
logistic,mean_length,32,127,iid,main,24,0.9422572178477691,HAR_subject
logistic,conditional,128,101,iid,main,2,0.9503311258278145,HAR_subject
logistic,conditional,128,101,iid,main,4,0.9400630914826499,HAR_subject
logistic,conditional,128,101,iid,main,9,0.8680555555555556,HAR_subject
logistic,conditional,128,101,iid,main,10,0.826530612244898,HAR_subject
logistic,conditional,128,101,iid,main,12,0.93125,HAR_subject
logistic,conditional,128,101,iid,main,13,0.963302752293578,HAR_subject
logistic,conditional,128,101,iid,main,18,0.8928571428571429,HAR_subject
logistic,conditional,128,101,iid,main,20,0.903954802259887,HAR_subject
logistic,conditional,128,101,iid,main,24,0.973753280839895,HAR_subject
mlp,fixed_k,128,11,iid,mlp_robustness,2,0.9635761589403974,HAR_subject
mlp,fixed_k,128,11,iid,mlp_robustness,4,0.9274447949526814,HAR_subject
mlp,fixed_k,128,11,iid,mlp_robustness,9,0.8715277777777778,HAR_subject
mlp,fixed_k,128,11,iid,mlp_robustness,10,0.891156462585034,HAR_subject
mlp,fixed_k,128,11,iid,mlp_robustness,12,0.896875,HAR_subject
mlp,fixed_k,128,11,iid,mlp_robustness,13,0.963302752293578,HAR_subject
mlp,fixed_k,128,11,iid,mlp_robustness,18,0.8626373626373627,HAR_subject
mlp,fixed_k,128,11,iid,mlp_robustness,20,0.8813559322033898,HAR_subject
mlp,fixed_k,128,11,iid,mlp_robustness,24,0.9711286089238845,HAR_subject
logistic,conditional,128,127,iid,main,2,0.956953642384106,HAR_subject
logistic,conditional,128,127,iid,main,4,0.9621451104100947,HAR_subject
logistic,conditional,128,127,iid,main,9,0.8784722222222222,HAR_subject
logistic,conditional,128,127,iid,main,10,0.8469387755102041,HAR_subject
logistic,conditional,128,127,iid,main,12,0.946875,HAR_subject
logistic,conditional,128,127,iid,main,13,0.9480122324159022,HAR_subject
logistic,conditional,128,127,iid,main,18,0.8681318681318682,HAR_subject
logistic,conditional,128,127,iid,main,20,0.9152542372881356,HAR_subject
logistic,conditional,128,127,iid,main,24,0.973753280839895,HAR_subject
logistic,estimated_conditional,128,97,iid,main,2,0.9701986754966887,HAR_subject
logistic,estimated_conditional,128,97,iid,main,4,0.9558359621451105,HAR_subject
logistic,estimated_conditional,128,97,iid,main,9,0.8715277777777778,HAR_subject
logistic,estimated_conditional,128,97,iid,main,10,0.8843537414965986,HAR_subject
logistic,estimated_conditional,128,97,iid,main,12,0.953125,HAR_subject
logistic,estimated_conditional,128,97,iid,main,13,0.9724770642201835,HAR_subject
logistic,estimated_conditional,128,97,iid,main,18,0.9065934065934066,HAR_subject
logistic,estimated_conditional,128,97,iid,main,20,0.9011299435028248,HAR_subject
logistic,estimated_conditional,128,97,iid,main,24,0.979002624671916,HAR_subject
logistic,naive,512,113,iid,main,2,0.9735099337748344,HAR_subject
logistic,naive,512,113,iid,main,4,0.9495268138801262,HAR_subject
logistic,naive,512,113,iid,main,9,0.8680555555555556,HAR_subject
logistic,naive,512,113,iid,main,10,0.8673469387755102,HAR_subject
logistic,naive,512,113,iid,main,12,0.940625,HAR_subject
logistic,naive,512,113,iid,main,13,0.963302752293578,HAR_subject
logistic,naive,512,113,iid,main,18,0.9175824175824175,HAR_subject
logistic,naive,512,113,iid,main,20,0.9011299435028248,HAR_subject
logistic,naive,512,113,iid,main,24,0.973753280839895,HAR_subject
logistic,conditional,512,101,iid,main,2,0.9635761589403974,HAR_subject
logistic,conditional,512,101,iid,main,4,0.9558359621451105,HAR_subject
logistic,conditional,512,101,iid,main,9,0.875,HAR_subject
logistic,conditional,512,101,iid,main,10,0.8197278911564626,HAR_subject
logistic,conditional,512,101,iid,main,12,0.953125,HAR_subject
logistic,conditional,512,101,iid,main,13,0.9785932721712538,HAR_subject
logistic,conditional,512,101,iid,main,18,0.9120879120879121,HAR_subject
logistic,conditional,512,101,iid,main,20,0.9322033898305084,HAR_subject
logistic,conditional,512,101,iid,main,24,0.979002624671916,HAR_subject
logistic,naive,32,149,iid,main,2,0.9072847682119205,HAR_subject
logistic,naive,32,149,iid,main,4,0.917981072555205,HAR_subject
logistic,naive,32,149,iid,main,9,0.8541666666666666,HAR_subject
logistic,naive,32,149,iid,main,10,0.8571428571428571,HAR_subject
logistic,naive,32,149,iid,main,12,0.9125,HAR_subject
logistic,naive,32,149,iid,main,13,0.9357798165137615,HAR_subject
logistic,naive,32,149,iid,main,18,0.8461538461538461,HAR_subject
logistic,naive,32,149,iid,main,20,0.8531073446327684,HAR_subject
logistic,naive,32,149,iid,main,24,0.9291338582677166,HAR_subject
logistic,naive,512,127,iid,main,2,0.956953642384106,HAR_subject
logistic,naive,512,127,iid,main,4,0.9652996845425867,HAR_subject
logistic,naive,512,127,iid,main,9,0.8819444444444444,HAR_subject
logistic,naive,512,127,iid,main,10,0.826530612244898,HAR_subject
logistic,naive,512,127,iid,main,12,0.95625,HAR_subject
logistic,naive,512,127,iid,main,13,0.9510703363914373,HAR_subject
logistic,naive,512,127,iid,main,18,0.8736263736263736,HAR_subject
logistic,naive,512,127,iid,main,20,0.903954802259887,HAR_subject
logistic,naive,512,127,iid,main,24,0.968503937007874,HAR_subject
logistic,mean_length,128,59,iid,main,2,0.9735099337748344,HAR_subject
logistic,mean_length,128,59,iid,main,4,0.9558359621451105,HAR_subject
logistic,mean_length,128,59,iid,main,9,0.8680555555555556,HAR_subject
logistic,mean_length,128,59,iid,main,10,0.8707482993197279,HAR_subject
logistic,mean_length,128,59,iid,main,12,0.95,HAR_subject
logistic,mean_length,128,59,iid,main,13,0.9510703363914373,HAR_subject
logistic,mean_length,128,59,iid,main,18,0.8983516483516484,HAR_subject
logistic,mean_length,128,59,iid,main,20,0.8728813559322034,HAR_subject
logistic,mean_length,128,59,iid,main,24,0.9711286089238845,HAR_subject
logistic,fixed_k,128,59,markov,channel_robustness,2,0.9735099337748344,HAR_subject
logistic,fixed_k,128,59,markov,channel_robustness,4,0.9495268138801262,HAR_subject
logistic,fixed_k,128,59,markov,channel_robustness,9,0.8611111111111112,HAR_subject
logistic,fixed_k,128,59,markov,channel_robustness,10,0.8673469387755102,HAR_subject
logistic,fixed_k,128,59,markov,channel_robustness,12,0.953125,HAR_subject
logistic,fixed_k,128,59,markov,channel_robustness,13,0.9480122324159022,HAR_subject
logistic,fixed_k,128,59,markov,channel_robustness,18,0.8956043956043956,HAR_subject
logistic,fixed_k,128,59,markov,channel_robustness,20,0.9011299435028248,HAR_subject
logistic,fixed_k,128,59,markov,channel_robustness,24,0.968503937007874,HAR_subject
logistic,naive,512,149,iid,main,2,0.956953642384106,HAR_subject
logistic,naive,512,149,iid,main,4,0.9558359621451105,HAR_subject
logistic,naive,512,149,iid,main,9,0.8715277777777778,HAR_subject
logistic,naive,512,149,iid,main,10,0.8401360544217688,HAR_subject
logistic,naive,512,149,iid,main,12,0.953125,HAR_subject
logistic,naive,512,149,iid,main,13,0.9602446483180428,HAR_subject
logistic,naive,512,149,iid,main,18,0.8928571428571429,HAR_subject
logistic,naive,512,149,iid,main,20,0.8954802259887006,HAR_subject
logistic,naive,512,149,iid,main,24,0.9816272965879265,HAR_subject
logistic,conditional,128,23,iid,main,2,0.9701986754966887,HAR_subject
logistic,conditional,128,23,iid,main,4,0.9621451104100947,HAR_subject
logistic,conditional,128,23,iid,main,9,0.8819444444444444,HAR_subject
logistic,conditional,128,23,iid,main,10,0.8503401360544217,HAR_subject
logistic,conditional,128,23,iid,main,12,0.9625,HAR_subject
logistic,conditional,128,23,iid,main,13,0.9510703363914373,HAR_subject
logistic,conditional,128,23,iid,main,18,0.9120879120879121,HAR_subject
logistic,conditional,128,23,iid,main,20,0.8728813559322034,HAR_subject
logistic,conditional,128,23,iid,main,24,0.979002624671916,HAR_subject
logistic,client_ema,128,67,iid,main,2,0.9834437086092715,HAR_subject
logistic,client_ema,128,67,iid,main,4,0.9495268138801262,HAR_subject
logistic,client_ema,128,67,iid,main,9,0.8541666666666666,HAR_subject
logistic,client_ema,128,67,iid,main,10,0.8333333333333334,HAR_subject
logistic,client_ema,128,67,iid,main,12,0.940625,HAR_subject
logistic,client_ema,128,67,iid,main,13,0.9602446483180428,HAR_subject
logistic,client_ema,128,67,iid,main,18,0.8763736263736264,HAR_subject
logistic,client_ema,128,67,iid,main,20,0.9322033898305084,HAR_subject
logistic,client_ema,128,67,iid,main,24,0.9658792650918635,HAR_subject
logistic,conditional,512,97,iid,main,2,0.9801324503311258,HAR_subject
logistic,conditional,512,97,iid,main,4,0.9526813880126183,HAR_subject
logistic,conditional,512,97,iid,main,9,0.8680555555555556,HAR_subject
logistic,conditional,512,97,iid,main,10,0.8571428571428571,HAR_subject
logistic,conditional,512,97,iid,main,12,0.965625,HAR_subject
logistic,conditional,512,97,iid,main,13,0.9724770642201835,HAR_subject
logistic,conditional,512,97,iid,main,18,0.9258241758241759,HAR_subject
logistic,conditional,512,97,iid,main,20,0.9096045197740112,HAR_subject
logistic,conditional,512,97,iid,main,24,0.9868766404199475,HAR_subject
logistic,fixed_k,32,83,iid,main,2,0.9503311258278145,HAR_subject
logistic,fixed_k,32,83,iid,main,4,0.9337539432176656,HAR_subject
logistic,fixed_k,32,83,iid,main,9,0.875,HAR_subject
logistic,fixed_k,32,83,iid,main,10,0.8673469387755102,HAR_subject
logistic,fixed_k,32,83,iid,main,12,0.93125,HAR_subject
logistic,fixed_k,32,83,iid,main,13,0.944954128440367,HAR_subject
logistic,fixed_k,32,83,iid,main,18,0.8763736263736264,HAR_subject
logistic,fixed_k,32,83,iid,main,20,0.9180790960451978,HAR_subject
logistic,fixed_k,32,83,iid,main,24,0.973753280839895,HAR_subject
logistic,estimated_conditional,512,127,iid,main,2,0.9602649006622517,HAR_subject
logistic,estimated_conditional,512,127,iid,main,4,0.9589905362776026,HAR_subject
logistic,estimated_conditional,512,127,iid,main,9,0.8819444444444444,HAR_subject
logistic,estimated_conditional,512,127,iid,main,10,0.8163265306122449,HAR_subject
logistic,estimated_conditional,512,127,iid,main,12,0.953125,HAR_subject
logistic,estimated_conditional,512,127,iid,main,13,0.963302752293578,HAR_subject
logistic,estimated_conditional,512,127,iid,main,18,0.8901098901098901,HAR_subject
logistic,estimated_conditional,512,127,iid,main,20,0.9180790960451978,HAR_subject
logistic,estimated_conditional,512,127,iid,main,24,0.9763779527559056,HAR_subject
logistic,conditional,128,59,iid,main,2,0.9735099337748344,HAR_subject
logistic,conditional,128,59,iid,main,4,0.9558359621451105,HAR_subject
logistic,conditional,128,59,iid,main,9,0.8680555555555556,HAR_subject
logistic,conditional,128,59,iid,main,10,0.8707482993197279,HAR_subject
logistic,conditional,128,59,iid,main,12,0.95,HAR_subject
logistic,conditional,128,59,iid,main,13,0.9480122324159022,HAR_subject
logistic,conditional,128,59,iid,main,18,0.9010989010989011,HAR_subject
logistic,conditional,128,59,iid,main,20,0.8813559322033898,HAR_subject
logistic,conditional,128,59,iid,main,24,0.968503937007874,HAR_subject
logistic,conditional,32,11,iid,main,2,0.9470198675496688,HAR_subject
logistic,conditional,32,11,iid,main,4,0.9652996845425867,HAR_subject
logistic,conditional,32,11,iid,main,9,0.8541666666666666,HAR_subject
logistic,conditional,32,11,iid,main,10,0.8163265306122449,HAR_subject
logistic,conditional,32,11,iid,main,12,0.94375,HAR_subject
logistic,conditional,32,11,iid,main,13,0.9357798165137615,HAR_subject
logistic,conditional,32,11,iid,main,18,0.8736263736263736,HAR_subject
logistic,conditional,32,11,iid,main,20,0.8615819209039548,HAR_subject
logistic,conditional,32,11,iid,main,24,0.958005249343832,HAR_subject
logistic,fixed_k,32,23,iid,main,2,0.9768211920529801,HAR_subject
logistic,fixed_k,32,23,iid,main,4,0.9463722397476341,HAR_subject
logistic,fixed_k,32,23,iid,main,9,0.875,HAR_subject
logistic,fixed_k,32,23,iid,main,10,0.8299319727891157,HAR_subject
logistic,fixed_k,32,23,iid,main,12,0.940625,HAR_subject
logistic,fixed_k,32,23,iid,main,13,0.9480122324159022,HAR_subject
logistic,fixed_k,32,23,iid,main,18,0.8791208791208791,HAR_subject
logistic,fixed_k,32,23,iid,main,20,0.8870056497175142,HAR_subject
logistic,fixed_k,32,23,iid,main,24,0.9658792650918635,HAR_subject
logistic,client_ema,128,83,iid,main,2,0.9701986754966887,HAR_subject
logistic,client_ema,128,83,iid,main,4,0.9526813880126183,HAR_subject
logistic,client_ema,128,83,iid,main,9,0.8784722222222222,HAR_subject
logistic,client_ema,128,83,iid,main,10,0.8401360544217688,HAR_subject
logistic,client_ema,128,83,iid,main,12,0.946875,HAR_subject
logistic,client_ema,128,83,iid,main,13,0.9510703363914373,HAR_subject
logistic,client_ema,128,83,iid,main,18,0.8928571428571429,HAR_subject
logistic,client_ema,128,83,iid,main,20,0.9265536723163842,HAR_subject
logistic,client_ema,128,83,iid,main,24,0.984251968503937,HAR_subject
mlp,conditional,128,83,iid,mlp_robustness,2,0.9536423841059603,HAR_subject
mlp,conditional,128,83,iid,mlp_robustness,4,0.9589905362776026,HAR_subject
mlp,conditional,128,83,iid,mlp_robustness,9,0.8993055555555556,HAR_subject
mlp,conditional,128,83,iid,mlp_robustness,10,0.7891156462585034,HAR_subject
mlp,conditional,128,83,iid,mlp_robustness,12,0.96875,HAR_subject
mlp,conditional,128,83,iid,mlp_robustness,13,0.9510703363914373,HAR_subject
mlp,conditional,128,83,iid,mlp_robustness,18,0.8956043956043956,HAR_subject
mlp,conditional,128,83,iid,mlp_robustness,20,0.9180790960451978,HAR_subject
mlp,conditional,128,83,iid,mlp_robustness,24,0.9658792650918635,HAR_subject
logistic,estimated_conditional,32,127,iid,main,2,0.9536423841059603,HAR_subject
logistic,estimated_conditional,32,127,iid,main,4,0.9337539432176656,HAR_subject
logistic,estimated_conditional,32,127,iid,main,9,0.8645833333333334,HAR_subject
logistic,estimated_conditional,32,127,iid,main,10,0.8333333333333334,HAR_subject
logistic,estimated_conditional,32,127,iid,main,12,0.928125,HAR_subject
logistic,estimated_conditional,32,127,iid,main,13,0.9296636085626911,HAR_subject
logistic,estimated_conditional,32,127,iid,main,18,0.8543956043956044,HAR_subject
logistic,estimated_conditional,32,127,iid,main,20,0.8983050847457628,HAR_subject
logistic,estimated_conditional,32,127,iid,main,24,0.9422572178477691,HAR_subject
logistic,naive,128,23,iid,main,2,0.9735099337748344,HAR_subject
logistic,naive,128,23,iid,main,4,0.9526813880126183,HAR_subject
logistic,naive,128,23,iid,main,9,0.8888888888888888,HAR_subject
logistic,naive,128,23,iid,main,10,0.8333333333333334,HAR_subject
logistic,naive,128,23,iid,main,12,0.9625,HAR_subject
logistic,naive,128,23,iid,main,13,0.9510703363914373,HAR_subject
logistic,naive,128,23,iid,main,18,0.8818681318681318,HAR_subject
logistic,naive,128,23,iid,main,20,0.867231638418079,HAR_subject
logistic,naive,128,23,iid,main,24,0.9606299212598425,HAR_subject
logistic,client_ema,512,97,iid,main,2,0.9801324503311258,HAR_subject
logistic,client_ema,512,97,iid,main,4,0.9589905362776026,HAR_subject
logistic,client_ema,512,97,iid,main,9,0.8680555555555556,HAR_subject
logistic,client_ema,512,97,iid,main,10,0.8605442176870748,HAR_subject
logistic,client_ema,512,97,iid,main,12,0.9625,HAR_subject
logistic,client_ema,512,97,iid,main,13,0.9694189602446484,HAR_subject
logistic,client_ema,512,97,iid,main,18,0.9258241758241759,HAR_subject
logistic,client_ema,512,97,iid,main,20,0.9124293785310734,HAR_subject
logistic,client_ema,512,97,iid,main,24,0.984251968503937,HAR_subject
logistic,conditional,128,83,iid,main,2,0.9701986754966887,HAR_subject
logistic,conditional,128,83,iid,main,4,0.9526813880126183,HAR_subject
logistic,conditional,128,83,iid,main,9,0.875,HAR_subject
logistic,conditional,128,83,iid,main,10,0.8333333333333334,HAR_subject
logistic,conditional,128,83,iid,main,12,0.940625,HAR_subject
logistic,conditional,128,83,iid,main,13,0.9510703363914373,HAR_subject
logistic,conditional,128,83,iid,main,18,0.8928571428571429,HAR_subject
logistic,conditional,128,83,iid,main,20,0.9293785310734464,HAR_subject
logistic,conditional,128,83,iid,main,24,0.979002624671916,HAR_subject
logistic,mean_length,512,137,iid,main,2,0.9735099337748344,HAR_subject
logistic,mean_length,512,137,iid,main,4,0.9589905362776026,HAR_subject
logistic,mean_length,512,137,iid,main,9,0.8819444444444444,HAR_subject
logistic,mean_length,512,137,iid,main,10,0.8231292517006803,HAR_subject
logistic,mean_length,512,137,iid,main,12,0.959375,HAR_subject
logistic,mean_length,512,137,iid,main,13,0.9571865443425076,HAR_subject
logistic,mean_length,512,137,iid,main,18,0.9148351648351648,HAR_subject
logistic,mean_length,512,137,iid,main,20,0.923728813559322,HAR_subject
logistic,mean_length,512,137,iid,main,24,0.979002624671916,HAR_subject
logistic,estimated_conditional,128,83,iid,main,2,0.9735099337748344,HAR_subject
logistic,estimated_conditional,128,83,iid,main,4,0.9526813880126183,HAR_subject
logistic,estimated_conditional,128,83,iid,main,9,0.8784722222222222,HAR_subject
logistic,estimated_conditional,128,83,iid,main,10,0.8469387755102041,HAR_subject
logistic,estimated_conditional,128,83,iid,main,12,0.940625,HAR_subject
logistic,estimated_conditional,128,83,iid,main,13,0.9541284403669725,HAR_subject
logistic,estimated_conditional,128,83,iid,main,18,0.8956043956043956,HAR_subject
logistic,estimated_conditional,128,83,iid,main,20,0.9293785310734464,HAR_subject
logistic,estimated_conditional,128,83,iid,main,24,0.9868766404199475,HAR_subject
logistic,mean_length,128,137,iid,main,2,0.9635761589403974,HAR_subject
logistic,mean_length,128,137,iid,main,4,0.9589905362776026,HAR_subject
logistic,mean_length,128,137,iid,main,9,0.8854166666666666,HAR_subject
logistic,mean_length,128,137,iid,main,10,0.8333333333333334,HAR_subject
logistic,mean_length,128,137,iid,main,12,0.95625,HAR_subject
logistic,mean_length,128,137,iid,main,13,0.944954128440367,HAR_subject
logistic,mean_length,128,137,iid,main,18,0.8956043956043956,HAR_subject
logistic,mean_length,128,137,iid,main,20,0.9209039548022598,HAR_subject
logistic,mean_length,128,137,iid,main,24,0.9658792650918635,HAR_subject
logistic,estimated_conditional,32,97,iid,main,2,0.9470198675496688,HAR_subject
logistic,estimated_conditional,32,97,iid,main,4,0.9400630914826499,HAR_subject
logistic,estimated_conditional,32,97,iid,main,9,0.8680555555555556,HAR_subject
logistic,estimated_conditional,32,97,iid,main,10,0.8537414965986394,HAR_subject
logistic,estimated_conditional,32,97,iid,main,12,0.9375,HAR_subject
logistic,estimated_conditional,32,97,iid,main,13,0.963302752293578,HAR_subject
logistic,estimated_conditional,32,97,iid,main,18,0.8983516483516484,HAR_subject
logistic,estimated_conditional,32,97,iid,main,20,0.864406779661017,HAR_subject
logistic,estimated_conditional,32,97,iid,main,24,0.9606299212598425,HAR_subject
logistic,naive,128,11,iid,main,2,0.9536423841059603,HAR_subject
logistic,naive,128,11,iid,main,4,0.9747634069400631,HAR_subject
logistic,naive,128,11,iid,main,9,0.8472222222222222,HAR_subject
logistic,naive,128,11,iid,main,10,0.8027210884353742,HAR_subject
logistic,naive,128,11,iid,main,12,0.934375,HAR_subject
logistic,naive,128,11,iid,main,13,0.9296636085626911,HAR_subject
logistic,naive,128,11,iid,main,18,0.8763736263736264,HAR_subject
logistic,naive,128,11,iid,main,20,0.8587570621468926,HAR_subject
logistic,naive,128,11,iid,main,24,0.958005249343832,HAR_subject
logistic,fixed_k,128,149,iid,main,2,0.956953642384106,HAR_subject
logistic,fixed_k,128,149,iid,main,4,0.9558359621451105,HAR_subject
logistic,fixed_k,128,149,iid,main,9,0.8784722222222222,HAR_subject
logistic,fixed_k,128,149,iid,main,10,0.8605442176870748,HAR_subject
logistic,fixed_k,128,149,iid,main,12,0.9375,HAR_subject
logistic,fixed_k,128,149,iid,main,13,0.9602446483180428,HAR_subject
logistic,fixed_k,128,149,iid,main,18,0.8901098901098901,HAR_subject
logistic,fixed_k,128,149,iid,main,20,0.8954802259887006,HAR_subject
logistic,fixed_k,128,149,iid,main,24,0.9763779527559056,HAR_subject
logistic,conditional,32,23,iid,main,2,0.9668874172185431,HAR_subject
logistic,conditional,32,23,iid,main,4,0.9526813880126183,HAR_subject
logistic,conditional,32,23,iid,main,9,0.8888888888888888,HAR_subject
logistic,conditional,32,23,iid,main,10,0.8367346938775511,HAR_subject
logistic,conditional,32,23,iid,main,12,0.940625,HAR_subject
logistic,conditional,32,23,iid,main,13,0.9418960244648318,HAR_subject
logistic,conditional,32,23,iid,main,18,0.8901098901098901,HAR_subject
logistic,conditional,32,23,iid,main,20,0.8587570621468926,HAR_subject
logistic,conditional,32,23,iid,main,24,0.9501312335958005,HAR_subject
logistic,conditional,128,113,markov,channel_robustness,2,0.9768211920529801,HAR_subject
logistic,conditional,128,113,markov,channel_robustness,4,0.943217665615142,HAR_subject
logistic,conditional,128,113,markov,channel_robustness,9,0.8680555555555556,HAR_subject
logistic,conditional,128,113,markov,channel_robustness,10,0.8673469387755102,HAR_subject
logistic,conditional,128,113,markov,channel_robustness,12,0.940625,HAR_subject
logistic,conditional,128,113,markov,channel_robustness,13,0.9602446483180428,HAR_subject
logistic,conditional,128,113,markov,channel_robustness,18,0.9065934065934066,HAR_subject
logistic,conditional,128,113,markov,channel_robustness,20,0.9350282485875706,HAR_subject
logistic,conditional,128,113,markov,channel_robustness,24,0.9763779527559056,HAR_subject
logistic,client_ema,32,23,iid,main,2,0.9635761589403974,HAR_subject
logistic,client_ema,32,23,iid,main,4,0.9526813880126183,HAR_subject
logistic,client_ema,32,23,iid,main,9,0.8923611111111112,HAR_subject
logistic,client_ema,32,23,iid,main,10,0.8367346938775511,HAR_subject
logistic,client_ema,32,23,iid,main,12,0.946875,HAR_subject
logistic,client_ema,32,23,iid,main,13,0.9418960244648318,HAR_subject
logistic,client_ema,32,23,iid,main,18,0.8901098901098901,HAR_subject
logistic,client_ema,32,23,iid,main,20,0.867231638418079,HAR_subject
logistic,client_ema,32,23,iid,main,24,0.94750656167979,HAR_subject
logistic,mean_length,128,113,iid,main,2,0.9768211920529801,HAR_subject
logistic,mean_length,128,113,iid,main,4,0.943217665615142,HAR_subject
logistic,mean_length,128,113,iid,main,9,0.8715277777777778,HAR_subject
logistic,mean_length,128,113,iid,main,10,0.8775510204081632,HAR_subject
logistic,mean_length,128,113,iid,main,12,0.94375,HAR_subject
logistic,mean_length,128,113,iid,main,13,0.9602446483180428,HAR_subject
logistic,mean_length,128,113,iid,main,18,0.9065934065934066,HAR_subject
logistic,mean_length,128,113,iid,main,20,0.9209039548022598,HAR_subject
logistic,mean_length,128,113,iid,main,24,0.979002624671916,HAR_subject
logistic,fixed_k,128,101,markov,channel_robustness,2,0.9536423841059603,HAR_subject
logistic,fixed_k,128,101,markov,channel_robustness,4,0.9589905362776026,HAR_subject
logistic,fixed_k,128,101,markov,channel_robustness,9,0.8680555555555556,HAR_subject
logistic,fixed_k,128,101,markov,channel_robustness,10,0.8231292517006803,HAR_subject
logistic,fixed_k,128,101,markov,channel_robustness,12,0.934375,HAR_subject
logistic,fixed_k,128,101,markov,channel_robustness,13,0.9602446483180428,HAR_subject
logistic,fixed_k,128,101,markov,channel_robustness,18,0.8901098901098901,HAR_subject
logistic,fixed_k,128,101,markov,channel_robustness,20,0.9067796610169492,HAR_subject
logistic,fixed_k,128,101,markov,channel_robustness,24,0.9658792650918635,HAR_subject
logistic,conditional,128,59,markov,channel_robustness,2,0.9668874172185431,HAR_subject
logistic,conditional,128,59,markov,channel_robustness,4,0.9526813880126183,HAR_subject
logistic,conditional,128,59,markov,channel_robustness,9,0.8715277777777778,HAR_subject
logistic,conditional,128,59,markov,channel_robustness,10,0.8707482993197279,HAR_subject
logistic,conditional,128,59,markov,channel_robustness,12,0.95625,HAR_subject
logistic,conditional,128,59,markov,channel_robustness,13,0.9510703363914373,HAR_subject
logistic,conditional,128,59,markov,channel_robustness,18,0.8983516483516484,HAR_subject
logistic,conditional,128,59,markov,channel_robustness,20,0.8813559322033898,HAR_subject
logistic,conditional,128,59,markov,channel_robustness,24,0.9763779527559056,HAR_subject
logistic,fixed_k,128,47,iid,main,2,0.9735099337748344,HAR_subject
logistic,fixed_k,128,47,iid,main,4,0.9558359621451105,HAR_subject
logistic,fixed_k,128,47,iid,main,9,0.8819444444444444,HAR_subject
logistic,fixed_k,128,47,iid,main,10,0.8299319727891157,HAR_subject
logistic,fixed_k,128,47,iid,main,12,0.959375,HAR_subject
logistic,fixed_k,128,47,iid,main,13,0.9694189602446484,HAR_subject
logistic,fixed_k,128,47,iid,main,18,0.9010989010989011,HAR_subject
logistic,fixed_k,128,47,iid,main,20,0.9293785310734464,HAR_subject
logistic,fixed_k,128,47,iid,main,24,0.9816272965879265,HAR_subject
logistic,conditional,32,83,iid,main,2,0.9536423841059603,HAR_subject
logistic,conditional,32,83,iid,main,4,0.943217665615142,HAR_subject
logistic,conditional,32,83,iid,main,9,0.8645833333333334,HAR_subject
logistic,conditional,32,83,iid,main,10,0.8231292517006803,HAR_subject
logistic,conditional,32,83,iid,main,12,0.93125,HAR_subject
logistic,conditional,32,83,iid,main,13,0.944954128440367,HAR_subject
logistic,conditional,32,83,iid,main,18,0.8626373626373627,HAR_subject
logistic,conditional,32,83,iid,main,20,0.8954802259887006,HAR_subject
logistic,conditional,32,83,iid,main,24,0.952755905511811,HAR_subject
logistic,mean_length,32,23,iid,main,2,0.9635761589403974,HAR_subject
logistic,mean_length,32,23,iid,main,4,0.9526813880126183,HAR_subject
logistic,mean_length,32,23,iid,main,9,0.8784722222222222,HAR_subject
logistic,mean_length,32,23,iid,main,10,0.8435374149659864,HAR_subject
logistic,mean_length,32,23,iid,main,12,0.953125,HAR_subject
logistic,mean_length,32,23,iid,main,13,0.9388379204892966,HAR_subject
logistic,mean_length,32,23,iid,main,18,0.8846153846153846,HAR_subject
logistic,mean_length,32,23,iid,main,20,0.8587570621468926,HAR_subject
logistic,mean_length,32,23,iid,main,24,0.9501312335958005,HAR_subject
logistic,client_ema,512,137,iid,main,2,0.9701986754966887,HAR_subject
logistic,client_ema,512,137,iid,main,4,0.9621451104100947,HAR_subject
logistic,client_ema,512,137,iid,main,9,0.8819444444444444,HAR_subject
logistic,client_ema,512,137,iid,main,10,0.826530612244898,HAR_subject
logistic,client_ema,512,137,iid,main,12,0.959375,HAR_subject
logistic,client_ema,512,137,iid,main,13,0.9571865443425076,HAR_subject
logistic,client_ema,512,137,iid,main,18,0.9175824175824175,HAR_subject
logistic,client_ema,512,137,iid,main,20,0.923728813559322,HAR_subject
logistic,client_ema,512,137,iid,main,24,0.979002624671916,HAR_subject
logistic,fixed_k,128,11,iid,main,2,0.9602649006622517,HAR_subject
logistic,fixed_k,128,11,iid,main,4,0.9747634069400631,HAR_subject
logistic,fixed_k,128,11,iid,main,9,0.8645833333333334,HAR_subject
logistic,fixed_k,128,11,iid,main,10,0.8163265306122449,HAR_subject
logistic,fixed_k,128,11,iid,main,12,0.946875,HAR_subject
logistic,fixed_k,128,11,iid,main,13,0.944954128440367,HAR_subject
logistic,fixed_k,128,11,iid,main,18,0.8873626373626373,HAR_subject
logistic,fixed_k,128,11,iid,main,20,0.8757062146892656,HAR_subject
logistic,fixed_k,128,11,iid,main,24,0.9606299212598425,HAR_subject
logistic,mean_length,128,11,iid,main,2,0.9602649006622517,HAR_subject
logistic,mean_length,128,11,iid,main,4,0.9779179810725552,HAR_subject
logistic,mean_length,128,11,iid,main,9,0.8715277777777778,HAR_subject
logistic,mean_length,128,11,iid,main,10,0.8333333333333334,HAR_subject
logistic,mean_length,128,11,iid,main,12,0.94375,HAR_subject
logistic,mean_length,128,11,iid,main,13,0.9388379204892966,HAR_subject
logistic,mean_length,128,11,iid,main,18,0.8846153846153846,HAR_subject
logistic,mean_length,128,11,iid,main,20,0.8757062146892656,HAR_subject
logistic,mean_length,128,11,iid,main,24,0.958005249343832,HAR_subject
logistic,naive,512,11,iid,main,2,0.9602649006622517,HAR_subject
logistic,naive,512,11,iid,main,4,0.9779179810725552,HAR_subject
logistic,naive,512,11,iid,main,9,0.8715277777777778,HAR_subject
logistic,naive,512,11,iid,main,10,0.8163265306122449,HAR_subject
logistic,naive,512,11,iid,main,12,0.946875,HAR_subject
logistic,naive,512,11,iid,main,13,0.9480122324159022,HAR_subject
logistic,naive,512,11,iid,main,18,0.8873626373626373,HAR_subject
logistic,naive,512,11,iid,main,20,0.8870056497175142,HAR_subject
logistic,naive,512,11,iid,main,24,0.963254593175853,HAR_subject
logistic,conditional,512,137,iid,main,2,0.9701986754966887,HAR_subject
logistic,conditional,512,137,iid,main,4,0.9589905362776026,HAR_subject
logistic,conditional,512,137,iid,main,9,0.8784722222222222,HAR_subject
logistic,conditional,512,137,iid,main,10,0.8231292517006803,HAR_subject
logistic,conditional,512,137,iid,main,12,0.959375,HAR_subject
logistic,conditional,512,137,iid,main,13,0.9571865443425076,HAR_subject
logistic,conditional,512,137,iid,main,18,0.9175824175824175,HAR_subject
logistic,conditional,512,137,iid,main,20,0.923728813559322,HAR_subject
logistic,conditional,512,137,iid,main,24,0.979002624671916,HAR_subject
logistic,client_ema,128,127,iid,main,2,0.9536423841059603,HAR_subject
logistic,client_ema,128,127,iid,main,4,0.9621451104100947,HAR_subject
logistic,client_ema,128,127,iid,main,9,0.8715277777777778,HAR_subject
logistic,client_ema,128,127,iid,main,10,0.8367346938775511,HAR_subject
logistic,client_ema,128,127,iid,main,12,0.946875,HAR_subject
logistic,client_ema,128,127,iid,main,13,0.9510703363914373,HAR_subject
logistic,client_ema,128,127,iid,main,18,0.8681318681318682,HAR_subject
logistic,client_ema,128,127,iid,main,20,0.9124293785310734,HAR_subject
logistic,client_ema,128,127,iid,main,24,0.973753280839895,HAR_subject
logistic,naive,128,101,iid,main,2,0.9403973509933775,HAR_subject
logistic,naive,128,101,iid,main,4,0.943217665615142,HAR_subject
logistic,naive,128,101,iid,main,9,0.8402777777777778,HAR_subject
logistic,naive,128,101,iid,main,10,0.8333333333333334,HAR_subject
logistic,naive,128,101,iid,main,12,0.9125,HAR_subject
logistic,naive,128,101,iid,main,13,0.963302752293578,HAR_subject
logistic,naive,128,101,iid,main,18,0.8846153846153846,HAR_subject
logistic,naive,128,101,iid,main,20,0.8926553672316384,HAR_subject
logistic,naive,128,101,iid,main,24,0.9448818897637795,HAR_subject
logistic,estimated_conditional,32,83,iid,main,2,0.9602649006622517,HAR_subject
logistic,estimated_conditional,32,83,iid,main,4,0.9400630914826499,HAR_subject
logistic,estimated_conditional,32,83,iid,main,9,0.8680555555555556,HAR_subject
logistic,estimated_conditional,32,83,iid,main,10,0.8197278911564626,HAR_subject
logistic,estimated_conditional,32,83,iid,main,12,0.93125,HAR_subject
logistic,estimated_conditional,32,83,iid,main,13,0.9388379204892966,HAR_subject
logistic,estimated_conditional,32,83,iid,main,18,0.8681318681318682,HAR_subject
logistic,estimated_conditional,32,83,iid,main,20,0.8898305084745762,HAR_subject
logistic,estimated_conditional,32,83,iid,main,24,0.968503937007874,HAR_subject
mlp,conditional,128,137,iid,mlp_robustness,2,0.9635761589403974,HAR_subject
mlp,conditional,128,137,iid,mlp_robustness,4,0.9305993690851735,HAR_subject
mlp,conditional,128,137,iid,mlp_robustness,9,0.8680555555555556,HAR_subject
mlp,conditional,128,137,iid,mlp_robustness,10,0.8469387755102041,HAR_subject
mlp,conditional,128,137,iid,mlp_robustness,12,0.915625,HAR_subject
mlp,conditional,128,137,iid,mlp_robustness,13,0.9357798165137615,HAR_subject
mlp,conditional,128,137,iid,mlp_robustness,18,0.8598901098901099,HAR_subject
mlp,conditional,128,137,iid,mlp_robustness,20,0.9152542372881356,HAR_subject
mlp,conditional,128,137,iid,mlp_robustness,24,0.9711286089238845,HAR_subject
logistic,client_ema,32,11,iid,main,2,0.9470198675496688,HAR_subject
logistic,client_ema,32,11,iid,main,4,0.9652996845425867,HAR_subject
logistic,client_ema,32,11,iid,main,9,0.8472222222222222,HAR_subject
logistic,client_ema,32,11,iid,main,10,0.7993197278911565,HAR_subject
logistic,client_ema,32,11,iid,main,12,0.94375,HAR_subject
logistic,client_ema,32,11,iid,main,13,0.9327217125382263,HAR_subject
logistic,client_ema,32,11,iid,main,18,0.8681318681318682,HAR_subject
logistic,client_ema,32,11,iid,main,20,0.867231638418079,HAR_subject
logistic,client_ema,32,11,iid,main,24,0.9606299212598425,HAR_subject
logistic,estimated_conditional,32,47,iid,main,2,0.956953642384106,HAR_subject
logistic,estimated_conditional,32,47,iid,main,4,0.9495268138801262,HAR_subject
logistic,estimated_conditional,32,47,iid,main,9,0.8680555555555556,HAR_subject
logistic,estimated_conditional,32,47,iid,main,10,0.8333333333333334,HAR_subject
logistic,estimated_conditional,32,47,iid,main,12,0.9625,HAR_subject
logistic,estimated_conditional,32,47,iid,main,13,0.9602446483180428,HAR_subject
logistic,estimated_conditional,32,47,iid,main,18,0.8763736263736264,HAR_subject
logistic,estimated_conditional,32,47,iid,main,20,0.9011299435028248,HAR_subject
logistic,estimated_conditional,32,47,iid,main,24,0.9448818897637795,HAR_subject
logistic,naive,32,101,iid,main,2,0.890728476821192,HAR_subject
logistic,naive,32,101,iid,main,4,0.8990536277602523,HAR_subject
logistic,naive,32,101,iid,main,9,0.8333333333333334,HAR_subject
logistic,naive,32,101,iid,main,10,0.8231292517006803,HAR_subject
logistic,naive,32,101,iid,main,12,0.88125,HAR_subject
logistic,naive,32,101,iid,main,13,0.9510703363914373,HAR_subject
logistic,naive,32,101,iid,main,18,0.8543956043956044,HAR_subject
logistic,naive,32,101,iid,main,20,0.8389830508474576,HAR_subject
logistic,naive,32,101,iid,main,24,0.889763779527559,HAR_subject
logistic,fixed_k,32,67,iid,main,2,0.9668874172185431,HAR_subject
logistic,fixed_k,32,67,iid,main,4,0.9305993690851735,HAR_subject
logistic,fixed_k,32,67,iid,main,9,0.8576388888888888,HAR_subject
logistic,fixed_k,32,67,iid,main,10,0.8435374149659864,HAR_subject
logistic,fixed_k,32,67,iid,main,12,0.93125,HAR_subject
logistic,fixed_k,32,67,iid,main,13,0.9510703363914373,HAR_subject
logistic,fixed_k,32,67,iid,main,18,0.8653846153846154,HAR_subject
logistic,fixed_k,32,67,iid,main,20,0.9350282485875706,HAR_subject
logistic,fixed_k,32,67,iid,main,24,0.9343832020997376,HAR_subject
logistic,estimated_conditional,512,83,iid,main,2,0.9668874172185431,HAR_subject
logistic,estimated_conditional,512,83,iid,main,4,0.9684542586750788,HAR_subject
logistic,estimated_conditional,512,83,iid,main,9,0.8680555555555556,HAR_subject
logistic,estimated_conditional,512,83,iid,main,10,0.8435374149659864,HAR_subject
logistic,estimated_conditional,512,83,iid,main,12,0.965625,HAR_subject
logistic,estimated_conditional,512,83,iid,main,13,0.963302752293578,HAR_subject
logistic,estimated_conditional,512,83,iid,main,18,0.9148351648351648,HAR_subject
logistic,estimated_conditional,512,83,iid,main,20,0.9293785310734464,HAR_subject
logistic,estimated_conditional,512,83,iid,main,24,0.9921259842519685,HAR_subject
logistic,client_ema,128,23,iid,main,2,0.9801324503311258,HAR_subject
logistic,client_ema,128,23,iid,main,4,0.9621451104100947,HAR_subject
logistic,client_ema,128,23,iid,main,9,0.8784722222222222,HAR_subject
logistic,client_ema,128,23,iid,main,10,0.8469387755102041,HAR_subject
logistic,client_ema,128,23,iid,main,12,0.965625,HAR_subject
logistic,client_ema,128,23,iid,main,13,0.9541284403669725,HAR_subject
logistic,client_ema,128,23,iid,main,18,0.9148351648351648,HAR_subject
logistic,client_ema,128,23,iid,main,20,0.884180790960452,HAR_subject
logistic,client_ema,128,23,iid,main,24,0.9711286089238845,HAR_subject
logistic,estimated_conditional,32,59,iid,main,2,0.956953642384106,HAR_subject
logistic,estimated_conditional,32,59,iid,main,4,0.9274447949526814,HAR_subject
logistic,estimated_conditional,32,59,iid,main,9,0.8576388888888888,HAR_subject
logistic,estimated_conditional,32,59,iid,main,10,0.8537414965986394,HAR_subject
logistic,estimated_conditional,32,59,iid,main,12,0.940625,HAR_subject
logistic,estimated_conditional,32,59,iid,main,13,0.9418960244648318,HAR_subject
logistic,estimated_conditional,32,59,iid,main,18,0.8708791208791209,HAR_subject
logistic,estimated_conditional,32,59,iid,main,20,0.8531073446327684,HAR_subject
logistic,estimated_conditional,32,59,iid,main,24,0.9501312335958005,HAR_subject
logistic,client_ema,32,67,iid,main,2,0.9668874172185431,HAR_subject
logistic,client_ema,32,67,iid,main,4,0.9274447949526814,HAR_subject
logistic,client_ema,32,67,iid,main,9,0.8680555555555556,HAR_subject
logistic,client_ema,32,67,iid,main,10,0.8367346938775511,HAR_subject
logistic,client_ema,32,67,iid,main,12,0.93125,HAR_subject
logistic,client_ema,32,67,iid,main,13,0.9571865443425076,HAR_subject
logistic,client_ema,32,67,iid,main,18,0.8626373626373627,HAR_subject
logistic,client_ema,32,67,iid,main,20,0.9180790960451978,HAR_subject
logistic,client_ema,32,67,iid,main,24,0.9553805774278216,HAR_subject
mlp,conditional,128,101,iid,mlp_robustness,2,0.9503311258278145,HAR_subject
mlp,conditional,128,101,iid,mlp_robustness,4,0.9400630914826499,HAR_subject
mlp,conditional,128,101,iid,mlp_robustness,9,0.875,HAR_subject
mlp,conditional,128,101,iid,mlp_robustness,10,0.7721088435374149,HAR_subject
mlp,conditional,128,101,iid,mlp_robustness,12,0.91875,HAR_subject
mlp,conditional,128,101,iid,mlp_robustness,13,0.9602446483180428,HAR_subject
mlp,conditional,128,101,iid,mlp_robustness,18,0.8901098901098901,HAR_subject
mlp,conditional,128,101,iid,mlp_robustness,20,0.8728813559322034,HAR_subject
mlp,conditional,128,101,iid,mlp_robustness,24,0.94750656167979,HAR_subject
mlp,fixed_k,128,137,iid,mlp_robustness,2,0.9536423841059603,HAR_subject
mlp,fixed_k,128,137,iid,mlp_robustness,4,0.9369085173501577,HAR_subject
mlp,fixed_k,128,137,iid,mlp_robustness,9,0.8645833333333334,HAR_subject
mlp,fixed_k,128,137,iid,mlp_robustness,10,0.8299319727891157,HAR_subject
mlp,fixed_k,128,137,iid,mlp_robustness,12,0.91875,HAR_subject
mlp,fixed_k,128,137,iid,mlp_robustness,13,0.944954128440367,HAR_subject
mlp,fixed_k,128,137,iid,mlp_robustness,18,0.8571428571428571,HAR_subject
mlp,fixed_k,128,137,iid,mlp_robustness,20,0.9265536723163842,HAR_subject
mlp,fixed_k,128,137,iid,mlp_robustness,24,0.984251968503937,HAR_subject
logistic,conditional,128,83,markov,channel_robustness,2,0.9701986754966887,HAR_subject
logistic,conditional,128,83,markov,channel_robustness,4,0.9558359621451105,HAR_subject
logistic,conditional,128,83,markov,channel_robustness,9,0.8819444444444444,HAR_subject
logistic,conditional,128,83,markov,channel_robustness,10,0.8435374149659864,HAR_subject
logistic,conditional,128,83,markov,channel_robustness,12,0.953125,HAR_subject
logistic,conditional,128,83,markov,channel_robustness,13,0.9541284403669725,HAR_subject
logistic,conditional,128,83,markov,channel_robustness,18,0.8901098901098901,HAR_subject
logistic,conditional,128,83,markov,channel_robustness,20,0.9152542372881356,HAR_subject
logistic,conditional,128,83,markov,channel_robustness,24,0.984251968503937,HAR_subject
logistic,fixed_k,32,127,iid,main,2,0.956953642384106,HAR_subject
logistic,fixed_k,32,127,iid,main,4,0.9274447949526814,HAR_subject
logistic,fixed_k,32,127,iid,main,9,0.8680555555555556,HAR_subject
logistic,fixed_k,32,127,iid,main,10,0.8469387755102041,HAR_subject
logistic,fixed_k,32,127,iid,main,12,0.959375,HAR_subject
logistic,fixed_k,32,127,iid,main,13,0.9296636085626911,HAR_subject
logistic,fixed_k,32,127,iid,main,18,0.8543956043956044,HAR_subject
logistic,fixed_k,32,127,iid,main,20,0.8926553672316384,HAR_subject
logistic,fixed_k,32,127,iid,main,24,0.9448818897637795,HAR_subject
logistic,client_ema,128,113,iid,main,2,0.9735099337748344,HAR_subject
logistic,client_ema,128,113,iid,main,4,0.9463722397476341,HAR_subject
logistic,client_ema,128,113,iid,main,9,0.8680555555555556,HAR_subject
logistic,client_ema,128,113,iid,main,10,0.8843537414965986,HAR_subject
logistic,client_ema,128,113,iid,main,12,0.953125,HAR_subject
logistic,client_ema,128,113,iid,main,13,0.9571865443425076,HAR_subject
logistic,client_ema,128,113,iid,main,18,0.9065934065934066,HAR_subject
logistic,client_ema,128,113,iid,main,20,0.9152542372881356,HAR_subject
logistic,client_ema,128,113,iid,main,24,0.979002624671916,HAR_subject
logistic,mean_length,128,97,iid,main,2,0.9668874172185431,HAR_subject
logistic,mean_length,128,97,iid,main,4,0.9526813880126183,HAR_subject
logistic,mean_length,128,97,iid,main,9,0.8715277777777778,HAR_subject
logistic,mean_length,128,97,iid,main,10,0.8775510204081632,HAR_subject
logistic,mean_length,128,97,iid,main,12,0.946875,HAR_subject
logistic,mean_length,128,97,iid,main,13,0.963302752293578,HAR_subject
logistic,mean_length,128,97,iid,main,18,0.9038461538461539,HAR_subject
logistic,mean_length,128,97,iid,main,20,0.903954802259887,HAR_subject
logistic,mean_length,128,97,iid,main,24,0.9816272965879265,HAR_subject
logistic,estimated_conditional,128,127,iid,main,2,0.956953642384106,HAR_subject
logistic,estimated_conditional,128,127,iid,main,4,0.9463722397476341,HAR_subject
logistic,estimated_conditional,128,127,iid,main,9,0.8819444444444444,HAR_subject
logistic,estimated_conditional,128,127,iid,main,10,0.8367346938775511,HAR_subject
logistic,estimated_conditional,128,127,iid,main,12,0.946875,HAR_subject
logistic,estimated_conditional,128,127,iid,main,13,0.944954128440367,HAR_subject
logistic,estimated_conditional,128,127,iid,main,18,0.8653846153846154,HAR_subject
logistic,estimated_conditional,128,127,iid,main,20,0.9209039548022598,HAR_subject
logistic,estimated_conditional,128,127,iid,main,24,0.9606299212598425,HAR_subject
logistic,conditional,512,127,iid,main,2,0.956953642384106,HAR_subject
logistic,conditional,512,127,iid,main,4,0.9716088328075709,HAR_subject
logistic,conditional,512,127,iid,main,9,0.8784722222222222,HAR_subject
logistic,conditional,512,127,iid,main,10,0.8129251700680272,HAR_subject
logistic,conditional,512,127,iid,main,12,0.946875,HAR_subject
logistic,conditional,512,127,iid,main,13,0.9571865443425076,HAR_subject
logistic,conditional,512,127,iid,main,18,0.8901098901098901,HAR_subject
logistic,conditional,512,127,iid,main,20,0.9124293785310734,HAR_subject
logistic,conditional,512,127,iid,main,24,0.9763779527559056,HAR_subject
logistic,estimated_conditional,128,11,iid,main,2,0.956953642384106,HAR_subject
logistic,estimated_conditional,128,11,iid,main,4,0.9684542586750788,HAR_subject
logistic,estimated_conditional,128,11,iid,main,9,0.875,HAR_subject
logistic,estimated_conditional,128,11,iid,main,10,0.8367346938775511,HAR_subject
logistic,estimated_conditional,128,11,iid,main,12,0.94375,HAR_subject
logistic,estimated_conditional,128,11,iid,main,13,0.9418960244648318,HAR_subject
logistic,estimated_conditional,128,11,iid,main,18,0.8956043956043956,HAR_subject
logistic,estimated_conditional,128,11,iid,main,20,0.8870056497175142,HAR_subject
logistic,estimated_conditional,128,11,iid,main,24,0.963254593175853,HAR_subject
logistic,naive,128,47,iid,main,2,0.9635761589403974,HAR_subject
logistic,naive,128,47,iid,main,4,0.9463722397476341,HAR_subject
logistic,naive,128,47,iid,main,9,0.8680555555555556,HAR_subject
logistic,naive,128,47,iid,main,10,0.8197278911564626,HAR_subject
logistic,naive,128,47,iid,main,12,0.959375,HAR_subject
logistic,naive,128,47,iid,main,13,0.9541284403669725,HAR_subject
logistic,naive,128,47,iid,main,18,0.8708791208791209,HAR_subject
logistic,naive,128,47,iid,main,20,0.9124293785310734,HAR_subject
logistic,naive,128,47,iid,main,24,0.9658792650918635,HAR_subject
logistic,fixed_k,32,47,iid,main,2,0.9668874172185431,HAR_subject
logistic,fixed_k,32,47,iid,main,4,0.9274447949526814,HAR_subject
logistic,fixed_k,32,47,iid,main,9,0.8784722222222222,HAR_subject
logistic,fixed_k,32,47,iid,main,10,0.8299319727891157,HAR_subject
logistic,fixed_k,32,47,iid,main,12,0.946875,HAR_subject
logistic,fixed_k,32,47,iid,main,13,0.944954128440367,HAR_subject
logistic,fixed_k,32,47,iid,main,18,0.8653846153846154,HAR_subject
logistic,fixed_k,32,47,iid,main,20,0.9293785310734464,HAR_subject
logistic,fixed_k,32,47,iid,main,24,0.968503937007874,HAR_subject
mlp,fixed_k,128,97,iid,mlp_robustness,2,0.9635761589403974,HAR_subject
mlp,fixed_k,128,97,iid,mlp_robustness,4,0.9400630914826499,HAR_subject
mlp,fixed_k,128,97,iid,mlp_robustness,9,0.8784722222222222,HAR_subject
mlp,fixed_k,128,97,iid,mlp_robustness,10,0.8639455782312925,HAR_subject
mlp,fixed_k,128,97,iid,mlp_robustness,12,0.9625,HAR_subject
mlp,fixed_k,128,97,iid,mlp_robustness,13,0.9571865443425076,HAR_subject
mlp,fixed_k,128,97,iid,mlp_robustness,18,0.8983516483516484,HAR_subject
mlp,fixed_k,128,97,iid,mlp_robustness,20,0.8728813559322034,HAR_subject
mlp,fixed_k,128,97,iid,mlp_robustness,24,0.973753280839895,HAR_subject
mlp,fixed_k,128,127,iid,mlp_robustness,2,0.9536423841059603,HAR_subject
mlp,fixed_k,128,127,iid,mlp_robustness,4,0.9369085173501577,HAR_subject
mlp,fixed_k,128,127,iid,mlp_robustness,9,0.8784722222222222,HAR_subject
mlp,fixed_k,128,127,iid,mlp_robustness,10,0.8333333333333334,HAR_subject
mlp,fixed_k,128,127,iid,mlp_robustness,12,0.91875,HAR_subject
mlp,fixed_k,128,127,iid,mlp_robustness,13,0.9663608562691132,HAR_subject
mlp,fixed_k,128,127,iid,mlp_robustness,18,0.9120879120879121,HAR_subject
mlp,fixed_k,128,127,iid,mlp_robustness,20,0.8559322033898306,HAR_subject
mlp,fixed_k,128,127,iid,mlp_robustness,24,0.973753280839895,HAR_subject
logistic,conditional,32,113,iid,main,2,0.9668874172185431,HAR_subject
logistic,conditional,32,113,iid,main,4,0.9148264984227129,HAR_subject
logistic,conditional,32,113,iid,main,9,0.8888888888888888,HAR_subject
logistic,conditional,32,113,iid,main,10,0.8775510204081632,HAR_subject
logistic,conditional,32,113,iid,main,12,0.93125,HAR_subject
logistic,conditional,32,113,iid,main,13,0.9480122324159022,HAR_subject
logistic,conditional,32,113,iid,main,18,0.8846153846153846,HAR_subject
logistic,conditional,32,113,iid,main,20,0.9011299435028248,HAR_subject
logistic,conditional,32,113,iid,main,24,0.9763779527559056,HAR_subject
logistic,fixed_k,512,137,iid,main,2,0.9735099337748344,HAR_subject
logistic,fixed_k,512,137,iid,main,4,0.9589905362776026,HAR_subject
logistic,fixed_k,512,137,iid,main,9,0.875,HAR_subject
logistic,fixed_k,512,137,iid,main,10,0.8197278911564626,HAR_subject
logistic,fixed_k,512,137,iid,main,12,0.9625,HAR_subject
logistic,fixed_k,512,137,iid,main,13,0.9541284403669725,HAR_subject
logistic,fixed_k,512,137,iid,main,18,0.9038461538461539,HAR_subject
logistic,fixed_k,512,137,iid,main,20,0.923728813559322,HAR_subject
logistic,fixed_k,512,137,iid,main,24,0.9816272965879265,HAR_subject
logistic,fixed_k,128,149,markov,channel_robustness,2,0.956953642384106,HAR_subject
logistic,fixed_k,128,149,markov,channel_robustness,4,0.9495268138801262,HAR_subject
logistic,fixed_k,128,149,markov,channel_robustness,9,0.875,HAR_subject
logistic,fixed_k,128,149,markov,channel_robustness,10,0.8469387755102041,HAR_subject
logistic,fixed_k,128,149,markov,channel_robustness,12,0.959375,HAR_subject
logistic,fixed_k,128,149,markov,channel_robustness,13,0.9602446483180428,HAR_subject
logistic,fixed_k,128,149,markov,channel_robustness,18,0.9038461538461539,HAR_subject
logistic,fixed_k,128,149,markov,channel_robustness,20,0.8926553672316384,HAR_subject
logistic,fixed_k,128,149,markov,channel_robustness,24,0.9606299212598425,HAR_subject
logistic,fixed_k,128,67,markov,channel_robustness,2,0.9668874172185431,HAR_subject
logistic,fixed_k,128,67,markov,channel_robustness,4,0.9526813880126183,HAR_subject
logistic,fixed_k,128,67,markov,channel_robustness,9,0.8611111111111112,HAR_subject
logistic,fixed_k,128,67,markov,channel_robustness,10,0.8333333333333334,HAR_subject
logistic,fixed_k,128,67,markov,channel_robustness,12,0.94375,HAR_subject
logistic,fixed_k,128,67,markov,channel_robustness,13,0.9694189602446484,HAR_subject
logistic,fixed_k,128,67,markov,channel_robustness,18,0.8818681318681318,HAR_subject
logistic,fixed_k,128,67,markov,channel_robustness,20,0.9350282485875706,HAR_subject
logistic,fixed_k,128,67,markov,channel_robustness,24,0.9658792650918635,HAR_subject
logistic,mean_length,32,113,iid,main,2,0.9602649006622517,HAR_subject
logistic,mean_length,32,113,iid,main,4,0.917981072555205,HAR_subject
logistic,mean_length,32,113,iid,main,9,0.8923611111111112,HAR_subject
logistic,mean_length,32,113,iid,main,10,0.8707482993197279,HAR_subject
logistic,mean_length,32,113,iid,main,12,0.934375,HAR_subject
logistic,mean_length,32,113,iid,main,13,0.9510703363914373,HAR_subject
logistic,mean_length,32,113,iid,main,18,0.8846153846153846,HAR_subject
logistic,mean_length,32,113,iid,main,20,0.9011299435028248,HAR_subject
logistic,mean_length,32,113,iid,main,24,0.973753280839895,HAR_subject
logistic,fixed_k,512,101,iid,main,2,0.9635761589403974,HAR_subject
logistic,fixed_k,512,101,iid,main,4,0.9589905362776026,HAR_subject
logistic,fixed_k,512,101,iid,main,9,0.8784722222222222,HAR_subject
logistic,fixed_k,512,101,iid,main,10,0.826530612244898,HAR_subject
logistic,fixed_k,512,101,iid,main,12,0.95625,HAR_subject
logistic,fixed_k,512,101,iid,main,13,0.9755351681957186,HAR_subject
logistic,fixed_k,512,101,iid,main,18,0.9093406593406593,HAR_subject
logistic,fixed_k,512,101,iid,main,20,0.9293785310734464,HAR_subject
logistic,fixed_k,512,101,iid,main,24,0.984251968503937,HAR_subject
logistic,naive,512,23,iid,main,2,0.9768211920529801,HAR_subject
logistic,naive,512,23,iid,main,4,0.9558359621451105,HAR_subject
logistic,naive,512,23,iid,main,9,0.8819444444444444,HAR_subject
logistic,naive,512,23,iid,main,10,0.8367346938775511,HAR_subject
logistic,naive,512,23,iid,main,12,0.965625,HAR_subject
logistic,naive,512,23,iid,main,13,0.9571865443425076,HAR_subject
logistic,naive,512,23,iid,main,18,0.9065934065934066,HAR_subject
logistic,naive,512,23,iid,main,20,0.8898305084745762,HAR_subject
logistic,naive,512,23,iid,main,24,0.973753280839895,HAR_subject
logistic,fixed_k,128,137,markov,channel_robustness,2,0.9701986754966887,HAR_subject
logistic,fixed_k,128,137,markov,channel_robustness,4,0.9558359621451105,HAR_subject
logistic,fixed_k,128,137,markov,channel_robustness,9,0.8854166666666666,HAR_subject
logistic,fixed_k,128,137,markov,channel_robustness,10,0.8333333333333334,HAR_subject
logistic,fixed_k,128,137,markov,channel_robustness,12,0.965625,HAR_subject
logistic,fixed_k,128,137,markov,channel_robustness,13,0.9480122324159022,HAR_subject
logistic,fixed_k,128,137,markov,channel_robustness,18,0.8928571428571429,HAR_subject
logistic,fixed_k,128,137,markov,channel_robustness,20,0.9293785310734464,HAR_subject
logistic,fixed_k,128,137,markov,channel_robustness,24,0.979002624671916,HAR_subject
logistic,fixed_k,128,83,iid,main,2,0.9635761589403974,HAR_subject
logistic,fixed_k,128,83,iid,main,4,0.9589905362776026,HAR_subject
logistic,fixed_k,128,83,iid,main,9,0.8784722222222222,HAR_subject
logistic,fixed_k,128,83,iid,main,10,0.8537414965986394,HAR_subject
logistic,fixed_k,128,83,iid,main,12,0.9375,HAR_subject
logistic,fixed_k,128,83,iid,main,13,0.9510703363914373,HAR_subject
logistic,fixed_k,128,83,iid,main,18,0.8901098901098901,HAR_subject
logistic,fixed_k,128,83,iid,main,20,0.923728813559322,HAR_subject
logistic,fixed_k,128,83,iid,main,24,0.9816272965879265,HAR_subject
logistic,conditional,32,127,iid,main,2,0.9503311258278145,HAR_subject
logistic,conditional,32,127,iid,main,4,0.9400630914826499,HAR_subject
logistic,conditional,32,127,iid,main,9,0.8715277777777778,HAR_subject
logistic,conditional,32,127,iid,main,10,0.8503401360544217,HAR_subject
logistic,conditional,32,127,iid,main,12,0.928125,HAR_subject
logistic,conditional,32,127,iid,main,13,0.9327217125382263,HAR_subject
logistic,conditional,32,127,iid,main,18,0.8626373626373627,HAR_subject
logistic,conditional,32,127,iid,main,20,0.903954802259887,HAR_subject
logistic,conditional,32,127,iid,main,24,0.9396325459317585,HAR_subject
logistic,conditional,128,67,markov,channel_robustness,2,0.9735099337748344,HAR_subject
logistic,conditional,128,67,markov,channel_robustness,4,0.9495268138801262,HAR_subject
logistic,conditional,128,67,markov,channel_robustness,9,0.8611111111111112,HAR_subject
logistic,conditional,128,67,markov,channel_robustness,10,0.8299319727891157,HAR_subject
logistic,conditional,128,67,markov,channel_robustness,12,0.940625,HAR_subject
logistic,conditional,128,67,markov,channel_robustness,13,0.9724770642201835,HAR_subject
logistic,conditional,128,67,markov,channel_robustness,18,0.8846153846153846,HAR_subject
logistic,conditional,128,67,markov,channel_robustness,20,0.923728813559322,HAR_subject
logistic,conditional,128,67,markov,channel_robustness,24,0.979002624671916,HAR_subject
logistic,fixed_k,128,23,iid,main,2,0.9801324503311258,HAR_subject
logistic,fixed_k,128,23,iid,main,4,0.9589905362776026,HAR_subject
logistic,fixed_k,128,23,iid,main,9,0.8854166666666666,HAR_subject
logistic,fixed_k,128,23,iid,main,10,0.8299319727891157,HAR_subject
logistic,fixed_k,128,23,iid,main,12,0.959375,HAR_subject
logistic,fixed_k,128,23,iid,main,13,0.9541284403669725,HAR_subject
logistic,fixed_k,128,23,iid,main,18,0.8928571428571429,HAR_subject
logistic,fixed_k,128,23,iid,main,20,0.8870056497175142,HAR_subject
logistic,fixed_k,128,23,iid,main,24,0.968503937007874,HAR_subject
logistic,client_ema,512,67,iid,main,2,0.9701986754966887,HAR_subject
logistic,client_ema,512,67,iid,main,4,0.9589905362776026,HAR_subject
logistic,client_ema,512,67,iid,main,9,0.8506944444444444,HAR_subject
logistic,client_ema,512,67,iid,main,10,0.8129251700680272,HAR_subject
logistic,client_ema,512,67,iid,main,12,0.95625,HAR_subject
logistic,client_ema,512,67,iid,main,13,0.9755351681957186,HAR_subject
logistic,client_ema,512,67,iid,main,18,0.9065934065934066,HAR_subject
logistic,client_ema,512,67,iid,main,20,0.9293785310734464,HAR_subject
logistic,client_ema,512,67,iid,main,24,0.9816272965879265,HAR_subject
logistic,naive,128,97,iid,main,2,0.9503311258278145,HAR_subject
logistic,naive,128,97,iid,main,4,0.9400630914826499,HAR_subject
logistic,naive,128,97,iid,main,9,0.8680555555555556,HAR_subject
logistic,naive,128,97,iid,main,10,0.8639455782312925,HAR_subject
logistic,naive,128,97,iid,main,12,0.9375,HAR_subject
logistic,naive,128,97,iid,main,13,0.9663608562691132,HAR_subject
logistic,naive,128,97,iid,main,18,0.8846153846153846,HAR_subject
logistic,naive,128,97,iid,main,20,0.8870056497175142,HAR_subject
logistic,naive,128,97,iid,main,24,0.9711286089238845,HAR_subject
logistic,conditional,128,149,markov,channel_robustness,2,0.9536423841059603,HAR_subject
logistic,conditional,128,149,markov,channel_robustness,4,0.9526813880126183,HAR_subject
logistic,conditional,128,149,markov,channel_robustness,9,0.8680555555555556,HAR_subject
logistic,conditional,128,149,markov,channel_robustness,10,0.8469387755102041,HAR_subject
logistic,conditional,128,149,markov,channel_robustness,12,0.959375,HAR_subject
logistic,conditional,128,149,markov,channel_robustness,13,0.963302752293578,HAR_subject
logistic,conditional,128,149,markov,channel_robustness,18,0.9038461538461539,HAR_subject
logistic,conditional,128,149,markov,channel_robustness,20,0.8898305084745762,HAR_subject
logistic,conditional,128,149,markov,channel_robustness,24,0.9658792650918635,HAR_subject
logistic,fixed_k,32,101,iid,main,2,0.9437086092715232,HAR_subject
logistic,fixed_k,32,101,iid,main,4,0.9242902208201893,HAR_subject
logistic,fixed_k,32,101,iid,main,9,0.84375,HAR_subject
logistic,fixed_k,32,101,iid,main,10,0.8299319727891157,HAR_subject
logistic,fixed_k,32,101,iid,main,12,0.91875,HAR_subject
logistic,fixed_k,32,101,iid,main,13,0.9602446483180428,HAR_subject
logistic,fixed_k,32,101,iid,main,18,0.8818681318681318,HAR_subject
logistic,fixed_k,32,101,iid,main,20,0.8898305084745762,HAR_subject
logistic,fixed_k,32,101,iid,main,24,0.937007874015748,HAR_subject
logistic,conditional,128,11,markov,channel_robustness,2,0.9668874172185431,HAR_subject
logistic,conditional,128,11,markov,channel_robustness,4,0.9684542586750788,HAR_subject
logistic,conditional,128,11,markov,channel_robustness,9,0.8645833333333334,HAR_subject
logistic,conditional,128,11,markov,channel_robustness,10,0.8061224489795918,HAR_subject
logistic,conditional,128,11,markov,channel_robustness,12,0.940625,HAR_subject
logistic,conditional,128,11,markov,channel_robustness,13,0.9510703363914373,HAR_subject
logistic,conditional,128,11,markov,channel_robustness,18,0.9010989010989011,HAR_subject
logistic,conditional,128,11,markov,channel_robustness,20,0.8983050847457628,HAR_subject
logistic,conditional,128,11,markov,channel_robustness,24,0.9711286089238845,HAR_subject
logistic,client_ema,512,59,iid,main,2,0.9768211920529801,HAR_subject
logistic,client_ema,512,59,iid,main,4,0.9652996845425867,HAR_subject
logistic,client_ema,512,59,iid,main,9,0.8576388888888888,HAR_subject
logistic,client_ema,512,59,iid,main,10,0.8367346938775511,HAR_subject
logistic,client_ema,512,59,iid,main,12,0.965625,HAR_subject
logistic,client_ema,512,59,iid,main,13,0.9602446483180428,HAR_subject
logistic,client_ema,512,59,iid,main,18,0.9120879120879121,HAR_subject
logistic,client_ema,512,59,iid,main,20,0.8870056497175142,HAR_subject
logistic,client_ema,512,59,iid,main,24,0.9816272965879265,HAR_subject
logistic,fixed_k,32,149,iid,main,2,0.9370860927152318,HAR_subject
logistic,fixed_k,32,149,iid,main,4,0.943217665615142,HAR_subject
logistic,fixed_k,32,149,iid,main,9,0.8680555555555556,HAR_subject
logistic,fixed_k,32,149,iid,main,10,0.8503401360544217,HAR_subject
logistic,fixed_k,32,149,iid,main,12,0.921875,HAR_subject
logistic,fixed_k,32,149,iid,main,13,0.9602446483180428,HAR_subject
logistic,fixed_k,32,149,iid,main,18,0.8598901098901099,HAR_subject
logistic,fixed_k,32,149,iid,main,20,0.8728813559322034,HAR_subject
logistic,fixed_k,32,149,iid,main,24,0.958005249343832,HAR_subject
logistic,estimated_conditional,512,149,iid,main,2,0.9668874172185431,HAR_subject
logistic,estimated_conditional,512,149,iid,main,4,0.9558359621451105,HAR_subject
logistic,estimated_conditional,512,149,iid,main,9,0.875,HAR_subject
logistic,estimated_conditional,512,149,iid,main,10,0.8435374149659864,HAR_subject
logistic,estimated_conditional,512,149,iid,main,12,0.953125,HAR_subject
logistic,estimated_conditional,512,149,iid,main,13,0.9755351681957186,HAR_subject
logistic,estimated_conditional,512,149,iid,main,18,0.9148351648351648,HAR_subject
logistic,estimated_conditional,512,149,iid,main,20,0.9152542372881356,HAR_subject
logistic,estimated_conditional,512,149,iid,main,24,0.979002624671916,HAR_subject
logistic,mean_length,32,11,iid,main,2,0.9503311258278145,HAR_subject
logistic,mean_length,32,11,iid,main,4,0.9652996845425867,HAR_subject
logistic,mean_length,32,11,iid,main,9,0.8506944444444444,HAR_subject
logistic,mean_length,32,11,iid,main,10,0.8163265306122449,HAR_subject
logistic,mean_length,32,11,iid,main,12,0.946875,HAR_subject
logistic,mean_length,32,11,iid,main,13,0.9357798165137615,HAR_subject
logistic,mean_length,32,11,iid,main,18,0.8681318681318682,HAR_subject
logistic,mean_length,32,11,iid,main,20,0.8615819209039548,HAR_subject
logistic,mean_length,32,11,iid,main,24,0.9553805774278216,HAR_subject
logistic,naive,32,97,iid,main,2,0.9304635761589404,HAR_subject
logistic,naive,32,97,iid,main,4,0.9211356466876972,HAR_subject
logistic,naive,32,97,iid,main,9,0.8645833333333334,HAR_subject
logistic,naive,32,97,iid,main,10,0.8401360544217688,HAR_subject
logistic,naive,32,97,iid,main,12,0.909375,HAR_subject
logistic,naive,32,97,iid,main,13,0.9510703363914373,HAR_subject
logistic,naive,32,97,iid,main,18,0.8516483516483516,HAR_subject
logistic,naive,32,97,iid,main,20,0.8587570621468926,HAR_subject
logistic,naive,32,97,iid,main,24,0.931758530183727,HAR_subject
logistic,naive,512,137,iid,main,2,0.9735099337748344,HAR_subject
logistic,naive,512,137,iid,main,4,0.9589905362776026,HAR_subject
logistic,naive,512,137,iid,main,9,0.8819444444444444,HAR_subject
logistic,naive,512,137,iid,main,10,0.8299319727891157,HAR_subject
logistic,naive,512,137,iid,main,12,0.95625,HAR_subject
logistic,naive,512,137,iid,main,13,0.9510703363914373,HAR_subject
logistic,naive,512,137,iid,main,18,0.8956043956043956,HAR_subject
logistic,naive,512,137,iid,main,20,0.9180790960451978,HAR_subject
logistic,naive,512,137,iid,main,24,0.973753280839895,HAR_subject
logistic,conditional,128,23,markov,channel_robustness,2,0.9768211920529801,HAR_subject
logistic,conditional,128,23,markov,channel_robustness,4,0.9652996845425867,HAR_subject
logistic,conditional,128,23,markov,channel_robustness,9,0.875,HAR_subject
logistic,conditional,128,23,markov,channel_robustness,10,0.8503401360544217,HAR_subject
logistic,conditional,128,23,markov,channel_robustness,12,0.953125,HAR_subject
logistic,conditional,128,23,markov,channel_robustness,13,0.9510703363914373,HAR_subject
logistic,conditional,128,23,markov,channel_robustness,18,0.8956043956043956,HAR_subject
logistic,conditional,128,23,markov,channel_robustness,20,0.8757062146892656,HAR_subject
logistic,conditional,128,23,markov,channel_robustness,24,0.9553805774278216,HAR_subject
logistic,client_ema,512,83,iid,main,2,0.9668874172185431,HAR_subject
logistic,client_ema,512,83,iid,main,4,0.9684542586750788,HAR_subject
logistic,client_ema,512,83,iid,main,9,0.8715277777777778,HAR_subject
logistic,client_ema,512,83,iid,main,10,0.8401360544217688,HAR_subject
logistic,client_ema,512,83,iid,main,12,0.965625,HAR_subject
logistic,client_ema,512,83,iid,main,13,0.963302752293578,HAR_subject
logistic,client_ema,512,83,iid,main,18,0.9093406593406593,HAR_subject
logistic,client_ema,512,83,iid,main,20,0.9265536723163842,HAR_subject
logistic,client_ema,512,83,iid,main,24,0.984251968503937,HAR_subject
logistic,mean_length,32,97,iid,main,2,0.9470198675496688,HAR_subject
logistic,mean_length,32,97,iid,main,4,0.9400630914826499,HAR_subject
logistic,mean_length,32,97,iid,main,9,0.8680555555555556,HAR_subject
logistic,mean_length,32,97,iid,main,10,0.8571428571428571,HAR_subject
logistic,mean_length,32,97,iid,main,12,0.934375,HAR_subject
logistic,mean_length,32,97,iid,main,13,0.963302752293578,HAR_subject
logistic,mean_length,32,97,iid,main,18,0.8901098901098901,HAR_subject
logistic,mean_length,32,97,iid,main,20,0.8700564971751412,HAR_subject
logistic,mean_length,32,97,iid,main,24,0.9658792650918635,HAR_subject
mlp,conditional,128,97,iid,mlp_robustness,2,0.9668874172185431,HAR_subject
mlp,conditional,128,97,iid,mlp_robustness,4,0.9526813880126183,HAR_subject
mlp,conditional,128,97,iid,mlp_robustness,9,0.8715277777777778,HAR_subject
mlp,conditional,128,97,iid,mlp_robustness,10,0.8333333333333334,HAR_subject
mlp,conditional,128,97,iid,mlp_robustness,12,0.95,HAR_subject
mlp,conditional,128,97,iid,mlp_robustness,13,0.9602446483180428,HAR_subject
mlp,conditional,128,97,iid,mlp_robustness,18,0.9065934065934066,HAR_subject
mlp,conditional,128,97,iid,mlp_robustness,20,0.8983050847457628,HAR_subject
mlp,conditional,128,97,iid,mlp_robustness,24,0.9606299212598425,HAR_subject
logistic,estimated_conditional,128,23,iid,main,2,0.9701986754966887,HAR_subject
logistic,estimated_conditional,128,23,iid,main,4,0.9652996845425867,HAR_subject
logistic,estimated_conditional,128,23,iid,main,9,0.8784722222222222,HAR_subject
logistic,estimated_conditional,128,23,iid,main,10,0.8401360544217688,HAR_subject
logistic,estimated_conditional,128,23,iid,main,12,0.959375,HAR_subject
logistic,estimated_conditional,128,23,iid,main,13,0.9541284403669725,HAR_subject
logistic,estimated_conditional,128,23,iid,main,18,0.9093406593406593,HAR_subject
logistic,estimated_conditional,128,23,iid,main,20,0.884180790960452,HAR_subject
logistic,estimated_conditional,128,23,iid,main,24,0.9763779527559056,HAR_subject
mlp,fixed_k,128,101,iid,mlp_robustness,2,0.9602649006622517,HAR_subject
mlp,fixed_k,128,101,iid,mlp_robustness,4,0.9400630914826499,HAR_subject
mlp,fixed_k,128,101,iid,mlp_robustness,9,0.875,HAR_subject
mlp,fixed_k,128,101,iid,mlp_robustness,10,0.7653061224489796,HAR_subject
mlp,fixed_k,128,101,iid,mlp_robustness,12,0.915625,HAR_subject
mlp,fixed_k,128,101,iid,mlp_robustness,13,0.9602446483180428,HAR_subject
mlp,fixed_k,128,101,iid,mlp_robustness,18,0.8818681318681318,HAR_subject
mlp,fixed_k,128,101,iid,mlp_robustness,20,0.8983050847457628,HAR_subject
mlp,fixed_k,128,101,iid,mlp_robustness,24,0.9553805774278216,HAR_subject
logistic,mean_length,32,149,iid,main,2,0.9271523178807947,HAR_subject
logistic,mean_length,32,149,iid,main,4,0.9337539432176656,HAR_subject
logistic,mean_length,32,149,iid,main,9,0.8611111111111112,HAR_subject
logistic,mean_length,32,149,iid,main,10,0.8639455782312925,HAR_subject
logistic,mean_length,32,149,iid,main,12,0.9375,HAR_subject
logistic,mean_length,32,149,iid,main,13,0.9510703363914373,HAR_subject
logistic,mean_length,32,149,iid,main,18,0.8736263736263736,HAR_subject
logistic,mean_length,32,149,iid,main,20,0.8700564971751412,HAR_subject
logistic,mean_length,32,149,iid,main,24,0.952755905511811,HAR_subject
logistic,client_ema,32,127,iid,main,2,0.9470198675496688,HAR_subject
logistic,client_ema,32,127,iid,main,4,0.9400630914826499,HAR_subject
logistic,client_ema,32,127,iid,main,9,0.8645833333333334,HAR_subject
logistic,client_ema,32,127,iid,main,10,0.8571428571428571,HAR_subject
logistic,client_ema,32,127,iid,main,12,0.940625,HAR_subject
logistic,client_ema,32,127,iid,main,13,0.9357798165137615,HAR_subject
logistic,client_ema,32,127,iid,main,18,0.8516483516483516,HAR_subject
logistic,client_ema,32,127,iid,main,20,0.9011299435028248,HAR_subject
logistic,client_ema,32,127,iid,main,24,0.952755905511811,HAR_subject
mlp,fixed_k,128,47,iid,mlp_robustness,2,0.9072847682119205,HAR_Dirichlet
mlp,fixed_k,128,47,iid,mlp_robustness,4,0.9495268138801262,HAR_Dirichlet
mlp,fixed_k,128,47,iid,mlp_robustness,9,0.875,HAR_Dirichlet
mlp,fixed_k,128,47,iid,mlp_robustness,10,0.8673469387755102,HAR_Dirichlet
mlp,fixed_k,128,47,iid,mlp_robustness,12,0.9125,HAR_Dirichlet
mlp,fixed_k,128,47,iid,mlp_robustness,13,0.9418960244648318,HAR_Dirichlet
mlp,fixed_k,128,47,iid,mlp_robustness,18,0.8708791208791209,HAR_Dirichlet
mlp,fixed_k,128,47,iid,mlp_robustness,20,0.8502824858757062,HAR_Dirichlet
mlp,fixed_k,128,47,iid,mlp_robustness,24,0.963254593175853,HAR_Dirichlet
logistic,estimated_conditional,128,47,iid,main,2,0.9701986754966887,HAR_Dirichlet
logistic,estimated_conditional,128,47,iid,main,4,0.9652996845425867,HAR_Dirichlet
logistic,estimated_conditional,128,47,iid,main,9,0.8784722222222222,HAR_Dirichlet
logistic,estimated_conditional,128,47,iid,main,10,0.8435374149659864,HAR_Dirichlet
logistic,estimated_conditional,128,47,iid,main,12,0.96875,HAR_Dirichlet
logistic,estimated_conditional,128,47,iid,main,13,0.9541284403669725,HAR_Dirichlet
logistic,estimated_conditional,128,47,iid,main,18,0.8956043956043956,HAR_Dirichlet
logistic,estimated_conditional,128,47,iid,main,20,0.9096045197740112,HAR_Dirichlet
logistic,estimated_conditional,128,47,iid,main,24,0.9711286089238845,HAR_Dirichlet
mlp,conditional,128,113,iid,mlp_robustness,2,0.9635761589403974,HAR_Dirichlet
mlp,conditional,128,113,iid,mlp_robustness,4,0.9305993690851735,HAR_Dirichlet
mlp,conditional,128,113,iid,mlp_robustness,9,0.8784722222222222,HAR_Dirichlet
mlp,conditional,128,113,iid,mlp_robustness,10,0.7959183673469388,HAR_Dirichlet
mlp,conditional,128,113,iid,mlp_robustness,12,0.940625,HAR_Dirichlet
mlp,conditional,128,113,iid,mlp_robustness,13,0.9602446483180428,HAR_Dirichlet
mlp,conditional,128,113,iid,mlp_robustness,18,0.8901098901098901,HAR_Dirichlet
mlp,conditional,128,113,iid,mlp_robustness,20,0.8926553672316384,HAR_Dirichlet
mlp,conditional,128,113,iid,mlp_robustness,24,0.9422572178477691,HAR_Dirichlet
logistic,fixed_k,32,11,iid,main,2,0.9536423841059603,HAR_Dirichlet
logistic,fixed_k,32,11,iid,main,4,0.9621451104100947,HAR_Dirichlet
logistic,fixed_k,32,11,iid,main,9,0.8715277777777778,HAR_Dirichlet
logistic,fixed_k,32,11,iid,main,10,0.7857142857142857,HAR_Dirichlet
logistic,fixed_k,32,11,iid,main,12,0.909375,HAR_Dirichlet
logistic,fixed_k,32,11,iid,main,13,0.9296636085626911,HAR_Dirichlet
logistic,fixed_k,32,11,iid,main,18,0.8873626373626373,HAR_Dirichlet
logistic,fixed_k,32,11,iid,main,20,0.8502824858757062,HAR_Dirichlet
logistic,fixed_k,32,11,iid,main,24,0.931758530183727,HAR_Dirichlet
logistic,conditional,128,11,markov,channel_robustness,2,0.9536423841059603,HAR_Dirichlet
logistic,conditional,128,11,markov,channel_robustness,4,0.9684542586750788,HAR_Dirichlet
logistic,conditional,128,11,markov,channel_robustness,9,0.8680555555555556,HAR_Dirichlet
logistic,conditional,128,11,markov,channel_robustness,10,0.8197278911564626,HAR_Dirichlet
logistic,conditional,128,11,markov,channel_robustness,12,0.94375,HAR_Dirichlet
logistic,conditional,128,11,markov,channel_robustness,13,0.9388379204892966,HAR_Dirichlet
logistic,conditional,128,11,markov,channel_robustness,18,0.8983516483516484,HAR_Dirichlet
logistic,conditional,128,11,markov,channel_robustness,20,0.8954802259887006,HAR_Dirichlet
logistic,conditional,128,11,markov,channel_robustness,24,0.968503937007874,HAR_Dirichlet
logistic,mean_length,128,137,iid,main,2,0.9701986754966887,HAR_Dirichlet
logistic,mean_length,128,137,iid,main,4,0.943217665615142,HAR_Dirichlet
logistic,mean_length,128,137,iid,main,9,0.8715277777777778,HAR_Dirichlet
logistic,mean_length,128,137,iid,main,10,0.8231292517006803,HAR_Dirichlet
logistic,mean_length,128,137,iid,main,12,0.9625,HAR_Dirichlet
logistic,mean_length,128,137,iid,main,13,0.944954128440367,HAR_Dirichlet
logistic,mean_length,128,137,iid,main,18,0.8956043956043956,HAR_Dirichlet
logistic,mean_length,128,137,iid,main,20,0.9152542372881356,HAR_Dirichlet
logistic,mean_length,128,137,iid,main,24,0.9711286089238845,HAR_Dirichlet
logistic,fixed_k,128,97,iid,main,2,0.9768211920529801,HAR_Dirichlet
logistic,fixed_k,128,97,iid,main,4,0.9526813880126183,HAR_Dirichlet
logistic,fixed_k,128,97,iid,main,9,0.8715277777777778,HAR_Dirichlet
logistic,fixed_k,128,97,iid,main,10,0.8503401360544217,HAR_Dirichlet
logistic,fixed_k,128,97,iid,main,12,0.9375,HAR_Dirichlet
logistic,fixed_k,128,97,iid,main,13,0.9663608562691132,HAR_Dirichlet
logistic,fixed_k,128,97,iid,main,18,0.8983516483516484,HAR_Dirichlet
logistic,fixed_k,128,97,iid,main,20,0.8983050847457628,HAR_Dirichlet
logistic,fixed_k,128,97,iid,main,24,0.984251968503937,HAR_Dirichlet
logistic,client_ema,32,127,iid,main,2,0.9536423841059603,HAR_Dirichlet
logistic,client_ema,32,127,iid,main,4,0.917981072555205,HAR_Dirichlet
logistic,client_ema,32,127,iid,main,9,0.8645833333333334,HAR_Dirichlet
logistic,client_ema,32,127,iid,main,10,0.8061224489795918,HAR_Dirichlet
logistic,client_ema,32,127,iid,main,12,0.946875,HAR_Dirichlet
logistic,client_ema,32,127,iid,main,13,0.926605504587156,HAR_Dirichlet
logistic,client_ema,32,127,iid,main,18,0.8873626373626373,HAR_Dirichlet
logistic,client_ema,32,127,iid,main,20,0.940677966101695,HAR_Dirichlet
logistic,client_ema,32,127,iid,main,24,0.9396325459317585,HAR_Dirichlet
mlp,fixed_k,128,67,iid,mlp_robustness,2,0.9701986754966887,HAR_Dirichlet
mlp,fixed_k,128,67,iid,mlp_robustness,4,0.9558359621451105,HAR_Dirichlet
mlp,fixed_k,128,67,iid,mlp_robustness,9,0.8680555555555556,HAR_Dirichlet
mlp,fixed_k,128,67,iid,mlp_robustness,10,0.8231292517006803,HAR_Dirichlet
mlp,fixed_k,128,67,iid,mlp_robustness,12,0.9,HAR_Dirichlet
mlp,fixed_k,128,67,iid,mlp_robustness,13,0.9204892966360856,HAR_Dirichlet
mlp,fixed_k,128,67,iid,mlp_robustness,18,0.8598901098901099,HAR_Dirichlet
mlp,fixed_k,128,67,iid,mlp_robustness,20,0.8813559322033898,HAR_Dirichlet
mlp,fixed_k,128,67,iid,mlp_robustness,24,0.9343832020997376,HAR_Dirichlet
logistic,conditional,128,149,markov,channel_robustness,2,0.9602649006622517,HAR_Dirichlet
logistic,conditional,128,149,markov,channel_robustness,4,0.9558359621451105,HAR_Dirichlet
logistic,conditional,128,149,markov,channel_robustness,9,0.875,HAR_Dirichlet
logistic,conditional,128,149,markov,channel_robustness,10,0.8537414965986394,HAR_Dirichlet
logistic,conditional,128,149,markov,channel_robustness,12,0.95625,HAR_Dirichlet
logistic,conditional,128,149,markov,channel_robustness,13,0.9663608562691132,HAR_Dirichlet
logistic,conditional,128,149,markov,channel_robustness,18,0.8846153846153846,HAR_Dirichlet
logistic,conditional,128,149,markov,channel_robustness,20,0.8926553672316384,HAR_Dirichlet
logistic,conditional,128,149,markov,channel_robustness,24,0.979002624671916,HAR_Dirichlet
logistic,client_ema,128,83,iid,main,2,0.956953642384106,HAR_Dirichlet
logistic,client_ema,128,83,iid,main,4,0.9652996845425867,HAR_Dirichlet
logistic,client_ema,128,83,iid,main,9,0.8576388888888888,HAR_Dirichlet
logistic,client_ema,128,83,iid,main,10,0.8469387755102041,HAR_Dirichlet
logistic,client_ema,128,83,iid,main,12,0.934375,HAR_Dirichlet
logistic,client_ema,128,83,iid,main,13,0.9480122324159022,HAR_Dirichlet
logistic,client_ema,128,83,iid,main,18,0.9065934065934066,HAR_Dirichlet
logistic,client_ema,128,83,iid,main,20,0.9124293785310734,HAR_Dirichlet
logistic,client_ema,128,83,iid,main,24,0.9868766404199475,HAR_Dirichlet
logistic,conditional,32,59,iid,main,2,0.9370860927152318,HAR_Dirichlet
logistic,conditional,32,59,iid,main,4,0.9305993690851735,HAR_Dirichlet
logistic,conditional,32,59,iid,main,9,0.8368055555555556,HAR_Dirichlet
logistic,conditional,32,59,iid,main,10,0.8333333333333334,HAR_Dirichlet
logistic,conditional,32,59,iid,main,12,0.940625,HAR_Dirichlet
logistic,conditional,32,59,iid,main,13,0.9357798165137615,HAR_Dirichlet
logistic,conditional,32,59,iid,main,18,0.8763736263736264,HAR_Dirichlet
logistic,conditional,32,59,iid,main,20,0.8587570621468926,HAR_Dirichlet
logistic,conditional,32,59,iid,main,24,0.9422572178477691,HAR_Dirichlet
logistic,estimated_conditional,128,113,iid,main,2,0.9668874172185431,HAR_Dirichlet
logistic,estimated_conditional,128,113,iid,main,4,0.9337539432176656,HAR_Dirichlet
logistic,estimated_conditional,128,113,iid,main,9,0.8819444444444444,HAR_Dirichlet
logistic,estimated_conditional,128,113,iid,main,10,0.8673469387755102,HAR_Dirichlet
logistic,estimated_conditional,128,113,iid,main,12,0.959375,HAR_Dirichlet
logistic,estimated_conditional,128,113,iid,main,13,0.9571865443425076,HAR_Dirichlet
logistic,estimated_conditional,128,113,iid,main,18,0.9258241758241759,HAR_Dirichlet
logistic,estimated_conditional,128,113,iid,main,20,0.9096045197740112,HAR_Dirichlet
logistic,estimated_conditional,128,113,iid,main,24,0.979002624671916,HAR_Dirichlet
logistic,conditional,512,97,iid,main,2,0.9701986754966887,HAR_Dirichlet
logistic,conditional,512,97,iid,main,4,0.9684542586750788,HAR_Dirichlet
logistic,conditional,512,97,iid,main,9,0.8680555555555556,HAR_Dirichlet
logistic,conditional,512,97,iid,main,10,0.8435374149659864,HAR_Dirichlet
logistic,conditional,512,97,iid,main,12,0.9625,HAR_Dirichlet
logistic,conditional,512,97,iid,main,13,0.9724770642201835,HAR_Dirichlet
logistic,conditional,512,97,iid,main,18,0.9230769230769231,HAR_Dirichlet
logistic,conditional,512,97,iid,main,20,0.8954802259887006,HAR_Dirichlet
logistic,conditional,512,97,iid,main,24,0.984251968503937,HAR_Dirichlet
logistic,fixed_k,512,47,iid,main,2,0.956953642384106,HAR_Dirichlet
logistic,fixed_k,512,47,iid,main,4,0.9589905362776026,HAR_Dirichlet
logistic,fixed_k,512,47,iid,main,9,0.875,HAR_Dirichlet
logistic,fixed_k,512,47,iid,main,10,0.8163265306122449,HAR_Dirichlet
logistic,fixed_k,512,47,iid,main,12,0.959375,HAR_Dirichlet
logistic,fixed_k,512,47,iid,main,13,0.9602446483180428,HAR_Dirichlet
logistic,fixed_k,512,47,iid,main,18,0.8983516483516484,HAR_Dirichlet
logistic,fixed_k,512,47,iid,main,20,0.9096045197740112,HAR_Dirichlet
logistic,fixed_k,512,47,iid,main,24,0.979002624671916,HAR_Dirichlet
logistic,conditional,128,97,iid,main,2,0.9635761589403974,HAR_Dirichlet
logistic,conditional,128,97,iid,main,4,0.9589905362776026,HAR_Dirichlet
logistic,conditional,128,97,iid,main,9,0.8611111111111112,HAR_Dirichlet
logistic,conditional,128,97,iid,main,10,0.8537414965986394,HAR_Dirichlet
logistic,conditional,128,97,iid,main,12,0.95,HAR_Dirichlet
logistic,conditional,128,97,iid,main,13,0.9694189602446484,HAR_Dirichlet
logistic,conditional,128,97,iid,main,18,0.9093406593406593,HAR_Dirichlet
logistic,conditional,128,97,iid,main,20,0.9096045197740112,HAR_Dirichlet
logistic,conditional,128,97,iid,main,24,0.9711286089238845,HAR_Dirichlet
logistic,conditional,32,11,iid,main,2,0.9403973509933775,HAR_Dirichlet
logistic,conditional,32,11,iid,main,4,0.9684542586750788,HAR_Dirichlet
logistic,conditional,32,11,iid,main,9,0.8576388888888888,HAR_Dirichlet
logistic,conditional,32,11,iid,main,10,0.782312925170068,HAR_Dirichlet
logistic,conditional,32,11,iid,main,12,0.928125,HAR_Dirichlet
logistic,conditional,32,11,iid,main,13,0.9357798165137615,HAR_Dirichlet
logistic,conditional,32,11,iid,main,18,0.8708791208791209,HAR_Dirichlet
logistic,conditional,32,11,iid,main,20,0.8728813559322034,HAR_Dirichlet
logistic,conditional,32,11,iid,main,24,0.9396325459317585,HAR_Dirichlet
logistic,estimated_conditional,32,137,iid,main,2,0.9668874172185431,HAR_Dirichlet
logistic,estimated_conditional,32,137,iid,main,4,0.9274447949526814,HAR_Dirichlet
logistic,estimated_conditional,32,137,iid,main,9,0.8506944444444444,HAR_Dirichlet
logistic,estimated_conditional,32,137,iid,main,10,0.8401360544217688,HAR_Dirichlet
logistic,estimated_conditional,32,137,iid,main,12,0.946875,HAR_Dirichlet
logistic,estimated_conditional,32,137,iid,main,13,0.9204892966360856,HAR_Dirichlet
logistic,estimated_conditional,32,137,iid,main,18,0.8653846153846154,HAR_Dirichlet
logistic,estimated_conditional,32,137,iid,main,20,0.9011299435028248,HAR_Dirichlet
logistic,estimated_conditional,32,137,iid,main,24,0.958005249343832,HAR_Dirichlet
logistic,fixed_k,512,83,iid,main,2,0.9701986754966887,HAR_Dirichlet
logistic,fixed_k,512,83,iid,main,4,0.9652996845425867,HAR_Dirichlet
logistic,fixed_k,512,83,iid,main,9,0.8715277777777778,HAR_Dirichlet
logistic,fixed_k,512,83,iid,main,10,0.8401360544217688,HAR_Dirichlet
logistic,fixed_k,512,83,iid,main,12,0.946875,HAR_Dirichlet
logistic,fixed_k,512,83,iid,main,13,0.9602446483180428,HAR_Dirichlet
logistic,fixed_k,512,83,iid,main,18,0.9038461538461539,HAR_Dirichlet
logistic,fixed_k,512,83,iid,main,20,0.9265536723163842,HAR_Dirichlet
logistic,fixed_k,512,83,iid,main,24,0.984251968503937,HAR_Dirichlet
logistic,estimated_conditional,32,11,iid,main,2,0.9437086092715232,HAR_Dirichlet
logistic,estimated_conditional,32,11,iid,main,4,0.9652996845425867,HAR_Dirichlet
logistic,estimated_conditional,32,11,iid,main,9,0.8611111111111112,HAR_Dirichlet
logistic,estimated_conditional,32,11,iid,main,10,0.7993197278911565,HAR_Dirichlet
logistic,estimated_conditional,32,11,iid,main,12,0.93125,HAR_Dirichlet
logistic,estimated_conditional,32,11,iid,main,13,0.9357798165137615,HAR_Dirichlet
logistic,estimated_conditional,32,11,iid,main,18,0.8818681318681318,HAR_Dirichlet
logistic,estimated_conditional,32,11,iid,main,20,0.8531073446327684,HAR_Dirichlet
logistic,estimated_conditional,32,11,iid,main,24,0.931758530183727,HAR_Dirichlet
logistic,client_ema,32,11,iid,main,2,0.956953642384106,HAR_Dirichlet
logistic,client_ema,32,11,iid,main,4,0.9621451104100947,HAR_Dirichlet
logistic,client_ema,32,11,iid,main,9,0.8645833333333334,HAR_Dirichlet
logistic,client_ema,32,11,iid,main,10,0.7993197278911565,HAR_Dirichlet
logistic,client_ema,32,11,iid,main,12,0.940625,HAR_Dirichlet
logistic,client_ema,32,11,iid,main,13,0.9357798165137615,HAR_Dirichlet
logistic,client_ema,32,11,iid,main,18,0.8791208791208791,HAR_Dirichlet
logistic,client_ema,32,11,iid,main,20,0.8728813559322034,HAR_Dirichlet
logistic,client_ema,32,11,iid,main,24,0.9396325459317585,HAR_Dirichlet
logistic,mean_length,128,149,iid,main,2,0.956953642384106,HAR_Dirichlet
logistic,mean_length,128,149,iid,main,4,0.9526813880126183,HAR_Dirichlet
logistic,mean_length,128,149,iid,main,9,0.8784722222222222,HAR_Dirichlet
logistic,mean_length,128,149,iid,main,10,0.8333333333333334,HAR_Dirichlet
logistic,mean_length,128,149,iid,main,12,0.934375,HAR_Dirichlet
logistic,mean_length,128,149,iid,main,13,0.9694189602446484,HAR_Dirichlet
logistic,mean_length,128,149,iid,main,18,0.9010989010989011,HAR_Dirichlet
logistic,mean_length,128,149,iid,main,20,0.8954802259887006,HAR_Dirichlet
logistic,mean_length,128,149,iid,main,24,0.968503937007874,HAR_Dirichlet
logistic,estimated_conditional,128,127,iid,main,2,0.9635761589403974,HAR_Dirichlet
logistic,estimated_conditional,128,127,iid,main,4,0.9526813880126183,HAR_Dirichlet
logistic,estimated_conditional,128,127,iid,main,9,0.8854166666666666,HAR_Dirichlet
logistic,estimated_conditional,128,127,iid,main,10,0.8231292517006803,HAR_Dirichlet
logistic,estimated_conditional,128,127,iid,main,12,0.95,HAR_Dirichlet
logistic,estimated_conditional,128,127,iid,main,13,0.9510703363914373,HAR_Dirichlet
logistic,estimated_conditional,128,127,iid,main,18,0.8956043956043956,HAR_Dirichlet
logistic,estimated_conditional,128,127,iid,main,20,0.9265536723163842,HAR_Dirichlet
logistic,estimated_conditional,128,127,iid,main,24,0.963254593175853,HAR_Dirichlet
logistic,conditional,128,23,iid,main,2,0.9801324503311258,HAR_Dirichlet
logistic,conditional,128,23,iid,main,4,0.943217665615142,HAR_Dirichlet
logistic,conditional,128,23,iid,main,9,0.8784722222222222,HAR_Dirichlet
logistic,conditional,128,23,iid,main,10,0.8197278911564626,HAR_Dirichlet
logistic,conditional,128,23,iid,main,12,0.971875,HAR_Dirichlet
logistic,conditional,128,23,iid,main,13,0.9510703363914373,HAR_Dirichlet
logistic,conditional,128,23,iid,main,18,0.8983516483516484,HAR_Dirichlet
logistic,conditional,128,23,iid,main,20,0.8926553672316384,HAR_Dirichlet
logistic,conditional,128,23,iid,main,24,0.9763779527559056,HAR_Dirichlet
logistic,estimated_conditional,32,127,iid,main,2,0.9503311258278145,HAR_Dirichlet
logistic,estimated_conditional,32,127,iid,main,4,0.9305993690851735,HAR_Dirichlet
logistic,estimated_conditional,32,127,iid,main,9,0.8680555555555556,HAR_Dirichlet
logistic,estimated_conditional,32,127,iid,main,10,0.7925170068027211,HAR_Dirichlet
logistic,estimated_conditional,32,127,iid,main,12,0.934375,HAR_Dirichlet
logistic,estimated_conditional,32,127,iid,main,13,0.9388379204892966,HAR_Dirichlet
logistic,estimated_conditional,32,127,iid,main,18,0.8928571428571429,HAR_Dirichlet
logistic,estimated_conditional,32,127,iid,main,20,0.9378531073446328,HAR_Dirichlet
logistic,estimated_conditional,32,127,iid,main,24,0.9396325459317585,HAR_Dirichlet
logistic,estimated_conditional,128,23,iid,main,2,0.9768211920529801,HAR_Dirichlet
logistic,estimated_conditional,128,23,iid,main,4,0.9463722397476341,HAR_Dirichlet
logistic,estimated_conditional,128,23,iid,main,9,0.875,HAR_Dirichlet
logistic,estimated_conditional,128,23,iid,main,10,0.8231292517006803,HAR_Dirichlet
logistic,estimated_conditional,128,23,iid,main,12,0.9625,HAR_Dirichlet
logistic,estimated_conditional,128,23,iid,main,13,0.9510703363914373,HAR_Dirichlet
logistic,estimated_conditional,128,23,iid,main,18,0.8928571428571429,HAR_Dirichlet
logistic,estimated_conditional,128,23,iid,main,20,0.8870056497175142,HAR_Dirichlet
logistic,estimated_conditional,128,23,iid,main,24,0.9763779527559056,HAR_Dirichlet
logistic,naive,512,23,iid,main,2,0.9834437086092715,HAR_Dirichlet
logistic,naive,512,23,iid,main,4,0.9400630914826499,HAR_Dirichlet
logistic,naive,512,23,iid,main,9,0.8784722222222222,HAR_Dirichlet
logistic,naive,512,23,iid,main,10,0.8367346938775511,HAR_Dirichlet
logistic,naive,512,23,iid,main,12,0.965625,HAR_Dirichlet
logistic,naive,512,23,iid,main,13,0.9602446483180428,HAR_Dirichlet
logistic,naive,512,23,iid,main,18,0.9065934065934066,HAR_Dirichlet
logistic,naive,512,23,iid,main,20,0.9011299435028248,HAR_Dirichlet
logistic,naive,512,23,iid,main,24,0.979002624671916,HAR_Dirichlet
logistic,fixed_k,128,127,markov,channel_robustness,2,0.956953642384106,HAR_Dirichlet
logistic,fixed_k,128,127,markov,channel_robustness,4,0.9400630914826499,HAR_Dirichlet
logistic,fixed_k,128,127,markov,channel_robustness,9,0.8784722222222222,HAR_Dirichlet
logistic,fixed_k,128,127,markov,channel_robustness,10,0.8537414965986394,HAR_Dirichlet
logistic,fixed_k,128,127,markov,channel_robustness,12,0.959375,HAR_Dirichlet
logistic,fixed_k,128,127,markov,channel_robustness,13,0.9418960244648318,HAR_Dirichlet
logistic,fixed_k,128,127,markov,channel_robustness,18,0.8901098901098901,HAR_Dirichlet
logistic,fixed_k,128,127,markov,channel_robustness,20,0.9209039548022598,HAR_Dirichlet
logistic,fixed_k,128,127,markov,channel_robustness,24,0.973753280839895,HAR_Dirichlet
logistic,fixed_k,128,47,markov,channel_robustness,2,0.9668874172185431,HAR_Dirichlet
logistic,fixed_k,128,47,markov,channel_robustness,4,0.9684542586750788,HAR_Dirichlet
logistic,fixed_k,128,47,markov,channel_robustness,9,0.8645833333333334,HAR_Dirichlet
logistic,fixed_k,128,47,markov,channel_robustness,10,0.8333333333333334,HAR_Dirichlet
logistic,fixed_k,128,47,markov,channel_robustness,12,0.9625,HAR_Dirichlet
logistic,fixed_k,128,47,markov,channel_robustness,13,0.9541284403669725,HAR_Dirichlet
logistic,fixed_k,128,47,markov,channel_robustness,18,0.8983516483516484,HAR_Dirichlet
logistic,fixed_k,128,47,markov,channel_robustness,20,0.9180790960451978,HAR_Dirichlet
logistic,fixed_k,128,47,markov,channel_robustness,24,0.9658792650918635,HAR_Dirichlet
logistic,conditional,128,83,markov,channel_robustness,2,0.956953642384106,HAR_Dirichlet
logistic,conditional,128,83,markov,channel_robustness,4,0.9621451104100947,HAR_Dirichlet
logistic,conditional,128,83,markov,channel_robustness,9,0.8645833333333334,HAR_Dirichlet
logistic,conditional,128,83,markov,channel_robustness,10,0.8605442176870748,HAR_Dirichlet
logistic,conditional,128,83,markov,channel_robustness,12,0.946875,HAR_Dirichlet
logistic,conditional,128,83,markov,channel_robustness,13,0.9510703363914373,HAR_Dirichlet
logistic,conditional,128,83,markov,channel_robustness,18,0.8983516483516484,HAR_Dirichlet
logistic,conditional,128,83,markov,channel_robustness,20,0.9124293785310734,HAR_Dirichlet
logistic,conditional,128,83,markov,channel_robustness,24,0.989501312335958,HAR_Dirichlet
logistic,conditional,32,83,iid,main,2,0.9437086092715232,HAR_Dirichlet
logistic,conditional,32,83,iid,main,4,0.9274447949526814,HAR_Dirichlet
logistic,conditional,32,83,iid,main,9,0.8645833333333334,HAR_Dirichlet
logistic,conditional,32,83,iid,main,10,0.8367346938775511,HAR_Dirichlet
logistic,conditional,32,83,iid,main,12,0.9125,HAR_Dirichlet
logistic,conditional,32,83,iid,main,13,0.926605504587156,HAR_Dirichlet
logistic,conditional,32,83,iid,main,18,0.8653846153846154,HAR_Dirichlet
logistic,conditional,32,83,iid,main,20,0.9096045197740112,HAR_Dirichlet
logistic,conditional,32,83,iid,main,24,0.94750656167979,HAR_Dirichlet
logistic,fixed_k,32,59,iid,main,2,0.9437086092715232,HAR_Dirichlet
logistic,fixed_k,32,59,iid,main,4,0.9558359621451105,HAR_Dirichlet
logistic,fixed_k,32,59,iid,main,9,0.84375,HAR_Dirichlet
logistic,fixed_k,32,59,iid,main,10,0.8401360544217688,HAR_Dirichlet
logistic,fixed_k,32,59,iid,main,12,0.925,HAR_Dirichlet
logistic,fixed_k,32,59,iid,main,13,0.9357798165137615,HAR_Dirichlet
logistic,fixed_k,32,59,iid,main,18,0.8791208791208791,HAR_Dirichlet
logistic,fixed_k,32,59,iid,main,20,0.864406779661017,HAR_Dirichlet
logistic,fixed_k,32,59,iid,main,24,0.9448818897637795,HAR_Dirichlet
logistic,conditional,128,47,iid,main,2,0.9668874172185431,HAR_Dirichlet
logistic,conditional,128,47,iid,main,4,0.9652996845425867,HAR_Dirichlet
logistic,conditional,128,47,iid,main,9,0.8715277777777778,HAR_Dirichlet
logistic,conditional,128,47,iid,main,10,0.8333333333333334,HAR_Dirichlet
logistic,conditional,128,47,iid,main,12,0.96875,HAR_Dirichlet
logistic,conditional,128,47,iid,main,13,0.9541284403669725,HAR_Dirichlet
logistic,conditional,128,47,iid,main,18,0.8901098901098901,HAR_Dirichlet
logistic,conditional,128,47,iid,main,20,0.9096045197740112,HAR_Dirichlet
logistic,conditional,128,47,iid,main,24,0.9711286089238845,HAR_Dirichlet
logistic,fixed_k,128,149,iid,main,2,0.9602649006622517,HAR_Dirichlet
logistic,fixed_k,128,149,iid,main,4,0.9463722397476341,HAR_Dirichlet
logistic,fixed_k,128,149,iid,main,9,0.8784722222222222,HAR_Dirichlet
logistic,fixed_k,128,149,iid,main,10,0.8401360544217688,HAR_Dirichlet
logistic,fixed_k,128,149,iid,main,12,0.94375,HAR_Dirichlet
logistic,fixed_k,128,149,iid,main,13,0.9694189602446484,HAR_Dirichlet
logistic,fixed_k,128,149,iid,main,18,0.8956043956043956,HAR_Dirichlet
logistic,fixed_k,128,149,iid,main,20,0.9011299435028248,HAR_Dirichlet
logistic,fixed_k,128,149,iid,main,24,0.9658792650918635,HAR_Dirichlet
logistic,fixed_k,128,101,iid,main,2,0.9470198675496688,HAR_Dirichlet
logistic,fixed_k,128,101,iid,main,4,0.943217665615142,HAR_Dirichlet
logistic,fixed_k,128,101,iid,main,9,0.8645833333333334,HAR_Dirichlet
logistic,fixed_k,128,101,iid,main,10,0.8435374149659864,HAR_Dirichlet
logistic,fixed_k,128,101,iid,main,12,0.940625,HAR_Dirichlet
logistic,fixed_k,128,101,iid,main,13,0.9663608562691132,HAR_Dirichlet
logistic,fixed_k,128,101,iid,main,18,0.9010989010989011,HAR_Dirichlet
logistic,fixed_k,128,101,iid,main,20,0.9124293785310734,HAR_Dirichlet
logistic,fixed_k,128,101,iid,main,24,0.963254593175853,HAR_Dirichlet
logistic,fixed_k,128,127,iid,main,2,0.9602649006622517,HAR_Dirichlet
logistic,fixed_k,128,127,iid,main,4,0.9526813880126183,HAR_Dirichlet
logistic,fixed_k,128,127,iid,main,9,0.8854166666666666,HAR_Dirichlet
logistic,fixed_k,128,127,iid,main,10,0.8163265306122449,HAR_Dirichlet
logistic,fixed_k,128,127,iid,main,12,0.95,HAR_Dirichlet
logistic,fixed_k,128,127,iid,main,13,0.9602446483180428,HAR_Dirichlet
logistic,fixed_k,128,127,iid,main,18,0.8956043956043956,HAR_Dirichlet
logistic,fixed_k,128,127,iid,main,20,0.9322033898305084,HAR_Dirichlet
logistic,fixed_k,128,127,iid,main,24,0.9658792650918635,HAR_Dirichlet
logistic,fixed_k,128,97,markov,channel_robustness,2,0.9701986754966887,HAR_Dirichlet
logistic,fixed_k,128,97,markov,channel_robustness,4,0.9495268138801262,HAR_Dirichlet
logistic,fixed_k,128,97,markov,channel_robustness,9,0.8680555555555556,HAR_Dirichlet
logistic,fixed_k,128,97,markov,channel_robustness,10,0.8639455782312925,HAR_Dirichlet
logistic,fixed_k,128,97,markov,channel_robustness,12,0.95,HAR_Dirichlet
logistic,fixed_k,128,97,markov,channel_robustness,13,0.963302752293578,HAR_Dirichlet
logistic,fixed_k,128,97,markov,channel_robustness,18,0.9120879120879121,HAR_Dirichlet
logistic,fixed_k,128,97,markov,channel_robustness,20,0.9124293785310734,HAR_Dirichlet
logistic,fixed_k,128,97,markov,channel_robustness,24,0.979002624671916,HAR_Dirichlet
logistic,fixed_k,128,59,markov,channel_robustness,2,0.9668874172185431,HAR_Dirichlet
logistic,fixed_k,128,59,markov,channel_robustness,4,0.9495268138801262,HAR_Dirichlet
logistic,fixed_k,128,59,markov,channel_robustness,9,0.8576388888888888,HAR_Dirichlet
logistic,fixed_k,128,59,markov,channel_robustness,10,0.8469387755102041,HAR_Dirichlet
logistic,fixed_k,128,59,markov,channel_robustness,12,0.934375,HAR_Dirichlet
logistic,fixed_k,128,59,markov,channel_robustness,13,0.9480122324159022,HAR_Dirichlet
logistic,fixed_k,128,59,markov,channel_robustness,18,0.8928571428571429,HAR_Dirichlet
logistic,fixed_k,128,59,markov,channel_robustness,20,0.8954802259887006,HAR_Dirichlet
logistic,fixed_k,128,59,markov,channel_robustness,24,0.9606299212598425,HAR_Dirichlet
logistic,naive,32,83,iid,main,2,0.9304635761589404,HAR_Dirichlet
logistic,naive,32,83,iid,main,4,0.9242902208201893,HAR_Dirichlet
logistic,naive,32,83,iid,main,9,0.8541666666666666,HAR_Dirichlet
logistic,naive,32,83,iid,main,10,0.7891156462585034,HAR_Dirichlet
logistic,naive,32,83,iid,main,12,0.90625,HAR_Dirichlet
logistic,naive,32,83,iid,main,13,0.926605504587156,HAR_Dirichlet
logistic,naive,32,83,iid,main,18,0.8516483516483516,HAR_Dirichlet
logistic,naive,32,83,iid,main,20,0.8785310734463276,HAR_Dirichlet
logistic,naive,32,83,iid,main,24,0.9448818897637795,HAR_Dirichlet
logistic,mean_length,128,83,iid,main,2,0.9602649006622517,HAR_Dirichlet
logistic,mean_length,128,83,iid,main,4,0.9652996845425867,HAR_Dirichlet
logistic,mean_length,128,83,iid,main,9,0.8472222222222222,HAR_Dirichlet
logistic,mean_length,128,83,iid,main,10,0.8503401360544217,HAR_Dirichlet
logistic,mean_length,128,83,iid,main,12,0.925,HAR_Dirichlet
logistic,mean_length,128,83,iid,main,13,0.9480122324159022,HAR_Dirichlet
logistic,mean_length,128,83,iid,main,18,0.9065934065934066,HAR_Dirichlet
logistic,mean_length,128,83,iid,main,20,0.9124293785310734,HAR_Dirichlet
logistic,mean_length,128,83,iid,main,24,0.9868766404199475,HAR_Dirichlet
logistic,client_ema,32,97,iid,main,2,0.9503311258278145,HAR_Dirichlet
logistic,client_ema,32,97,iid,main,4,0.9337539432176656,HAR_Dirichlet
logistic,client_ema,32,97,iid,main,9,0.8611111111111112,HAR_Dirichlet
logistic,client_ema,32,97,iid,main,10,0.8571428571428571,HAR_Dirichlet
logistic,client_ema,32,97,iid,main,12,0.921875,HAR_Dirichlet
logistic,client_ema,32,97,iid,main,13,0.963302752293578,HAR_Dirichlet
logistic,client_ema,32,97,iid,main,18,0.8653846153846154,HAR_Dirichlet
logistic,client_ema,32,97,iid,main,20,0.884180790960452,HAR_Dirichlet
logistic,client_ema,32,97,iid,main,24,0.952755905511811,HAR_Dirichlet
logistic,estimated_conditional,512,137,iid,main,2,0.9768211920529801,HAR_Dirichlet
logistic,estimated_conditional,512,137,iid,main,4,0.9589905362776026,HAR_Dirichlet
logistic,estimated_conditional,512,137,iid,main,9,0.8784722222222222,HAR_Dirichlet
logistic,estimated_conditional,512,137,iid,main,10,0.826530612244898,HAR_Dirichlet
logistic,estimated_conditional,512,137,iid,main,12,0.953125,HAR_Dirichlet
logistic,estimated_conditional,512,137,iid,main,13,0.9602446483180428,HAR_Dirichlet
logistic,estimated_conditional,512,137,iid,main,18,0.9258241758241759,HAR_Dirichlet
logistic,estimated_conditional,512,137,iid,main,20,0.9322033898305084,HAR_Dirichlet
logistic,estimated_conditional,512,137,iid,main,24,0.984251968503937,HAR_Dirichlet
logistic,mean_length,512,97,iid,main,2,0.9668874172185431,HAR_Dirichlet
logistic,mean_length,512,97,iid,main,4,0.9684542586750788,HAR_Dirichlet
logistic,mean_length,512,97,iid,main,9,0.8715277777777778,HAR_Dirichlet
logistic,mean_length,512,97,iid,main,10,0.8469387755102041,HAR_Dirichlet
logistic,mean_length,512,97,iid,main,12,0.9625,HAR_Dirichlet
logistic,mean_length,512,97,iid,main,13,0.9724770642201835,HAR_Dirichlet
logistic,mean_length,512,97,iid,main,18,0.9230769230769231,HAR_Dirichlet
logistic,mean_length,512,97,iid,main,20,0.8954802259887006,HAR_Dirichlet
logistic,mean_length,512,97,iid,main,24,0.984251968503937,HAR_Dirichlet
logistic,conditional,512,101,iid,main,2,0.9735099337748344,HAR_Dirichlet
logistic,conditional,512,101,iid,main,4,0.9495268138801262,HAR_Dirichlet
logistic,conditional,512,101,iid,main,9,0.8645833333333334,HAR_Dirichlet
logistic,conditional,512,101,iid,main,10,0.826530612244898,HAR_Dirichlet
logistic,conditional,512,101,iid,main,12,0.965625,HAR_Dirichlet
logistic,conditional,512,101,iid,main,13,0.9694189602446484,HAR_Dirichlet
logistic,conditional,512,101,iid,main,18,0.9038461538461539,HAR_Dirichlet
logistic,conditional,512,101,iid,main,20,0.9124293785310734,HAR_Dirichlet
logistic,conditional,512,101,iid,main,24,0.9816272965879265,HAR_Dirichlet
logistic,mean_length,512,101,iid,main,2,0.9735099337748344,HAR_Dirichlet
logistic,mean_length,512,101,iid,main,4,0.9526813880126183,HAR_Dirichlet
logistic,mean_length,512,101,iid,main,9,0.8645833333333334,HAR_Dirichlet
logistic,mean_length,512,101,iid,main,10,0.826530612244898,HAR_Dirichlet
logistic,mean_length,512,101,iid,main,12,0.965625,HAR_Dirichlet
logistic,mean_length,512,101,iid,main,13,0.9663608562691132,HAR_Dirichlet
logistic,mean_length,512,101,iid,main,18,0.9038461538461539,HAR_Dirichlet
logistic,mean_length,512,101,iid,main,20,0.9152542372881356,HAR_Dirichlet
logistic,mean_length,512,101,iid,main,24,0.979002624671916,HAR_Dirichlet
logistic,naive,128,59,iid,main,2,0.9536423841059603,HAR_Dirichlet
logistic,naive,128,59,iid,main,4,0.9495268138801262,HAR_Dirichlet
logistic,naive,128,59,iid,main,9,0.8541666666666666,HAR_Dirichlet
logistic,naive,128,59,iid,main,10,0.8333333333333334,HAR_Dirichlet
logistic,naive,128,59,iid,main,12,0.925,HAR_Dirichlet
logistic,naive,128,59,iid,main,13,0.9418960244648318,HAR_Dirichlet
logistic,naive,128,59,iid,main,18,0.8763736263736264,HAR_Dirichlet
logistic,naive,128,59,iid,main,20,0.8531073446327684,HAR_Dirichlet
logistic,naive,128,59,iid,main,24,0.952755905511811,HAR_Dirichlet
logistic,naive,128,113,iid,main,2,0.9536423841059603,HAR_Dirichlet
logistic,naive,128,113,iid,main,4,0.9274447949526814,HAR_Dirichlet
logistic,naive,128,113,iid,main,9,0.8819444444444444,HAR_Dirichlet
logistic,naive,128,113,iid,main,10,0.8537414965986394,HAR_Dirichlet
logistic,naive,128,113,iid,main,12,0.940625,HAR_Dirichlet
logistic,naive,128,113,iid,main,13,0.9541284403669725,HAR_Dirichlet
logistic,naive,128,113,iid,main,18,0.9010989010989011,HAR_Dirichlet
logistic,naive,128,113,iid,main,20,0.9096045197740112,HAR_Dirichlet
logistic,naive,128,113,iid,main,24,0.968503937007874,HAR_Dirichlet
logistic,estimated_conditional,512,149,iid,main,2,0.9701986754966887,HAR_Dirichlet
logistic,estimated_conditional,512,149,iid,main,4,0.9558359621451105,HAR_Dirichlet
logistic,estimated_conditional,512,149,iid,main,9,0.8784722222222222,HAR_Dirichlet
logistic,estimated_conditional,512,149,iid,main,10,0.8367346938775511,HAR_Dirichlet
logistic,estimated_conditional,512,149,iid,main,12,0.946875,HAR_Dirichlet
logistic,estimated_conditional,512,149,iid,main,13,0.9755351681957186,HAR_Dirichlet
logistic,estimated_conditional,512,149,iid,main,18,0.9148351648351648,HAR_Dirichlet
logistic,estimated_conditional,512,149,iid,main,20,0.903954802259887,HAR_Dirichlet
logistic,estimated_conditional,512,149,iid,main,24,0.984251968503937,HAR_Dirichlet
logistic,estimated_conditional,512,127,iid,main,2,0.9668874172185431,HAR_Dirichlet
logistic,estimated_conditional,512,127,iid,main,4,0.9558359621451105,HAR_Dirichlet
logistic,estimated_conditional,512,127,iid,main,9,0.8819444444444444,HAR_Dirichlet
logistic,estimated_conditional,512,127,iid,main,10,0.8299319727891157,HAR_Dirichlet
logistic,estimated_conditional,512,127,iid,main,12,0.95,HAR_Dirichlet
logistic,estimated_conditional,512,127,iid,main,13,0.9663608562691132,HAR_Dirichlet
logistic,estimated_conditional,512,127,iid,main,18,0.9175824175824175,HAR_Dirichlet
logistic,estimated_conditional,512,127,iid,main,20,0.9378531073446328,HAR_Dirichlet
logistic,estimated_conditional,512,127,iid,main,24,0.979002624671916,HAR_Dirichlet
logistic,client_ema,128,137,iid,main,2,0.9735099337748344,HAR_Dirichlet
logistic,client_ema,128,137,iid,main,4,0.9463722397476341,HAR_Dirichlet
logistic,client_ema,128,137,iid,main,9,0.8784722222222222,HAR_Dirichlet
logistic,client_ema,128,137,iid,main,10,0.8129251700680272,HAR_Dirichlet
logistic,client_ema,128,137,iid,main,12,0.959375,HAR_Dirichlet
logistic,client_ema,128,137,iid,main,13,0.9480122324159022,HAR_Dirichlet
logistic,client_ema,128,137,iid,main,18,0.8983516483516484,HAR_Dirichlet
logistic,client_ema,128,137,iid,main,20,0.9152542372881356,HAR_Dirichlet
logistic,client_ema,128,137,iid,main,24,0.968503937007874,HAR_Dirichlet
logistic,mean_length,128,127,iid,main,2,0.9635761589403974,HAR_Dirichlet
logistic,mean_length,128,127,iid,main,4,0.9526813880126183,HAR_Dirichlet
logistic,mean_length,128,127,iid,main,9,0.8784722222222222,HAR_Dirichlet
logistic,mean_length,128,127,iid,main,10,0.8367346938775511,HAR_Dirichlet
logistic,mean_length,128,127,iid,main,12,0.95625,HAR_Dirichlet
logistic,mean_length,128,127,iid,main,13,0.9510703363914373,HAR_Dirichlet
logistic,mean_length,128,127,iid,main,18,0.8928571428571429,HAR_Dirichlet
logistic,mean_length,128,127,iid,main,20,0.9293785310734464,HAR_Dirichlet
logistic,mean_length,128,127,iid,main,24,0.9606299212598425,HAR_Dirichlet
logistic,fixed_k,128,11,markov,channel_robustness,2,0.9635761589403974,HAR_Dirichlet
logistic,fixed_k,128,11,markov,channel_robustness,4,0.9684542586750788,HAR_Dirichlet
logistic,fixed_k,128,11,markov,channel_robustness,9,0.8784722222222222,HAR_Dirichlet
logistic,fixed_k,128,11,markov,channel_robustness,10,0.8027210884353742,HAR_Dirichlet
logistic,fixed_k,128,11,markov,channel_robustness,12,0.94375,HAR_Dirichlet
logistic,fixed_k,128,11,markov,channel_robustness,13,0.9541284403669725,HAR_Dirichlet
logistic,fixed_k,128,11,markov,channel_robustness,18,0.8983516483516484,HAR_Dirichlet
logistic,fixed_k,128,11,markov,channel_robustness,20,0.9011299435028248,HAR_Dirichlet
logistic,fixed_k,128,11,markov,channel_robustness,24,0.9658792650918635,HAR_Dirichlet
logistic,estimated_conditional,32,149,iid,main,2,0.9370860927152318,HAR_Dirichlet
logistic,estimated_conditional,32,149,iid,main,4,0.9400630914826499,HAR_Dirichlet
logistic,estimated_conditional,32,149,iid,main,9,0.8611111111111112,HAR_Dirichlet
logistic,estimated_conditional,32,149,iid,main,10,0.8231292517006803,HAR_Dirichlet
logistic,estimated_conditional,32,149,iid,main,12,0.9375,HAR_Dirichlet
logistic,estimated_conditional,32,149,iid,main,13,0.9602446483180428,HAR_Dirichlet
logistic,estimated_conditional,32,149,iid,main,18,0.8708791208791209,HAR_Dirichlet
logistic,estimated_conditional,32,149,iid,main,20,0.867231638418079,HAR_Dirichlet
logistic,estimated_conditional,32,149,iid,main,24,0.9422572178477691,HAR_Dirichlet
logistic,estimated_conditional,512,83,iid,main,2,0.9668874172185431,HAR_Dirichlet
logistic,estimated_conditional,512,83,iid,main,4,0.9684542586750788,HAR_Dirichlet
logistic,estimated_conditional,512,83,iid,main,9,0.875,HAR_Dirichlet
logistic,estimated_conditional,512,83,iid,main,10,0.8231292517006803,HAR_Dirichlet
logistic,estimated_conditional,512,83,iid,main,12,0.94375,HAR_Dirichlet
logistic,estimated_conditional,512,83,iid,main,13,0.9571865443425076,HAR_Dirichlet
logistic,estimated_conditional,512,83,iid,main,18,0.9120879120879121,HAR_Dirichlet
logistic,estimated_conditional,512,83,iid,main,20,0.923728813559322,HAR_Dirichlet
logistic,estimated_conditional,512,83,iid,main,24,0.984251968503937,HAR_Dirichlet
logistic,estimated_conditional,512,23,iid,main,2,0.9867549668874173,HAR_Dirichlet
logistic,estimated_conditional,512,23,iid,main,4,0.943217665615142,HAR_Dirichlet
logistic,estimated_conditional,512,23,iid,main,9,0.8715277777777778,HAR_Dirichlet
logistic,estimated_conditional,512,23,iid,main,10,0.8299319727891157,HAR_Dirichlet
logistic,estimated_conditional,512,23,iid,main,12,0.9625,HAR_Dirichlet
logistic,estimated_conditional,512,23,iid,main,13,0.9663608562691132,HAR_Dirichlet
logistic,estimated_conditional,512,23,iid,main,18,0.9203296703296703,HAR_Dirichlet
logistic,estimated_conditional,512,23,iid,main,20,0.9011299435028248,HAR_Dirichlet
logistic,estimated_conditional,512,23,iid,main,24,0.984251968503937,HAR_Dirichlet
mlp,fixed_k,128,137,iid,mlp_robustness,2,0.9735099337748344,HAR_Dirichlet
mlp,fixed_k,128,137,iid,mlp_robustness,4,0.9400630914826499,HAR_Dirichlet
mlp,fixed_k,128,137,iid,mlp_robustness,9,0.8576388888888888,HAR_Dirichlet
mlp,fixed_k,128,137,iid,mlp_robustness,10,0.8401360544217688,HAR_Dirichlet
mlp,fixed_k,128,137,iid,mlp_robustness,12,0.915625,HAR_Dirichlet
mlp,fixed_k,128,137,iid,mlp_robustness,13,0.9541284403669725,HAR_Dirichlet
mlp,fixed_k,128,137,iid,mlp_robustness,18,0.8598901098901099,HAR_Dirichlet
mlp,fixed_k,128,137,iid,mlp_robustness,20,0.9293785310734464,HAR_Dirichlet
mlp,fixed_k,128,137,iid,mlp_robustness,24,0.9606299212598425,HAR_Dirichlet
logistic,naive,512,97,iid,main,2,0.9602649006622517,HAR_Dirichlet
logistic,naive,512,97,iid,main,4,0.9621451104100947,HAR_Dirichlet
logistic,naive,512,97,iid,main,9,0.8819444444444444,HAR_Dirichlet
logistic,naive,512,97,iid,main,10,0.8673469387755102,HAR_Dirichlet
logistic,naive,512,97,iid,main,12,0.953125,HAR_Dirichlet
logistic,naive,512,97,iid,main,13,0.963302752293578,HAR_Dirichlet
logistic,naive,512,97,iid,main,18,0.8983516483516484,HAR_Dirichlet
logistic,naive,512,97,iid,main,20,0.8898305084745762,HAR_Dirichlet
logistic,naive,512,97,iid,main,24,0.9816272965879265,HAR_Dirichlet
logistic,estimated_conditional,512,67,iid,main,2,0.9635761589403974,HAR_Dirichlet
logistic,estimated_conditional,512,67,iid,main,4,0.9684542586750788,HAR_Dirichlet
logistic,estimated_conditional,512,67,iid,main,9,0.8506944444444444,HAR_Dirichlet
logistic,estimated_conditional,512,67,iid,main,10,0.8027210884353742,HAR_Dirichlet
logistic,estimated_conditional,512,67,iid,main,12,0.946875,HAR_Dirichlet
logistic,estimated_conditional,512,67,iid,main,13,0.963302752293578,HAR_Dirichlet
logistic,estimated_conditional,512,67,iid,main,18,0.9065934065934066,HAR_Dirichlet
logistic,estimated_conditional,512,67,iid,main,20,0.9293785310734464,HAR_Dirichlet
logistic,estimated_conditional,512,67,iid,main,24,0.979002624671916,HAR_Dirichlet
logistic,client_ema,512,23,iid,main,2,0.9867549668874173,HAR_Dirichlet
logistic,client_ema,512,23,iid,main,4,0.9400630914826499,HAR_Dirichlet
logistic,client_ema,512,23,iid,main,9,0.8680555555555556,HAR_Dirichlet
logistic,client_ema,512,23,iid,main,10,0.826530612244898,HAR_Dirichlet
logistic,client_ema,512,23,iid,main,12,0.96875,HAR_Dirichlet
logistic,client_ema,512,23,iid,main,13,0.9663608562691132,HAR_Dirichlet
logistic,client_ema,512,23,iid,main,18,0.9258241758241759,HAR_Dirichlet
logistic,client_ema,512,23,iid,main,20,0.903954802259887,HAR_Dirichlet
logistic,client_ema,512,23,iid,main,24,0.9868766404199475,HAR_Dirichlet
logistic,fixed_k,128,101,markov,channel_robustness,2,0.9437086092715232,HAR_Dirichlet
logistic,fixed_k,128,101,markov,channel_robustness,4,0.9495268138801262,HAR_Dirichlet
logistic,fixed_k,128,101,markov,channel_robustness,9,0.8680555555555556,HAR_Dirichlet
logistic,fixed_k,128,101,markov,channel_robustness,10,0.826530612244898,HAR_Dirichlet
logistic,fixed_k,128,101,markov,channel_robustness,12,0.93125,HAR_Dirichlet
logistic,fixed_k,128,101,markov,channel_robustness,13,0.9663608562691132,HAR_Dirichlet
logistic,fixed_k,128,101,markov,channel_robustness,18,0.8956043956043956,HAR_Dirichlet
logistic,fixed_k,128,101,markov,channel_robustness,20,0.9096045197740112,HAR_Dirichlet
logistic,fixed_k,128,101,markov,channel_robustness,24,0.9711286089238845,HAR_Dirichlet
logistic,estimated_conditional,128,11,iid,main,2,0.9602649006622517,HAR_Dirichlet
logistic,estimated_conditional,128,11,iid,main,4,0.9652996845425867,HAR_Dirichlet
logistic,estimated_conditional,128,11,iid,main,9,0.8576388888888888,HAR_Dirichlet
logistic,estimated_conditional,128,11,iid,main,10,0.8231292517006803,HAR_Dirichlet
logistic,estimated_conditional,128,11,iid,main,12,0.94375,HAR_Dirichlet
logistic,estimated_conditional,128,11,iid,main,13,0.9480122324159022,HAR_Dirichlet
logistic,estimated_conditional,128,11,iid,main,18,0.9175824175824175,HAR_Dirichlet
logistic,estimated_conditional,128,11,iid,main,20,0.884180790960452,HAR_Dirichlet
logistic,estimated_conditional,128,11,iid,main,24,0.9711286089238845,HAR_Dirichlet
logistic,client_ema,32,47,iid,main,2,0.9635761589403974,HAR_Dirichlet
logistic,client_ema,32,47,iid,main,4,0.9463722397476341,HAR_Dirichlet
logistic,client_ema,32,47,iid,main,9,0.8576388888888888,HAR_Dirichlet
logistic,client_ema,32,47,iid,main,10,0.8095238095238095,HAR_Dirichlet
logistic,client_ema,32,47,iid,main,12,0.946875,HAR_Dirichlet
logistic,client_ema,32,47,iid,main,13,0.944954128440367,HAR_Dirichlet
logistic,client_ema,32,47,iid,main,18,0.8708791208791209,HAR_Dirichlet
logistic,client_ema,32,47,iid,main,20,0.8954802259887006,HAR_Dirichlet
logistic,client_ema,32,47,iid,main,24,0.9606299212598425,HAR_Dirichlet
logistic,naive,512,101,iid,main,2,0.9536423841059603,HAR_Dirichlet
logistic,naive,512,101,iid,main,4,0.943217665615142,HAR_Dirichlet
logistic,naive,512,101,iid,main,9,0.8645833333333334,HAR_Dirichlet
logistic,naive,512,101,iid,main,10,0.8333333333333334,HAR_Dirichlet
logistic,naive,512,101,iid,main,12,0.953125,HAR_Dirichlet
logistic,naive,512,101,iid,main,13,0.9663608562691132,HAR_Dirichlet
logistic,naive,512,101,iid,main,18,0.9038461538461539,HAR_Dirichlet
logistic,naive,512,101,iid,main,20,0.9124293785310734,HAR_Dirichlet
logistic,naive,512,101,iid,main,24,0.9763779527559056,HAR_Dirichlet
logistic,mean_length,512,149,iid,main,2,0.9668874172185431,HAR_Dirichlet
logistic,mean_length,512,149,iid,main,4,0.9558359621451105,HAR_Dirichlet
logistic,mean_length,512,149,iid,main,9,0.8819444444444444,HAR_Dirichlet
logistic,mean_length,512,149,iid,main,10,0.8401360544217688,HAR_Dirichlet
logistic,mean_length,512,149,iid,main,12,0.946875,HAR_Dirichlet
logistic,mean_length,512,149,iid,main,13,0.9724770642201835,HAR_Dirichlet
logistic,mean_length,512,149,iid,main,18,0.9148351648351648,HAR_Dirichlet
logistic,mean_length,512,149,iid,main,20,0.8954802259887006,HAR_Dirichlet
logistic,mean_length,512,149,iid,main,24,0.9868766404199475,HAR_Dirichlet
logistic,naive,32,127,iid,main,2,0.9370860927152318,HAR_Dirichlet
logistic,naive,32,127,iid,main,4,0.9022082018927445,HAR_Dirichlet
logistic,naive,32,127,iid,main,9,0.8506944444444444,HAR_Dirichlet
logistic,naive,32,127,iid,main,10,0.7857142857142857,HAR_Dirichlet
logistic,naive,32,127,iid,main,12,0.915625,HAR_Dirichlet
logistic,naive,32,127,iid,main,13,0.9204892966360856,HAR_Dirichlet
logistic,naive,32,127,iid,main,18,0.8653846153846154,HAR_Dirichlet
logistic,naive,32,127,iid,main,20,0.9152542372881356,HAR_Dirichlet
logistic,naive,32,127,iid,main,24,0.9081364829396326,HAR_Dirichlet
logistic,conditional,128,137,markov,channel_robustness,2,0.9735099337748344,HAR_Dirichlet
logistic,conditional,128,137,markov,channel_robustness,4,0.9558359621451105,HAR_Dirichlet
logistic,conditional,128,137,markov,channel_robustness,9,0.8819444444444444,HAR_Dirichlet
logistic,conditional,128,137,markov,channel_robustness,10,0.8333333333333334,HAR_Dirichlet
logistic,conditional,128,137,markov,channel_robustness,12,0.959375,HAR_Dirichlet
logistic,conditional,128,137,markov,channel_robustness,13,0.9418960244648318,HAR_Dirichlet
logistic,conditional,128,137,markov,channel_robustness,18,0.8956043956043956,HAR_Dirichlet
logistic,conditional,128,137,markov,channel_robustness,20,0.9067796610169492,HAR_Dirichlet
logistic,conditional,128,137,markov,channel_robustness,24,0.979002624671916,HAR_Dirichlet
mlp,conditional,128,67,iid,mlp_robustness,2,0.9635761589403974,HAR_Dirichlet
mlp,conditional,128,67,iid,mlp_robustness,4,0.9526813880126183,HAR_Dirichlet
mlp,conditional,128,67,iid,mlp_robustness,9,0.8784722222222222,HAR_Dirichlet
mlp,conditional,128,67,iid,mlp_robustness,10,0.8299319727891157,HAR_Dirichlet
mlp,conditional,128,67,iid,mlp_robustness,12,0.93125,HAR_Dirichlet
mlp,conditional,128,67,iid,mlp_robustness,13,0.9327217125382263,HAR_Dirichlet
mlp,conditional,128,67,iid,mlp_robustness,18,0.8708791208791209,HAR_Dirichlet
mlp,conditional,128,67,iid,mlp_robustness,20,0.8813559322033898,HAR_Dirichlet
mlp,conditional,128,67,iid,mlp_robustness,24,0.937007874015748,HAR_Dirichlet
logistic,conditional,128,101,markov,channel_robustness,2,0.9503311258278145,HAR_Dirichlet
logistic,conditional,128,101,markov,channel_robustness,4,0.9526813880126183,HAR_Dirichlet
logistic,conditional,128,101,markov,channel_robustness,9,0.8541666666666666,HAR_Dirichlet
logistic,conditional,128,101,markov,channel_robustness,10,0.8061224489795918,HAR_Dirichlet
logistic,conditional,128,101,markov,channel_robustness,12,0.915625,HAR_Dirichlet
logistic,conditional,128,101,markov,channel_robustness,13,0.9663608562691132,HAR_Dirichlet
logistic,conditional,128,101,markov,channel_robustness,18,0.9010989010989011,HAR_Dirichlet
logistic,conditional,128,101,markov,channel_robustness,20,0.9322033898305084,HAR_Dirichlet
logistic,conditional,128,101,markov,channel_robustness,24,0.958005249343832,HAR_Dirichlet
logistic,fixed_k,512,11,iid,main,2,0.9668874172185431,HAR_Dirichlet
logistic,fixed_k,512,11,iid,main,4,0.9652996845425867,HAR_Dirichlet
logistic,fixed_k,512,11,iid,main,9,0.8645833333333334,HAR_Dirichlet
logistic,fixed_k,512,11,iid,main,10,0.8129251700680272,HAR_Dirichlet
logistic,fixed_k,512,11,iid,main,12,0.965625,HAR_Dirichlet
logistic,fixed_k,512,11,iid,main,13,0.9571865443425076,HAR_Dirichlet
logistic,fixed_k,512,11,iid,main,18,0.9230769230769231,HAR_Dirichlet
logistic,fixed_k,512,11,iid,main,20,0.9124293785310734,HAR_Dirichlet
logistic,fixed_k,512,11,iid,main,24,0.9711286089238845,HAR_Dirichlet
logistic,fixed_k,128,47,iid,main,2,0.9602649006622517,HAR_Dirichlet
logistic,fixed_k,128,47,iid,main,4,0.9589905362776026,HAR_Dirichlet
logistic,fixed_k,128,47,iid,main,9,0.8611111111111112,HAR_Dirichlet
logistic,fixed_k,128,47,iid,main,10,0.826530612244898,HAR_Dirichlet
logistic,fixed_k,128,47,iid,main,12,0.9625,HAR_Dirichlet
logistic,fixed_k,128,47,iid,main,13,0.944954128440367,HAR_Dirichlet
logistic,fixed_k,128,47,iid,main,18,0.8818681318681318,HAR_Dirichlet
logistic,fixed_k,128,47,iid,main,20,0.903954802259887,HAR_Dirichlet
logistic,fixed_k,128,47,iid,main,24,0.9658792650918635,HAR_Dirichlet
logistic,fixed_k,512,137,iid,main,2,0.9768211920529801,HAR_Dirichlet
logistic,fixed_k,512,137,iid,main,4,0.9558359621451105,HAR_Dirichlet
logistic,fixed_k,512,137,iid,main,9,0.8819444444444444,HAR_Dirichlet
logistic,fixed_k,512,137,iid,main,10,0.8367346938775511,HAR_Dirichlet
logistic,fixed_k,512,137,iid,main,12,0.959375,HAR_Dirichlet
logistic,fixed_k,512,137,iid,main,13,0.9571865443425076,HAR_Dirichlet
logistic,fixed_k,512,137,iid,main,18,0.9120879120879121,HAR_Dirichlet
logistic,fixed_k,512,137,iid,main,20,0.9322033898305084,HAR_Dirichlet
logistic,fixed_k,512,137,iid,main,24,0.984251968503937,HAR_Dirichlet
logistic,fixed_k,32,137,iid,main,2,0.9536423841059603,HAR_Dirichlet
logistic,fixed_k,32,137,iid,main,4,0.943217665615142,HAR_Dirichlet
logistic,fixed_k,32,137,iid,main,9,0.8680555555555556,HAR_Dirichlet
logistic,fixed_k,32,137,iid,main,10,0.8095238095238095,HAR_Dirichlet
logistic,fixed_k,32,137,iid,main,12,0.946875,HAR_Dirichlet
logistic,fixed_k,32,137,iid,main,13,0.926605504587156,HAR_Dirichlet
logistic,fixed_k,32,137,iid,main,18,0.8653846153846154,HAR_Dirichlet
logistic,fixed_k,32,137,iid,main,20,0.8898305084745762,HAR_Dirichlet
logistic,fixed_k,32,137,iid,main,24,0.9763779527559056,HAR_Dirichlet
logistic,conditional,512,137,iid,main,2,0.9768211920529801,HAR_Dirichlet
logistic,conditional,512,137,iid,main,4,0.9526813880126183,HAR_Dirichlet
logistic,conditional,512,137,iid,main,9,0.8854166666666666,HAR_Dirichlet
logistic,conditional,512,137,iid,main,10,0.8299319727891157,HAR_Dirichlet
logistic,conditional,512,137,iid,main,12,0.9625,HAR_Dirichlet
logistic,conditional,512,137,iid,main,13,0.963302752293578,HAR_Dirichlet
logistic,conditional,512,137,iid,main,18,0.9148351648351648,HAR_Dirichlet
logistic,conditional,512,137,iid,main,20,0.9350282485875706,HAR_Dirichlet
logistic,conditional,512,137,iid,main,24,0.984251968503937,HAR_Dirichlet
mlp,conditional,128,59,iid,mlp_robustness,2,0.9238410596026491,HAR_Dirichlet
mlp,conditional,128,59,iid,mlp_robustness,4,0.9369085173501577,HAR_Dirichlet
mlp,conditional,128,59,iid,mlp_robustness,9,0.8611111111111112,HAR_Dirichlet
mlp,conditional,128,59,iid,mlp_robustness,10,0.8571428571428571,HAR_Dirichlet
mlp,conditional,128,59,iid,mlp_robustness,12,0.9,HAR_Dirichlet
mlp,conditional,128,59,iid,mlp_robustness,13,0.9204892966360856,HAR_Dirichlet
mlp,conditional,128,59,iid,mlp_robustness,18,0.8791208791208791,HAR_Dirichlet
mlp,conditional,128,59,iid,mlp_robustness,20,0.8870056497175142,HAR_Dirichlet
mlp,conditional,128,59,iid,mlp_robustness,24,0.9133858267716536,HAR_Dirichlet
mlp,fixed_k,128,101,iid,mlp_robustness,2,0.9701986754966887,HAR_Dirichlet
mlp,fixed_k,128,101,iid,mlp_robustness,4,0.9305993690851735,HAR_Dirichlet
mlp,fixed_k,128,101,iid,mlp_robustness,9,0.8472222222222222,HAR_Dirichlet
mlp,fixed_k,128,101,iid,mlp_robustness,10,0.8333333333333334,HAR_Dirichlet
mlp,fixed_k,128,101,iid,mlp_robustness,12,0.946875,HAR_Dirichlet
mlp,fixed_k,128,101,iid,mlp_robustness,13,0.9541284403669725,HAR_Dirichlet
mlp,fixed_k,128,101,iid,mlp_robustness,18,0.8818681318681318,HAR_Dirichlet
mlp,fixed_k,128,101,iid,mlp_robustness,20,0.864406779661017,HAR_Dirichlet
mlp,fixed_k,128,101,iid,mlp_robustness,24,0.9081364829396326,HAR_Dirichlet
logistic,conditional,32,97,iid,main,2,0.9503311258278145,HAR_Dirichlet
logistic,conditional,32,97,iid,main,4,0.9369085173501577,HAR_Dirichlet
logistic,conditional,32,97,iid,main,9,0.8715277777777778,HAR_Dirichlet
logistic,conditional,32,97,iid,main,10,0.8537414965986394,HAR_Dirichlet
logistic,conditional,32,97,iid,main,12,0.928125,HAR_Dirichlet
logistic,conditional,32,97,iid,main,13,0.9602446483180428,HAR_Dirichlet
logistic,conditional,32,97,iid,main,18,0.8598901098901099,HAR_Dirichlet
logistic,conditional,32,97,iid,main,20,0.884180790960452,HAR_Dirichlet
logistic,conditional,32,97,iid,main,24,0.937007874015748,HAR_Dirichlet
logistic,mean_length,512,113,iid,main,2,0.9834437086092715,HAR_Dirichlet
logistic,mean_length,512,113,iid,main,4,0.9463722397476341,HAR_Dirichlet
logistic,mean_length,512,113,iid,main,9,0.8680555555555556,HAR_Dirichlet
logistic,mean_length,512,113,iid,main,10,0.8469387755102041,HAR_Dirichlet
logistic,mean_length,512,113,iid,main,12,0.9625,HAR_Dirichlet
logistic,mean_length,512,113,iid,main,13,0.9724770642201835,HAR_Dirichlet
logistic,mean_length,512,113,iid,main,18,0.9258241758241759,HAR_Dirichlet
logistic,mean_length,512,113,iid,main,20,0.9265536723163842,HAR_Dirichlet
logistic,mean_length,512,113,iid,main,24,0.984251968503937,HAR_Dirichlet
logistic,client_ema,512,11,iid,main,2,0.9701986754966887,HAR_Dirichlet
logistic,client_ema,512,11,iid,main,4,0.9652996845425867,HAR_Dirichlet
logistic,client_ema,512,11,iid,main,9,0.8680555555555556,HAR_Dirichlet
logistic,client_ema,512,11,iid,main,10,0.8231292517006803,HAR_Dirichlet
logistic,client_ema,512,11,iid,main,12,0.95625,HAR_Dirichlet
logistic,client_ema,512,11,iid,main,13,0.9602446483180428,HAR_Dirichlet
logistic,client_ema,512,11,iid,main,18,0.9313186813186813,HAR_Dirichlet
logistic,client_ema,512,11,iid,main,20,0.9067796610169492,HAR_Dirichlet
logistic,client_ema,512,11,iid,main,24,0.968503937007874,HAR_Dirichlet
logistic,fixed_k,128,113,iid,main,2,0.9834437086092715,HAR_Dirichlet
logistic,fixed_k,128,113,iid,main,4,0.9400630914826499,HAR_Dirichlet
logistic,fixed_k,128,113,iid,main,9,0.875,HAR_Dirichlet
logistic,fixed_k,128,113,iid,main,10,0.8673469387755102,HAR_Dirichlet
logistic,fixed_k,128,113,iid,main,12,0.94375,HAR_Dirichlet
logistic,fixed_k,128,113,iid,main,13,0.9724770642201835,HAR_Dirichlet
logistic,fixed_k,128,113,iid,main,18,0.9258241758241759,HAR_Dirichlet
logistic,fixed_k,128,113,iid,main,20,0.9124293785310734,HAR_Dirichlet
logistic,fixed_k,128,113,iid,main,24,0.9763779527559056,HAR_Dirichlet
logistic,fixed_k,32,113,iid,main,2,0.9536423841059603,HAR_Dirichlet
logistic,fixed_k,32,113,iid,main,4,0.9148264984227129,HAR_Dirichlet
logistic,fixed_k,32,113,iid,main,9,0.8854166666666666,HAR_Dirichlet
logistic,fixed_k,32,113,iid,main,10,0.8401360544217688,HAR_Dirichlet
logistic,fixed_k,32,113,iid,main,12,0.921875,HAR_Dirichlet
logistic,fixed_k,32,113,iid,main,13,0.944954128440367,HAR_Dirichlet
logistic,fixed_k,32,113,iid,main,18,0.9065934065934066,HAR_Dirichlet
logistic,fixed_k,32,113,iid,main,20,0.8785310734463276,HAR_Dirichlet
logistic,fixed_k,32,113,iid,main,24,0.952755905511811,HAR_Dirichlet
logistic,fixed_k,32,149,iid,main,2,0.9304635761589404,HAR_Dirichlet
logistic,fixed_k,32,149,iid,main,4,0.943217665615142,HAR_Dirichlet
logistic,fixed_k,32,149,iid,main,9,0.8576388888888888,HAR_Dirichlet
logistic,fixed_k,32,149,iid,main,10,0.8537414965986394,HAR_Dirichlet
logistic,fixed_k,32,149,iid,main,12,0.91875,HAR_Dirichlet
logistic,fixed_k,32,149,iid,main,13,0.9663608562691132,HAR_Dirichlet
logistic,fixed_k,32,149,iid,main,18,0.8873626373626373,HAR_Dirichlet
logistic,fixed_k,32,149,iid,main,20,0.8813559322033898,HAR_Dirichlet
logistic,fixed_k,32,149,iid,main,24,0.958005249343832,HAR_Dirichlet
logistic,mean_length,128,47,iid,main,2,0.9701986754966887,HAR_Dirichlet
logistic,mean_length,128,47,iid,main,4,0.9558359621451105,HAR_Dirichlet
logistic,mean_length,128,47,iid,main,9,0.8715277777777778,HAR_Dirichlet
logistic,mean_length,128,47,iid,main,10,0.8401360544217688,HAR_Dirichlet
logistic,mean_length,128,47,iid,main,12,0.965625,HAR_Dirichlet
logistic,mean_length,128,47,iid,main,13,0.9510703363914373,HAR_Dirichlet
logistic,mean_length,128,47,iid,main,18,0.8846153846153846,HAR_Dirichlet
logistic,mean_length,128,47,iid,main,20,0.9096045197740112,HAR_Dirichlet
logistic,mean_length,128,47,iid,main,24,0.973753280839895,HAR_Dirichlet
mlp,fixed_k,128,113,iid,mlp_robustness,2,0.9635761589403974,HAR_Dirichlet
mlp,fixed_k,128,113,iid,mlp_robustness,4,0.9463722397476341,HAR_Dirichlet
mlp,fixed_k,128,113,iid,mlp_robustness,9,0.8576388888888888,HAR_Dirichlet
mlp,fixed_k,128,113,iid,mlp_robustness,10,0.8095238095238095,HAR_Dirichlet
mlp,fixed_k,128,113,iid,mlp_robustness,12,0.921875,HAR_Dirichlet
mlp,fixed_k,128,113,iid,mlp_robustness,13,0.9541284403669725,HAR_Dirichlet
mlp,fixed_k,128,113,iid,mlp_robustness,18,0.8846153846153846,HAR_Dirichlet
mlp,fixed_k,128,113,iid,mlp_robustness,20,0.8926553672316384,HAR_Dirichlet
mlp,fixed_k,128,113,iid,mlp_robustness,24,0.9553805774278216,HAR_Dirichlet
logistic,naive,32,23,iid,main,2,0.9668874172185431,HAR_Dirichlet
logistic,naive,32,23,iid,main,4,0.9211356466876972,HAR_Dirichlet
logistic,naive,32,23,iid,main,9,0.8958333333333334,HAR_Dirichlet
logistic,naive,32,23,iid,main,10,0.8163265306122449,HAR_Dirichlet
logistic,naive,32,23,iid,main,12,0.93125,HAR_Dirichlet
logistic,naive,32,23,iid,main,13,0.9296636085626911,HAR_Dirichlet
logistic,naive,32,23,iid,main,18,0.8708791208791209,HAR_Dirichlet
logistic,naive,32,23,iid,main,20,0.8785310734463276,HAR_Dirichlet
logistic,naive,32,23,iid,main,24,0.9291338582677166,HAR_Dirichlet
logistic,conditional,128,67,iid,main,2,0.9701986754966887,HAR_Dirichlet
logistic,conditional,128,67,iid,main,4,0.9621451104100947,HAR_Dirichlet
logistic,conditional,128,67,iid,main,9,0.8576388888888888,HAR_Dirichlet
logistic,conditional,128,67,iid,main,10,0.8401360544217688,HAR_Dirichlet
logistic,conditional,128,67,iid,main,12,0.946875,HAR_Dirichlet
logistic,conditional,128,67,iid,main,13,0.9510703363914373,HAR_Dirichlet
logistic,conditional,128,67,iid,main,18,0.8846153846153846,HAR_Dirichlet
logistic,conditional,128,67,iid,main,20,0.9152542372881356,HAR_Dirichlet
logistic,conditional,128,67,iid,main,24,0.9606299212598425,HAR_Dirichlet
mlp,conditional,128,101,iid,mlp_robustness,2,0.9668874172185431,HAR_Dirichlet
mlp,conditional,128,101,iid,mlp_robustness,4,0.9369085173501577,HAR_Dirichlet
mlp,conditional,128,101,iid,mlp_robustness,9,0.8645833333333334,HAR_Dirichlet
mlp,conditional,128,101,iid,mlp_robustness,10,0.826530612244898,HAR_Dirichlet
mlp,conditional,128,101,iid,mlp_robustness,12,0.971875,HAR_Dirichlet
mlp,conditional,128,101,iid,mlp_robustness,13,0.9480122324159022,HAR_Dirichlet
mlp,conditional,128,101,iid,mlp_robustness,18,0.8873626373626373,HAR_Dirichlet
mlp,conditional,128,101,iid,mlp_robustness,20,0.864406779661017,HAR_Dirichlet
mlp,conditional,128,101,iid,mlp_robustness,24,0.9553805774278216,HAR_Dirichlet
logistic,estimated_conditional,128,83,iid,main,2,0.9602649006622517,HAR_Dirichlet
logistic,estimated_conditional,128,83,iid,main,4,0.9652996845425867,HAR_Dirichlet
logistic,estimated_conditional,128,83,iid,main,9,0.8506944444444444,HAR_Dirichlet
logistic,estimated_conditional,128,83,iid,main,10,0.8435374149659864,HAR_Dirichlet
logistic,estimated_conditional,128,83,iid,main,12,0.928125,HAR_Dirichlet
logistic,estimated_conditional,128,83,iid,main,13,0.9541284403669725,HAR_Dirichlet
logistic,estimated_conditional,128,83,iid,main,18,0.9175824175824175,HAR_Dirichlet
logistic,estimated_conditional,128,83,iid,main,20,0.9180790960451978,HAR_Dirichlet
logistic,estimated_conditional,128,83,iid,main,24,0.9868766404199475,HAR_Dirichlet
logistic,naive,512,11,iid,main,2,0.9735099337748344,HAR_Dirichlet
logistic,naive,512,11,iid,main,4,0.9652996845425867,HAR_Dirichlet
logistic,naive,512,11,iid,main,9,0.8715277777777778,HAR_Dirichlet
logistic,naive,512,11,iid,main,10,0.8299319727891157,HAR_Dirichlet
logistic,naive,512,11,iid,main,12,0.946875,HAR_Dirichlet
logistic,naive,512,11,iid,main,13,0.9571865443425076,HAR_Dirichlet
logistic,naive,512,11,iid,main,18,0.9175824175824175,HAR_Dirichlet
logistic,naive,512,11,iid,main,20,0.8898305084745762,HAR_Dirichlet
logistic,naive,512,11,iid,main,24,0.9606299212598425,HAR_Dirichlet
logistic,naive,32,113,iid,main,2,0.9437086092715232,HAR_Dirichlet
logistic,naive,32,113,iid,main,4,0.917981072555205,HAR_Dirichlet
logistic,naive,32,113,iid,main,9,0.8819444444444444,HAR_Dirichlet
logistic,naive,32,113,iid,main,10,0.8571428571428571,HAR_Dirichlet
logistic,naive,32,113,iid,main,12,0.915625,HAR_Dirichlet
logistic,naive,32,113,iid,main,13,0.944954128440367,HAR_Dirichlet
logistic,naive,32,113,iid,main,18,0.8736263736263736,HAR_Dirichlet
logistic,naive,32,113,iid,main,20,0.8898305084745762,HAR_Dirichlet
logistic,naive,32,113,iid,main,24,0.9501312335958005,HAR_Dirichlet
logistic,estimated_conditional,512,59,iid,main,2,0.9536423841059603,HAR_Dirichlet
logistic,estimated_conditional,512,59,iid,main,4,0.9652996845425867,HAR_Dirichlet
logistic,estimated_conditional,512,59,iid,main,9,0.8020833333333334,HAR_Dirichlet
logistic,estimated_conditional,512,59,iid,main,10,0.8027210884353742,HAR_Dirichlet
logistic,estimated_conditional,512,59,iid,main,12,0.921875,HAR_Dirichlet
logistic,estimated_conditional,512,59,iid,main,13,0.9388379204892966,HAR_Dirichlet
logistic,estimated_conditional,512,59,iid,main,18,0.9038461538461539,HAR_Dirichlet
logistic,estimated_conditional,512,59,iid,main,20,0.864406779661017,HAR_Dirichlet
logistic,estimated_conditional,512,59,iid,main,24,0.952755905511811,HAR_Dirichlet
logistic,mean_length,32,83,iid,main,2,0.9503311258278145,HAR_Dirichlet
logistic,mean_length,32,83,iid,main,4,0.9305993690851735,HAR_Dirichlet
logistic,mean_length,32,83,iid,main,9,0.8680555555555556,HAR_Dirichlet
logistic,mean_length,32,83,iid,main,10,0.8197278911564626,HAR_Dirichlet
logistic,mean_length,32,83,iid,main,12,0.91875,HAR_Dirichlet
logistic,mean_length,32,83,iid,main,13,0.9388379204892966,HAR_Dirichlet
logistic,mean_length,32,83,iid,main,18,0.8736263736263736,HAR_Dirichlet
logistic,mean_length,32,83,iid,main,20,0.9067796610169492,HAR_Dirichlet
logistic,mean_length,32,83,iid,main,24,0.9658792650918635,HAR_Dirichlet
logistic,naive,32,101,iid,main,2,0.9072847682119205,HAR_Dirichlet
logistic,naive,32,101,iid,main,4,0.8958990536277602,HAR_Dirichlet
logistic,naive,32,101,iid,main,9,0.8298611111111112,HAR_Dirichlet
logistic,naive,32,101,iid,main,10,0.7857142857142857,HAR_Dirichlet
logistic,naive,32,101,iid,main,12,0.878125,HAR_Dirichlet
logistic,naive,32,101,iid,main,13,0.9235474006116208,HAR_Dirichlet
logistic,naive,32,101,iid,main,18,0.8489010989010989,HAR_Dirichlet
logistic,naive,32,101,iid,main,20,0.8615819209039548,HAR_Dirichlet
logistic,naive,32,101,iid,main,24,0.8766404199475065,HAR_Dirichlet
logistic,client_ema,512,83,iid,main,2,0.9668874172185431,HAR_Dirichlet
logistic,client_ema,512,83,iid,main,4,0.9652996845425867,HAR_Dirichlet
logistic,client_ema,512,83,iid,main,9,0.8680555555555556,HAR_Dirichlet
logistic,client_ema,512,83,iid,main,10,0.8333333333333334,HAR_Dirichlet
logistic,client_ema,512,83,iid,main,12,0.94375,HAR_Dirichlet
logistic,client_ema,512,83,iid,main,13,0.9571865443425076,HAR_Dirichlet
logistic,client_ema,512,83,iid,main,18,0.9065934065934066,HAR_Dirichlet
logistic,client_ema,512,83,iid,main,20,0.9209039548022598,HAR_Dirichlet
logistic,client_ema,512,83,iid,main,24,0.984251968503937,HAR_Dirichlet
logistic,conditional,32,113,iid,main,2,0.956953642384106,HAR_Dirichlet
logistic,conditional,32,113,iid,main,4,0.9369085173501577,HAR_Dirichlet
logistic,conditional,32,113,iid,main,9,0.8888888888888888,HAR_Dirichlet
logistic,conditional,32,113,iid,main,10,0.8673469387755102,HAR_Dirichlet
logistic,conditional,32,113,iid,main,12,0.928125,HAR_Dirichlet
logistic,conditional,32,113,iid,main,13,0.9480122324159022,HAR_Dirichlet
logistic,conditional,32,113,iid,main,18,0.8956043956043956,HAR_Dirichlet
logistic,conditional,32,113,iid,main,20,0.9152542372881356,HAR_Dirichlet
logistic,conditional,32,113,iid,main,24,0.973753280839895,HAR_Dirichlet
logistic,fixed_k,128,67,markov,channel_robustness,2,0.9735099337748344,HAR_Dirichlet
logistic,fixed_k,128,67,markov,channel_robustness,4,0.9558359621451105,HAR_Dirichlet
logistic,fixed_k,128,67,markov,channel_robustness,9,0.8541666666666666,HAR_Dirichlet
logistic,fixed_k,128,67,markov,channel_robustness,10,0.8333333333333334,HAR_Dirichlet
logistic,fixed_k,128,67,markov,channel_robustness,12,0.93125,HAR_Dirichlet
logistic,fixed_k,128,67,markov,channel_robustness,13,0.9571865443425076,HAR_Dirichlet
logistic,fixed_k,128,67,markov,channel_robustness,18,0.8818681318681318,HAR_Dirichlet
logistic,fixed_k,128,67,markov,channel_robustness,20,0.9265536723163842,HAR_Dirichlet
logistic,fixed_k,128,67,markov,channel_robustness,24,0.952755905511811,HAR_Dirichlet
logistic,fixed_k,128,149,markov,channel_robustness,2,0.9602649006622517,HAR_Dirichlet
logistic,fixed_k,128,149,markov,channel_robustness,4,0.9526813880126183,HAR_Dirichlet
logistic,fixed_k,128,149,markov,channel_robustness,9,0.8611111111111112,HAR_Dirichlet
logistic,fixed_k,128,149,markov,channel_robustness,10,0.8673469387755102,HAR_Dirichlet
logistic,fixed_k,128,149,markov,channel_robustness,12,0.95625,HAR_Dirichlet
logistic,fixed_k,128,149,markov,channel_robustness,13,0.9541284403669725,HAR_Dirichlet
logistic,fixed_k,128,149,markov,channel_robustness,18,0.8791208791208791,HAR_Dirichlet
logistic,fixed_k,128,149,markov,channel_robustness,20,0.884180790960452,HAR_Dirichlet
logistic,fixed_k,128,149,markov,channel_robustness,24,0.979002624671916,HAR_Dirichlet
logistic,client_ema,512,127,iid,main,2,0.9735099337748344,HAR_Dirichlet
logistic,client_ema,512,127,iid,main,4,0.9558359621451105,HAR_Dirichlet
logistic,client_ema,512,127,iid,main,9,0.8784722222222222,HAR_Dirichlet
logistic,client_ema,512,127,iid,main,10,0.8333333333333334,HAR_Dirichlet
logistic,client_ema,512,127,iid,main,12,0.953125,HAR_Dirichlet
logistic,client_ema,512,127,iid,main,13,0.9663608562691132,HAR_Dirichlet
logistic,client_ema,512,127,iid,main,18,0.9175824175824175,HAR_Dirichlet
logistic,client_ema,512,127,iid,main,20,0.9378531073446328,HAR_Dirichlet
logistic,client_ema,512,127,iid,main,24,0.979002624671916,HAR_Dirichlet
logistic,fixed_k,512,101,iid,main,2,0.9735099337748344,HAR_Dirichlet
logistic,fixed_k,512,101,iid,main,4,0.9495268138801262,HAR_Dirichlet
logistic,fixed_k,512,101,iid,main,9,0.8680555555555556,HAR_Dirichlet
logistic,fixed_k,512,101,iid,main,10,0.8401360544217688,HAR_Dirichlet
logistic,fixed_k,512,101,iid,main,12,0.953125,HAR_Dirichlet
logistic,fixed_k,512,101,iid,main,13,0.9694189602446484,HAR_Dirichlet
logistic,fixed_k,512,101,iid,main,18,0.9093406593406593,HAR_Dirichlet
logistic,fixed_k,512,101,iid,main,20,0.9152542372881356,HAR_Dirichlet
logistic,fixed_k,512,101,iid,main,24,0.979002624671916,HAR_Dirichlet
logistic,client_ema,512,113,iid,main,2,0.9834437086092715,HAR_Dirichlet
logistic,client_ema,512,113,iid,main,4,0.943217665615142,HAR_Dirichlet
logistic,client_ema,512,113,iid,main,9,0.8611111111111112,HAR_Dirichlet
logistic,client_ema,512,113,iid,main,10,0.8367346938775511,HAR_Dirichlet
logistic,client_ema,512,113,iid,main,12,0.9625,HAR_Dirichlet
logistic,client_ema,512,113,iid,main,13,0.9724770642201835,HAR_Dirichlet
logistic,client_ema,512,113,iid,main,18,0.9258241758241759,HAR_Dirichlet
logistic,client_ema,512,113,iid,main,20,0.923728813559322,HAR_Dirichlet
logistic,client_ema,512,113,iid,main,24,0.9816272965879265,HAR_Dirichlet
logistic,fixed_k,128,67,iid,main,2,0.9701986754966887,HAR_Dirichlet
logistic,fixed_k,128,67,iid,main,4,0.9558359621451105,HAR_Dirichlet
logistic,fixed_k,128,67,iid,main,9,0.8541666666666666,HAR_Dirichlet
logistic,fixed_k,128,67,iid,main,10,0.8367346938775511,HAR_Dirichlet
logistic,fixed_k,128,67,iid,main,12,0.94375,HAR_Dirichlet
logistic,fixed_k,128,67,iid,main,13,0.9724770642201835,HAR_Dirichlet
logistic,fixed_k,128,67,iid,main,18,0.8681318681318682,HAR_Dirichlet
logistic,fixed_k,128,67,iid,main,20,0.923728813559322,HAR_Dirichlet
logistic,fixed_k,128,67,iid,main,24,0.952755905511811,HAR_Dirichlet
logistic,fixed_k,128,83,iid,main,2,0.9602649006622517,HAR_Dirichlet
logistic,fixed_k,128,83,iid,main,4,0.9558359621451105,HAR_Dirichlet
logistic,fixed_k,128,83,iid,main,9,0.8715277777777778,HAR_Dirichlet
logistic,fixed_k,128,83,iid,main,10,0.8231292517006803,HAR_Dirichlet
logistic,fixed_k,128,83,iid,main,12,0.93125,HAR_Dirichlet
logistic,fixed_k,128,83,iid,main,13,0.9480122324159022,HAR_Dirichlet
logistic,fixed_k,128,83,iid,main,18,0.8846153846153846,HAR_Dirichlet
logistic,fixed_k,128,83,iid,main,20,0.9152542372881356,HAR_Dirichlet
logistic,fixed_k,128,83,iid,main,24,0.984251968503937,HAR_Dirichlet
logistic,conditional,128,113,markov,channel_robustness,2,0.9668874172185431,HAR_Dirichlet
logistic,conditional,128,113,markov,channel_robustness,4,0.9463722397476341,HAR_Dirichlet
logistic,conditional,128,113,markov,channel_robustness,9,0.8715277777777778,HAR_Dirichlet
logistic,conditional,128,113,markov,channel_robustness,10,0.8367346938775511,HAR_Dirichlet
logistic,conditional,128,113,markov,channel_robustness,12,0.93125,HAR_Dirichlet
logistic,conditional,128,113,markov,channel_robustness,13,0.9602446483180428,HAR_Dirichlet
logistic,conditional,128,113,markov,channel_robustness,18,0.9175824175824175,HAR_Dirichlet
logistic,conditional,128,113,markov,channel_robustness,20,0.9152542372881356,HAR_Dirichlet
logistic,conditional,128,113,markov,channel_robustness,24,0.979002624671916,HAR_Dirichlet
logistic,fixed_k,512,23,iid,main,2,0.9867549668874173,HAR_Dirichlet
logistic,fixed_k,512,23,iid,main,4,0.9495268138801262,HAR_Dirichlet
logistic,fixed_k,512,23,iid,main,9,0.8715277777777778,HAR_Dirichlet
logistic,fixed_k,512,23,iid,main,10,0.8401360544217688,HAR_Dirichlet
logistic,fixed_k,512,23,iid,main,12,0.971875,HAR_Dirichlet
logistic,fixed_k,512,23,iid,main,13,0.963302752293578,HAR_Dirichlet
logistic,fixed_k,512,23,iid,main,18,0.9258241758241759,HAR_Dirichlet
logistic,fixed_k,512,23,iid,main,20,0.9124293785310734,HAR_Dirichlet
logistic,fixed_k,512,23,iid,main,24,0.9868766404199475,HAR_Dirichlet
logistic,naive,32,67,iid,main,2,0.9271523178807947,HAR_Dirichlet
logistic,naive,32,67,iid,main,4,0.9053627760252366,HAR_Dirichlet
logistic,naive,32,67,iid,main,9,0.8159722222222222,HAR_Dirichlet
logistic,naive,32,67,iid,main,10,0.8197278911564626,HAR_Dirichlet
logistic,naive,32,67,iid,main,12,0.878125,HAR_Dirichlet
logistic,naive,32,67,iid,main,13,0.9235474006116208,HAR_Dirichlet
logistic,naive,32,67,iid,main,18,0.8516483516483516,HAR_Dirichlet
logistic,naive,32,67,iid,main,20,0.884180790960452,HAR_Dirichlet
logistic,naive,32,67,iid,main,24,0.9002624671916011,HAR_Dirichlet
logistic,mean_length,128,113,iid,main,2,0.9668874172185431,HAR_Dirichlet
logistic,mean_length,128,113,iid,main,4,0.9369085173501577,HAR_Dirichlet
logistic,mean_length,128,113,iid,main,9,0.8819444444444444,HAR_Dirichlet
logistic,mean_length,128,113,iid,main,10,0.8673469387755102,HAR_Dirichlet
logistic,mean_length,128,113,iid,main,12,0.953125,HAR_Dirichlet
logistic,mean_length,128,113,iid,main,13,0.9571865443425076,HAR_Dirichlet
logistic,mean_length,128,113,iid,main,18,0.9230769230769231,HAR_Dirichlet
logistic,mean_length,128,113,iid,main,20,0.9152542372881356,HAR_Dirichlet
logistic,mean_length,128,113,iid,main,24,0.979002624671916,HAR_Dirichlet
mlp,conditional,128,97,iid,mlp_robustness,2,0.9668874172185431,HAR_Dirichlet
mlp,conditional,128,97,iid,mlp_robustness,4,0.9463722397476341,HAR_Dirichlet
mlp,conditional,128,97,iid,mlp_robustness,9,0.8576388888888888,HAR_Dirichlet
mlp,conditional,128,97,iid,mlp_robustness,10,0.8367346938775511,HAR_Dirichlet
mlp,conditional,128,97,iid,mlp_robustness,12,0.946875,HAR_Dirichlet
mlp,conditional,128,97,iid,mlp_robustness,13,0.9480122324159022,HAR_Dirichlet
mlp,conditional,128,97,iid,mlp_robustness,18,0.8928571428571429,HAR_Dirichlet
mlp,conditional,128,97,iid,mlp_robustness,20,0.8870056497175142,HAR_Dirichlet
mlp,conditional,128,97,iid,mlp_robustness,24,0.9658792650918635,HAR_Dirichlet
logistic,conditional,128,83,iid,main,2,0.9602649006622517,HAR_Dirichlet
logistic,conditional,128,83,iid,main,4,0.9652996845425867,HAR_Dirichlet
logistic,conditional,128,83,iid,main,9,0.8506944444444444,HAR_Dirichlet
logistic,conditional,128,83,iid,main,10,0.8435374149659864,HAR_Dirichlet
logistic,conditional,128,83,iid,main,12,0.91875,HAR_Dirichlet
logistic,conditional,128,83,iid,main,13,0.9510703363914373,HAR_Dirichlet
logistic,conditional,128,83,iid,main,18,0.9038461538461539,HAR_Dirichlet
logistic,conditional,128,83,iid,main,20,0.9152542372881356,HAR_Dirichlet
logistic,conditional,128,83,iid,main,24,0.9816272965879265,HAR_Dirichlet
mlp,conditional,128,127,iid,mlp_robustness,2,0.9701986754966887,HAR_Dirichlet
mlp,conditional,128,127,iid,mlp_robustness,4,0.9400630914826499,HAR_Dirichlet
mlp,conditional,128,127,iid,mlp_robustness,9,0.8854166666666666,HAR_Dirichlet
mlp,conditional,128,127,iid,mlp_robustness,10,0.8367346938775511,HAR_Dirichlet
mlp,conditional,128,127,iid,mlp_robustness,12,0.909375,HAR_Dirichlet
mlp,conditional,128,127,iid,mlp_robustness,13,0.9541284403669725,HAR_Dirichlet
mlp,conditional,128,127,iid,mlp_robustness,18,0.9175824175824175,HAR_Dirichlet
mlp,conditional,128,127,iid,mlp_robustness,20,0.864406779661017,HAR_Dirichlet
mlp,conditional,128,127,iid,mlp_robustness,24,0.979002624671916,HAR_Dirichlet
logistic,client_ema,128,67,iid,main,2,0.9668874172185431,HAR_Dirichlet
logistic,client_ema,128,67,iid,main,4,0.9621451104100947,HAR_Dirichlet
logistic,client_ema,128,67,iid,main,9,0.8680555555555556,HAR_Dirichlet
logistic,client_ema,128,67,iid,main,10,0.8401360544217688,HAR_Dirichlet
logistic,client_ema,128,67,iid,main,12,0.940625,HAR_Dirichlet
logistic,client_ema,128,67,iid,main,13,0.9541284403669725,HAR_Dirichlet
logistic,client_ema,128,67,iid,main,18,0.8818681318681318,HAR_Dirichlet
logistic,client_ema,128,67,iid,main,20,0.9124293785310734,HAR_Dirichlet
logistic,client_ema,128,67,iid,main,24,0.9606299212598425,HAR_Dirichlet
logistic,naive,32,59,iid,main,2,0.9139072847682119,HAR_Dirichlet
logistic,naive,32,59,iid,main,4,0.9085173501577287,HAR_Dirichlet
logistic,naive,32,59,iid,main,9,0.8333333333333334,HAR_Dirichlet
logistic,naive,32,59,iid,main,10,0.826530612244898,HAR_Dirichlet
logistic,naive,32,59,iid,main,12,0.91875,HAR_Dirichlet
logistic,naive,32,59,iid,main,13,0.9235474006116208,HAR_Dirichlet
logistic,naive,32,59,iid,main,18,0.8543956043956044,HAR_Dirichlet
logistic,naive,32,59,iid,main,20,0.847457627118644,HAR_Dirichlet
logistic,naive,32,59,iid,main,24,0.9186351706036745,HAR_Dirichlet
logistic,fixed_k,32,101,iid,main,2,0.9370860927152318,HAR_Dirichlet
logistic,fixed_k,32,101,iid,main,4,0.9337539432176656,HAR_Dirichlet
logistic,fixed_k,32,101,iid,main,9,0.84375,HAR_Dirichlet
logistic,fixed_k,32,101,iid,main,10,0.8197278911564626,HAR_Dirichlet
logistic,fixed_k,32,101,iid,main,12,0.903125,HAR_Dirichlet
logistic,fixed_k,32,101,iid,main,13,0.9510703363914373,HAR_Dirichlet
logistic,fixed_k,32,101,iid,main,18,0.8818681318681318,HAR_Dirichlet
logistic,fixed_k,32,101,iid,main,20,0.923728813559322,HAR_Dirichlet
logistic,fixed_k,32,101,iid,main,24,0.9133858267716536,HAR_Dirichlet
logistic,client_ema,32,101,iid,main,2,0.9370860927152318,HAR_Dirichlet
logistic,client_ema,32,101,iid,main,4,0.9211356466876972,HAR_Dirichlet
logistic,client_ema,32,101,iid,main,9,0.8506944444444444,HAR_Dirichlet
logistic,client_ema,32,101,iid,main,10,0.8367346938775511,HAR_Dirichlet
logistic,client_ema,32,101,iid,main,12,0.91875,HAR_Dirichlet
logistic,client_ema,32,101,iid,main,13,0.9480122324159022,HAR_Dirichlet
logistic,client_ema,32,101,iid,main,18,0.8681318681318682,HAR_Dirichlet
logistic,client_ema,32,101,iid,main,20,0.8813559322033898,HAR_Dirichlet
logistic,client_ema,32,101,iid,main,24,0.931758530183727,HAR_Dirichlet
logistic,client_ema,512,67,iid,main,2,0.9635761589403974,HAR_Dirichlet
logistic,client_ema,512,67,iid,main,4,0.9652996845425867,HAR_Dirichlet
logistic,client_ema,512,67,iid,main,9,0.8611111111111112,HAR_Dirichlet
logistic,client_ema,512,67,iid,main,10,0.8129251700680272,HAR_Dirichlet
logistic,client_ema,512,67,iid,main,12,0.940625,HAR_Dirichlet
logistic,client_ema,512,67,iid,main,13,0.9724770642201835,HAR_Dirichlet
logistic,client_ema,512,67,iid,main,18,0.9038461538461539,HAR_Dirichlet
logistic,client_ema,512,67,iid,main,20,0.9209039548022598,HAR_Dirichlet
logistic,client_ema,512,67,iid,main,24,0.973753280839895,HAR_Dirichlet
logistic,fixed_k,128,83,markov,channel_robustness,2,0.9701986754966887,HAR_Dirichlet
logistic,fixed_k,128,83,markov,channel_robustness,4,0.9495268138801262,HAR_Dirichlet
logistic,fixed_k,128,83,markov,channel_robustness,9,0.8715277777777778,HAR_Dirichlet
logistic,fixed_k,128,83,markov,channel_robustness,10,0.8537414965986394,HAR_Dirichlet
logistic,fixed_k,128,83,markov,channel_robustness,12,0.940625,HAR_Dirichlet
logistic,fixed_k,128,83,markov,channel_robustness,13,0.9571865443425076,HAR_Dirichlet
logistic,fixed_k,128,83,markov,channel_robustness,18,0.8901098901098901,HAR_Dirichlet
logistic,fixed_k,128,83,markov,channel_robustness,20,0.9096045197740112,HAR_Dirichlet
logistic,fixed_k,128,83,markov,channel_robustness,24,0.984251968503937,HAR_Dirichlet
logistic,estimated_conditional,128,67,iid,main,2,0.9701986754966887,HAR_Dirichlet
logistic,estimated_conditional,128,67,iid,main,4,0.9589905362776026,HAR_Dirichlet
logistic,estimated_conditional,128,67,iid,main,9,0.8472222222222222,HAR_Dirichlet
logistic,estimated_conditional,128,67,iid,main,10,0.8231292517006803,HAR_Dirichlet
logistic,estimated_conditional,128,67,iid,main,12,0.934375,HAR_Dirichlet
logistic,estimated_conditional,128,67,iid,main,13,0.9510703363914373,HAR_Dirichlet
logistic,estimated_conditional,128,67,iid,main,18,0.9038461538461539,HAR_Dirichlet
logistic,estimated_conditional,128,67,iid,main,20,0.9265536723163842,HAR_Dirichlet
logistic,estimated_conditional,128,67,iid,main,24,0.963254593175853,HAR_Dirichlet
logistic,fixed_k,512,97,iid,main,2,0.9668874172185431,HAR_Dirichlet
logistic,fixed_k,512,97,iid,main,4,0.9621451104100947,HAR_Dirichlet
logistic,fixed_k,512,97,iid,main,9,0.8715277777777778,HAR_Dirichlet
logistic,fixed_k,512,97,iid,main,10,0.8367346938775511,HAR_Dirichlet
logistic,fixed_k,512,97,iid,main,12,0.9625,HAR_Dirichlet
logistic,fixed_k,512,97,iid,main,13,0.9724770642201835,HAR_Dirichlet
logistic,fixed_k,512,97,iid,main,18,0.9120879120879121,HAR_Dirichlet
logistic,fixed_k,512,97,iid,main,20,0.9096045197740112,HAR_Dirichlet
logistic,fixed_k,512,97,iid,main,24,0.984251968503937,HAR_Dirichlet
logistic,estimated_conditional,128,149,iid,main,2,0.9602649006622517,HAR_Dirichlet
logistic,estimated_conditional,128,149,iid,main,4,0.9589905362776026,HAR_Dirichlet
logistic,estimated_conditional,128,149,iid,main,9,0.8715277777777778,HAR_Dirichlet
logistic,estimated_conditional,128,149,iid,main,10,0.8231292517006803,HAR_Dirichlet
logistic,estimated_conditional,128,149,iid,main,12,0.93125,HAR_Dirichlet
logistic,estimated_conditional,128,149,iid,main,13,0.9694189602446484,HAR_Dirichlet
logistic,estimated_conditional,128,149,iid,main,18,0.9010989010989011,HAR_Dirichlet
logistic,estimated_conditional,128,149,iid,main,20,0.903954802259887,HAR_Dirichlet
logistic,estimated_conditional,128,149,iid,main,24,0.9711286089238845,HAR_Dirichlet
logistic,client_ema,32,23,iid,main,2,0.9768211920529801,HAR_Dirichlet
logistic,client_ema,32,23,iid,main,4,0.917981072555205,HAR_Dirichlet
logistic,client_ema,32,23,iid,main,9,0.8819444444444444,HAR_Dirichlet
logistic,client_ema,32,23,iid,main,10,0.7993197278911565,HAR_Dirichlet
logistic,client_ema,32,23,iid,main,12,0.946875,HAR_Dirichlet
logistic,client_ema,32,23,iid,main,13,0.9357798165137615,HAR_Dirichlet
logistic,client_ema,32,23,iid,main,18,0.8846153846153846,HAR_Dirichlet
logistic,client_ema,32,23,iid,main,20,0.8785310734463276,HAR_Dirichlet
logistic,client_ema,32,23,iid,main,24,0.9501312335958005,HAR_Dirichlet
logistic,naive,512,113,iid,main,2,0.9701986754966887,HAR_Dirichlet
logistic,naive,512,113,iid,main,4,0.943217665615142,HAR_Dirichlet
logistic,naive,512,113,iid,main,9,0.8784722222222222,HAR_Dirichlet
logistic,naive,512,113,iid,main,10,0.8571428571428571,HAR_Dirichlet
logistic,naive,512,113,iid,main,12,0.95,HAR_Dirichlet
logistic,naive,512,113,iid,main,13,0.963302752293578,HAR_Dirichlet
logistic,naive,512,113,iid,main,18,0.9148351648351648,HAR_Dirichlet
logistic,naive,512,113,iid,main,20,0.9067796610169492,HAR_Dirichlet
logistic,naive,512,113,iid,main,24,0.979002624671916,HAR_Dirichlet
logistic,fixed_k,128,23,iid,main,2,0.9834437086092715,HAR_Dirichlet
logistic,fixed_k,128,23,iid,main,4,0.9463722397476341,HAR_Dirichlet
logistic,fixed_k,128,23,iid,main,9,0.8611111111111112,HAR_Dirichlet
logistic,fixed_k,128,23,iid,main,10,0.8367346938775511,HAR_Dirichlet
logistic,fixed_k,128,23,iid,main,12,0.975,HAR_Dirichlet
logistic,fixed_k,128,23,iid,main,13,0.9541284403669725,HAR_Dirichlet
logistic,fixed_k,128,23,iid,main,18,0.9203296703296703,HAR_Dirichlet
logistic,fixed_k,128,23,iid,main,20,0.8870056497175142,HAR_Dirichlet
logistic,fixed_k,128,23,iid,main,24,0.9711286089238845,HAR_Dirichlet
logistic,mean_length,128,11,iid,main,2,0.956953642384106,HAR_Dirichlet
logistic,mean_length,128,11,iid,main,4,0.9684542586750788,HAR_Dirichlet
logistic,mean_length,128,11,iid,main,9,0.8576388888888888,HAR_Dirichlet
logistic,mean_length,128,11,iid,main,10,0.8299319727891157,HAR_Dirichlet
logistic,mean_length,128,11,iid,main,12,0.94375,HAR_Dirichlet
logistic,mean_length,128,11,iid,main,13,0.944954128440367,HAR_Dirichlet
logistic,mean_length,128,11,iid,main,18,0.9093406593406593,HAR_Dirichlet
logistic,mean_length,128,11,iid,main,20,0.8870056497175142,HAR_Dirichlet
logistic,mean_length,128,11,iid,main,24,0.963254593175853,HAR_Dirichlet
mlp,fixed_k,128,97,iid,mlp_robustness,2,0.9668874172185431,HAR_Dirichlet
mlp,fixed_k,128,97,iid,mlp_robustness,4,0.9274447949526814,HAR_Dirichlet
mlp,fixed_k,128,97,iid,mlp_robustness,9,0.8576388888888888,HAR_Dirichlet
mlp,fixed_k,128,97,iid,mlp_robustness,10,0.8129251700680272,HAR_Dirichlet
mlp,fixed_k,128,97,iid,mlp_robustness,12,0.940625,HAR_Dirichlet
mlp,fixed_k,128,97,iid,mlp_robustness,13,0.9510703363914373,HAR_Dirichlet
mlp,fixed_k,128,97,iid,mlp_robustness,18,0.9065934065934066,HAR_Dirichlet
mlp,fixed_k,128,97,iid,mlp_robustness,20,0.8757062146892656,HAR_Dirichlet
mlp,fixed_k,128,97,iid,mlp_robustness,24,0.9658792650918635,HAR_Dirichlet
logistic,fixed_k,32,97,iid,main,2,0.9403973509933775,HAR_Dirichlet
logistic,fixed_k,32,97,iid,main,4,0.9211356466876972,HAR_Dirichlet
logistic,fixed_k,32,97,iid,main,9,0.8576388888888888,HAR_Dirichlet
logistic,fixed_k,32,97,iid,main,10,0.8537414965986394,HAR_Dirichlet
logistic,fixed_k,32,97,iid,main,12,0.928125,HAR_Dirichlet
logistic,fixed_k,32,97,iid,main,13,0.9602446483180428,HAR_Dirichlet
logistic,fixed_k,32,97,iid,main,18,0.8791208791208791,HAR_Dirichlet
logistic,fixed_k,32,97,iid,main,20,0.8898305084745762,HAR_Dirichlet
logistic,fixed_k,32,97,iid,main,24,0.952755905511811,HAR_Dirichlet
logistic,client_ema,512,149,iid,main,2,0.9735099337748344,HAR_Dirichlet
logistic,client_ema,512,149,iid,main,4,0.9558359621451105,HAR_Dirichlet
logistic,client_ema,512,149,iid,main,9,0.875,HAR_Dirichlet
logistic,client_ema,512,149,iid,main,10,0.8333333333333334,HAR_Dirichlet
logistic,client_ema,512,149,iid,main,12,0.946875,HAR_Dirichlet
logistic,client_ema,512,149,iid,main,13,0.9755351681957186,HAR_Dirichlet
logistic,client_ema,512,149,iid,main,18,0.9148351648351648,HAR_Dirichlet
logistic,client_ema,512,149,iid,main,20,0.9067796610169492,HAR_Dirichlet
logistic,client_ema,512,149,iid,main,24,0.9868766404199475,HAR_Dirichlet
mlp,conditional,128,47,iid,mlp_robustness,2,0.9403973509933775,HAR_Dirichlet
mlp,conditional,128,47,iid,mlp_robustness,4,0.9463722397476341,HAR_Dirichlet
mlp,conditional,128,47,iid,mlp_robustness,9,0.875,HAR_Dirichlet
mlp,conditional,128,47,iid,mlp_robustness,10,0.8571428571428571,HAR_Dirichlet
mlp,conditional,128,47,iid,mlp_robustness,12,0.925,HAR_Dirichlet
mlp,conditional,128,47,iid,mlp_robustness,13,0.9480122324159022,HAR_Dirichlet
mlp,conditional,128,47,iid,mlp_robustness,18,0.8763736263736264,HAR_Dirichlet
mlp,conditional,128,47,iid,mlp_robustness,20,0.8559322033898306,HAR_Dirichlet
mlp,conditional,128,47,iid,mlp_robustness,24,0.9658792650918635,HAR_Dirichlet
logistic,mean_length,512,83,iid,main,2,0.9701986754966887,HAR_Dirichlet
logistic,mean_length,512,83,iid,main,4,0.9652996845425867,HAR_Dirichlet
logistic,mean_length,512,83,iid,main,9,0.8715277777777778,HAR_Dirichlet
logistic,mean_length,512,83,iid,main,10,0.8333333333333334,HAR_Dirichlet
logistic,mean_length,512,83,iid,main,12,0.946875,HAR_Dirichlet
logistic,mean_length,512,83,iid,main,13,0.9571865443425076,HAR_Dirichlet
logistic,mean_length,512,83,iid,main,18,0.9120879120879121,HAR_Dirichlet
logistic,mean_length,512,83,iid,main,20,0.923728813559322,HAR_Dirichlet
logistic,mean_length,512,83,iid,main,24,0.9816272965879265,HAR_Dirichlet
logistic,naive,32,97,iid,main,2,0.9205298013245033,HAR_Dirichlet
logistic,naive,32,97,iid,main,4,0.9148264984227129,HAR_Dirichlet
logistic,naive,32,97,iid,main,9,0.8715277777777778,HAR_Dirichlet
logistic,naive,32,97,iid,main,10,0.826530612244898,HAR_Dirichlet
logistic,naive,32,97,iid,main,12,0.909375,HAR_Dirichlet
logistic,naive,32,97,iid,main,13,0.944954128440367,HAR_Dirichlet
logistic,naive,32,97,iid,main,18,0.8434065934065934,HAR_Dirichlet
logistic,naive,32,97,iid,main,20,0.8813559322033898,HAR_Dirichlet
logistic,naive,32,97,iid,main,24,0.926509186351706,HAR_Dirichlet
logistic,conditional,128,149,iid,main,2,0.9536423841059603,HAR_Dirichlet
logistic,conditional,128,149,iid,main,4,0.9526813880126183,HAR_Dirichlet
logistic,conditional,128,149,iid,main,9,0.8784722222222222,HAR_Dirichlet
logistic,conditional,128,149,iid,main,10,0.8367346938775511,HAR_Dirichlet
logistic,conditional,128,149,iid,main,12,0.934375,HAR_Dirichlet
logistic,conditional,128,149,iid,main,13,0.9694189602446484,HAR_Dirichlet
logistic,conditional,128,149,iid,main,18,0.9038461538461539,HAR_Dirichlet
logistic,conditional,128,149,iid,main,20,0.8954802259887006,HAR_Dirichlet
logistic,conditional,128,149,iid,main,24,0.968503937007874,HAR_Dirichlet
logistic,naive,512,137,iid,main,2,0.9768211920529801,HAR_Dirichlet
logistic,naive,512,137,iid,main,4,0.9495268138801262,HAR_Dirichlet
logistic,naive,512,137,iid,main,9,0.8888888888888888,HAR_Dirichlet
logistic,naive,512,137,iid,main,10,0.8333333333333334,HAR_Dirichlet
logistic,naive,512,137,iid,main,12,0.965625,HAR_Dirichlet
logistic,naive,512,137,iid,main,13,0.9602446483180428,HAR_Dirichlet
logistic,naive,512,137,iid,main,18,0.9010989010989011,HAR_Dirichlet
logistic,naive,512,137,iid,main,20,0.9322033898305084,HAR_Dirichlet
logistic,naive,512,137,iid,main,24,0.979002624671916,HAR_Dirichlet
logistic,mean_length,32,113,iid,main,2,0.956953642384106,HAR_Dirichlet
logistic,mean_length,32,113,iid,main,4,0.9369085173501577,HAR_Dirichlet
logistic,mean_length,32,113,iid,main,9,0.8923611111111112,HAR_Dirichlet
logistic,mean_length,32,113,iid,main,10,0.8707482993197279,HAR_Dirichlet
logistic,mean_length,32,113,iid,main,12,0.94375,HAR_Dirichlet
logistic,mean_length,32,113,iid,main,13,0.9541284403669725,HAR_Dirichlet
logistic,mean_length,32,113,iid,main,18,0.8873626373626373,HAR_Dirichlet
logistic,mean_length,32,113,iid,main,20,0.9152542372881356,HAR_Dirichlet
logistic,mean_length,32,113,iid,main,24,0.968503937007874,HAR_Dirichlet
logistic,fixed_k,512,113,iid,main,2,0.9801324503311258,HAR_Dirichlet
logistic,fixed_k,512,113,iid,main,4,0.9526813880126183,HAR_Dirichlet
logistic,fixed_k,512,113,iid,main,9,0.8506944444444444,HAR_Dirichlet
logistic,fixed_k,512,113,iid,main,10,0.8299319727891157,HAR_Dirichlet
logistic,fixed_k,512,113,iid,main,12,0.959375,HAR_Dirichlet
logistic,fixed_k,512,113,iid,main,13,0.9694189602446484,HAR_Dirichlet
logistic,fixed_k,512,113,iid,main,18,0.9258241758241759,HAR_Dirichlet
logistic,fixed_k,512,113,iid,main,20,0.9265536723163842,HAR_Dirichlet
logistic,fixed_k,512,113,iid,main,24,0.9816272965879265,HAR_Dirichlet
logistic,estimated_conditional,32,83,iid,main,2,0.9536423841059603,HAR_Dirichlet
logistic,estimated_conditional,32,83,iid,main,4,0.9274447949526814,HAR_Dirichlet
logistic,estimated_conditional,32,83,iid,main,9,0.8680555555555556,HAR_Dirichlet
logistic,estimated_conditional,32,83,iid,main,10,0.8095238095238095,HAR_Dirichlet
logistic,estimated_conditional,32,83,iid,main,12,0.921875,HAR_Dirichlet
logistic,estimated_conditional,32,83,iid,main,13,0.9418960244648318,HAR_Dirichlet
logistic,estimated_conditional,32,83,iid,main,18,0.8791208791208791,HAR_Dirichlet
logistic,estimated_conditional,32,83,iid,main,20,0.9180790960451978,HAR_Dirichlet
logistic,estimated_conditional,32,83,iid,main,24,0.968503937007874,HAR_Dirichlet
logistic,conditional,32,47,iid,main,2,0.9635761589403974,HAR_Dirichlet
logistic,conditional,32,47,iid,main,4,0.9274447949526814,HAR_Dirichlet
logistic,conditional,32,47,iid,main,9,0.8541666666666666,HAR_Dirichlet
logistic,conditional,32,47,iid,main,10,0.7993197278911565,HAR_Dirichlet
logistic,conditional,32,47,iid,main,12,0.9375,HAR_Dirichlet
logistic,conditional,32,47,iid,main,13,0.9418960244648318,HAR_Dirichlet
logistic,conditional,32,47,iid,main,18,0.8653846153846154,HAR_Dirichlet
logistic,conditional,32,47,iid,main,20,0.8954802259887006,HAR_Dirichlet
logistic,conditional,32,47,iid,main,24,0.958005249343832,HAR_Dirichlet
logistic,estimated_conditional,32,67,iid,main,2,0.9437086092715232,HAR_Dirichlet
logistic,estimated_conditional,32,67,iid,main,4,0.9400630914826499,HAR_Dirichlet
logistic,estimated_conditional,32,67,iid,main,9,0.8090277777777778,HAR_Dirichlet
logistic,estimated_conditional,32,67,iid,main,10,0.8129251700680272,HAR_Dirichlet
logistic,estimated_conditional,32,67,iid,main,12,0.903125,HAR_Dirichlet
logistic,estimated_conditional,32,67,iid,main,13,0.9143730886850153,HAR_Dirichlet
logistic,estimated_conditional,32,67,iid,main,18,0.8818681318681318,HAR_Dirichlet
logistic,estimated_conditional,32,67,iid,main,20,0.884180790960452,HAR_Dirichlet
logistic,estimated_conditional,32,67,iid,main,24,0.926509186351706,HAR_Dirichlet
logistic,client_ema,128,101,iid,main,2,0.9536423841059603,HAR_Dirichlet
logistic,client_ema,128,101,iid,main,4,0.9463722397476341,HAR_Dirichlet
logistic,client_ema,128,101,iid,main,9,0.8680555555555556,HAR_Dirichlet
logistic,client_ema,128,101,iid,main,10,0.8367346938775511,HAR_Dirichlet
logistic,client_ema,128,101,iid,main,12,0.94375,HAR_Dirichlet
logistic,client_ema,128,101,iid,main,13,0.963302752293578,HAR_Dirichlet
logistic,client_ema,128,101,iid,main,18,0.8956043956043956,HAR_Dirichlet
logistic,client_ema,128,101,iid,main,20,0.923728813559322,HAR_Dirichlet
logistic,client_ema,128,101,iid,main,24,0.9553805774278216,HAR_Dirichlet
logistic,conditional,128,23,markov,channel_robustness,2,0.9735099337748344,HAR_Dirichlet
logistic,conditional,128,23,markov,channel_robustness,4,0.9463722397476341,HAR_Dirichlet
logistic,conditional,128,23,markov,channel_robustness,9,0.875,HAR_Dirichlet
logistic,conditional,128,23,markov,channel_robustness,10,0.8231292517006803,HAR_Dirichlet
logistic,conditional,128,23,markov,channel_robustness,12,0.9625,HAR_Dirichlet
logistic,conditional,128,23,markov,channel_robustness,13,0.9510703363914373,HAR_Dirichlet
logistic,conditional,128,23,markov,channel_robustness,18,0.9010989010989011,HAR_Dirichlet
logistic,conditional,128,23,markov,channel_robustness,20,0.8954802259887006,HAR_Dirichlet
logistic,conditional,128,23,markov,channel_robustness,24,0.968503937007874,HAR_Dirichlet
mlp,conditional,128,23,iid,mlp_robustness,2,0.9668874172185431,HAR_Dirichlet
mlp,conditional,128,23,iid,mlp_robustness,4,0.9558359621451105,HAR_Dirichlet
mlp,conditional,128,23,iid,mlp_robustness,9,0.8541666666666666,HAR_Dirichlet
mlp,conditional,128,23,iid,mlp_robustness,10,0.8299319727891157,HAR_Dirichlet
mlp,conditional,128,23,iid,mlp_robustness,12,0.9375,HAR_Dirichlet
mlp,conditional,128,23,iid,mlp_robustness,13,0.9510703363914373,HAR_Dirichlet
mlp,conditional,128,23,iid,mlp_robustness,18,0.8901098901098901,HAR_Dirichlet
mlp,conditional,128,23,iid,mlp_robustness,20,0.8954802259887006,HAR_Dirichlet
mlp,conditional,128,23,iid,mlp_robustness,24,0.9448818897637795,HAR_Dirichlet
logistic,naive,128,101,iid,main,2,0.9437086092715232,HAR_Dirichlet
logistic,naive,128,101,iid,main,4,0.9337539432176656,HAR_Dirichlet
logistic,naive,128,101,iid,main,9,0.8576388888888888,HAR_Dirichlet
logistic,naive,128,101,iid,main,10,0.826530612244898,HAR_Dirichlet
logistic,naive,128,101,iid,main,12,0.921875,HAR_Dirichlet
logistic,naive,128,101,iid,main,13,0.9571865443425076,HAR_Dirichlet
logistic,naive,128,101,iid,main,18,0.8846153846153846,HAR_Dirichlet
logistic,naive,128,101,iid,main,20,0.9124293785310734,HAR_Dirichlet
logistic,naive,128,101,iid,main,24,0.937007874015748,HAR_Dirichlet
logistic,estimated_conditional,512,113,iid,main,2,0.9834437086092715,HAR_Dirichlet
logistic,estimated_conditional,512,113,iid,main,4,0.943217665615142,HAR_Dirichlet
logistic,estimated_conditional,512,113,iid,main,9,0.8645833333333334,HAR_Dirichlet
logistic,estimated_conditional,512,113,iid,main,10,0.8401360544217688,HAR_Dirichlet
logistic,estimated_conditional,512,113,iid,main,12,0.965625,HAR_Dirichlet
logistic,estimated_conditional,512,113,iid,main,13,0.9724770642201835,HAR_Dirichlet
logistic,estimated_conditional,512,113,iid,main,18,0.9285714285714286,HAR_Dirichlet
logistic,estimated_conditional,512,113,iid,main,20,0.9265536723163842,HAR_Dirichlet
logistic,estimated_conditional,512,113,iid,main,24,0.984251968503937,HAR_Dirichlet
logistic,conditional,512,149,iid,main,2,0.9668874172185431,HAR_Dirichlet
logistic,conditional,512,149,iid,main,4,0.9558359621451105,HAR_Dirichlet
logistic,conditional,512,149,iid,main,9,0.8819444444444444,HAR_Dirichlet
logistic,conditional,512,149,iid,main,10,0.8469387755102041,HAR_Dirichlet
logistic,conditional,512,149,iid,main,12,0.946875,HAR_Dirichlet
logistic,conditional,512,149,iid,main,13,0.9724770642201835,HAR_Dirichlet
logistic,conditional,512,149,iid,main,18,0.9148351648351648,HAR_Dirichlet
logistic,conditional,512,149,iid,main,20,0.8954802259887006,HAR_Dirichlet
logistic,conditional,512,149,iid,main,24,0.9868766404199475,HAR_Dirichlet
logistic,mean_length,32,149,iid,main,2,0.9370860927152318,HAR_Dirichlet
logistic,mean_length,32,149,iid,main,4,0.9305993690851735,HAR_Dirichlet
logistic,mean_length,32,149,iid,main,9,0.8645833333333334,HAR_Dirichlet
logistic,mean_length,32,149,iid,main,10,0.8367346938775511,HAR_Dirichlet
logistic,mean_length,32,149,iid,main,12,0.925,HAR_Dirichlet
logistic,mean_length,32,149,iid,main,13,0.9602446483180428,HAR_Dirichlet
logistic,mean_length,32,149,iid,main,18,0.8681318681318682,HAR_Dirichlet
logistic,mean_length,32,149,iid,main,20,0.8728813559322034,HAR_Dirichlet
logistic,mean_length,32,149,iid,main,24,0.9238845144356955,HAR_Dirichlet
logistic,naive,128,11,iid,main,2,0.9536423841059603,HAR_Dirichlet
logistic,naive,128,11,iid,main,4,0.9716088328075709,HAR_Dirichlet
logistic,naive,128,11,iid,main,9,0.8541666666666666,HAR_Dirichlet
logistic,naive,128,11,iid,main,10,0.8197278911564626,HAR_Dirichlet
logistic,naive,128,11,iid,main,12,0.94375,HAR_Dirichlet
logistic,naive,128,11,iid,main,13,0.9357798165137615,HAR_Dirichlet
logistic,naive,128,11,iid,main,18,0.8873626373626373,HAR_Dirichlet
logistic,naive,128,11,iid,main,20,0.867231638418079,HAR_Dirichlet
logistic,naive,128,11,iid,main,24,0.958005249343832,HAR_Dirichlet
mlp,fixed_k,128,149,iid,mlp_robustness,2,0.9337748344370861,HAR_Dirichlet
mlp,fixed_k,128,149,iid,mlp_robustness,4,0.9558359621451105,HAR_Dirichlet
mlp,fixed_k,128,149,iid,mlp_robustness,9,0.8611111111111112,HAR_Dirichlet
mlp,fixed_k,128,149,iid,mlp_robustness,10,0.7925170068027211,HAR_Dirichlet
mlp,fixed_k,128,149,iid,mlp_robustness,12,0.928125,HAR_Dirichlet
mlp,fixed_k,128,149,iid,mlp_robustness,13,0.9663608562691132,HAR_Dirichlet
mlp,fixed_k,128,149,iid,mlp_robustness,18,0.8818681318681318,HAR_Dirichlet
mlp,fixed_k,128,149,iid,mlp_robustness,20,0.8954802259887006,HAR_Dirichlet
mlp,fixed_k,128,149,iid,mlp_robustness,24,0.9448818897637795,HAR_Dirichlet
logistic,fixed_k,32,83,iid,main,2,0.9437086092715232,HAR_Dirichlet
logistic,fixed_k,32,83,iid,main,4,0.9337539432176656,HAR_Dirichlet
logistic,fixed_k,32,83,iid,main,9,0.8506944444444444,HAR_Dirichlet
logistic,fixed_k,32,83,iid,main,10,0.826530612244898,HAR_Dirichlet
logistic,fixed_k,32,83,iid,main,12,0.91875,HAR_Dirichlet
logistic,fixed_k,32,83,iid,main,13,0.926605504587156,HAR_Dirichlet
logistic,fixed_k,32,83,iid,main,18,0.8708791208791209,HAR_Dirichlet
logistic,fixed_k,32,83,iid,main,20,0.9209039548022598,HAR_Dirichlet
logistic,fixed_k,32,83,iid,main,24,0.9291338582677166,HAR_Dirichlet
logistic,fixed_k,32,23,iid,main,2,0.9668874172185431,HAR_Dirichlet
logistic,fixed_k,32,23,iid,main,4,0.9337539432176656,HAR_Dirichlet
logistic,fixed_k,32,23,iid,main,9,0.8888888888888888,HAR_Dirichlet
logistic,fixed_k,32,23,iid,main,10,0.8231292517006803,HAR_Dirichlet
logistic,fixed_k,32,23,iid,main,12,0.946875,HAR_Dirichlet
logistic,fixed_k,32,23,iid,main,13,0.9388379204892966,HAR_Dirichlet
logistic,fixed_k,32,23,iid,main,18,0.8983516483516484,HAR_Dirichlet
logistic,fixed_k,32,23,iid,main,20,0.867231638418079,HAR_Dirichlet
logistic,fixed_k,32,23,iid,main,24,0.937007874015748,HAR_Dirichlet
logistic,naive,512,47,iid,main,2,0.9668874172185431,HAR_Dirichlet
logistic,naive,512,47,iid,main,4,0.9621451104100947,HAR_Dirichlet
logistic,naive,512,47,iid,main,9,0.8680555555555556,HAR_Dirichlet
logistic,naive,512,47,iid,main,10,0.8197278911564626,HAR_Dirichlet
logistic,naive,512,47,iid,main,12,0.9625,HAR_Dirichlet
logistic,naive,512,47,iid,main,13,0.9571865443425076,HAR_Dirichlet
logistic,naive,512,47,iid,main,18,0.8956043956043956,HAR_Dirichlet
logistic,naive,512,47,iid,main,20,0.9096045197740112,HAR_Dirichlet
logistic,naive,512,47,iid,main,24,0.968503937007874,HAR_Dirichlet
logistic,conditional,128,67,markov,channel_robustness,2,0.9735099337748344,HAR_Dirichlet
logistic,conditional,128,67,markov,channel_robustness,4,0.943217665615142,HAR_Dirichlet
logistic,conditional,128,67,markov,channel_robustness,9,0.8611111111111112,HAR_Dirichlet
logistic,conditional,128,67,markov,channel_robustness,10,0.8537414965986394,HAR_Dirichlet
logistic,conditional,128,67,markov,channel_robustness,12,0.946875,HAR_Dirichlet
logistic,conditional,128,67,markov,channel_robustness,13,0.9480122324159022,HAR_Dirichlet
logistic,conditional,128,67,markov,channel_robustness,18,0.8818681318681318,HAR_Dirichlet
logistic,conditional,128,67,markov,channel_robustness,20,0.9209039548022598,HAR_Dirichlet
logistic,conditional,128,67,markov,channel_robustness,24,0.9501312335958005,HAR_Dirichlet
logistic,fixed_k,512,149,iid,main,2,0.9635761589403974,HAR_Dirichlet
logistic,fixed_k,512,149,iid,main,4,0.9589905362776026,HAR_Dirichlet
logistic,fixed_k,512,149,iid,main,9,0.8854166666666666,HAR_Dirichlet
logistic,fixed_k,512,149,iid,main,10,0.8231292517006803,HAR_Dirichlet
logistic,fixed_k,512,149,iid,main,12,0.946875,HAR_Dirichlet
logistic,fixed_k,512,149,iid,main,13,0.9785932721712538,HAR_Dirichlet
logistic,fixed_k,512,149,iid,main,18,0.9093406593406593,HAR_Dirichlet
logistic,fixed_k,512,149,iid,main,20,0.8870056497175142,HAR_Dirichlet
logistic,fixed_k,512,149,iid,main,24,0.9868766404199475,HAR_Dirichlet
logistic,naive,32,47,iid,main,2,0.9337748344370861,HAR_Dirichlet
logistic,naive,32,47,iid,main,4,0.9305993690851735,HAR_Dirichlet
logistic,naive,32,47,iid,main,9,0.8611111111111112,HAR_Dirichlet
logistic,naive,32,47,iid,main,10,0.8129251700680272,HAR_Dirichlet
logistic,naive,32,47,iid,main,12,0.928125,HAR_Dirichlet
logistic,naive,32,47,iid,main,13,0.944954128440367,HAR_Dirichlet
logistic,naive,32,47,iid,main,18,0.8626373626373627,HAR_Dirichlet
logistic,naive,32,47,iid,main,20,0.8615819209039548,HAR_Dirichlet
logistic,naive,32,47,iid,main,24,0.937007874015748,HAR_Dirichlet
logistic,naive,512,149,iid,main,2,0.9536423841059603,HAR_Dirichlet
logistic,naive,512,149,iid,main,4,0.9526813880126183,HAR_Dirichlet
logistic,naive,512,149,iid,main,9,0.8784722222222222,HAR_Dirichlet
logistic,naive,512,149,iid,main,10,0.8435374149659864,HAR_Dirichlet
logistic,naive,512,149,iid,main,12,0.94375,HAR_Dirichlet
logistic,naive,512,149,iid,main,13,0.9694189602446484,HAR_Dirichlet
logistic,naive,512,149,iid,main,18,0.8983516483516484,HAR_Dirichlet
logistic,naive,512,149,iid,main,20,0.8954802259887006,HAR_Dirichlet
logistic,naive,512,149,iid,main,24,0.973753280839895,HAR_Dirichlet
logistic,client_ema,32,67,iid,main,2,0.9635761589403974,HAR_Dirichlet
logistic,client_ema,32,67,iid,main,4,0.9369085173501577,HAR_Dirichlet
logistic,client_ema,32,67,iid,main,9,0.8506944444444444,HAR_Dirichlet
logistic,client_ema,32,67,iid,main,10,0.8367346938775511,HAR_Dirichlet
logistic,client_ema,32,67,iid,main,12,0.91875,HAR_Dirichlet
logistic,client_ema,32,67,iid,main,13,0.9418960244648318,HAR_Dirichlet
logistic,client_ema,32,67,iid,main,18,0.8736263736263736,HAR_Dirichlet
logistic,client_ema,32,67,iid,main,20,0.9096045197740112,HAR_Dirichlet
logistic,client_ema,32,67,iid,main,24,0.9396325459317585,HAR_Dirichlet
logistic,naive,512,83,iid,main,2,0.9635761589403974,HAR_Dirichlet
logistic,naive,512,83,iid,main,4,0.9652996845425867,HAR_Dirichlet
logistic,naive,512,83,iid,main,9,0.8715277777777778,HAR_Dirichlet
logistic,naive,512,83,iid,main,10,0.8469387755102041,HAR_Dirichlet
logistic,naive,512,83,iid,main,12,0.934375,HAR_Dirichlet
logistic,naive,512,83,iid,main,13,0.9510703363914373,HAR_Dirichlet
logistic,naive,512,83,iid,main,18,0.8901098901098901,HAR_Dirichlet
logistic,naive,512,83,iid,main,20,0.9124293785310734,HAR_Dirichlet
logistic,naive,512,83,iid,main,24,0.979002624671916,HAR_Dirichlet
logistic,estimated_conditional,32,113,iid,main,2,0.956953642384106,HAR_Dirichlet
logistic,estimated_conditional,32,113,iid,main,4,0.9369085173501577,HAR_Dirichlet
logistic,estimated_conditional,32,113,iid,main,9,0.8819444444444444,HAR_Dirichlet
logistic,estimated_conditional,32,113,iid,main,10,0.8707482993197279,HAR_Dirichlet
logistic,estimated_conditional,32,113,iid,main,12,0.940625,HAR_Dirichlet
logistic,estimated_conditional,32,113,iid,main,13,0.9510703363914373,HAR_Dirichlet
logistic,estimated_conditional,32,113,iid,main,18,0.8956043956043956,HAR_Dirichlet
logistic,estimated_conditional,32,113,iid,main,20,0.923728813559322,HAR_Dirichlet
logistic,estimated_conditional,32,113,iid,main,24,0.968503937007874,HAR_Dirichlet
logistic,client_ema,32,83,iid,main,2,0.9503311258278145,HAR_Dirichlet
logistic,client_ema,32,83,iid,main,4,0.9337539432176656,HAR_Dirichlet
logistic,client_ema,32,83,iid,main,9,0.8680555555555556,HAR_Dirichlet
logistic,client_ema,32,83,iid,main,10,0.826530612244898,HAR_Dirichlet
logistic,client_ema,32,83,iid,main,12,0.928125,HAR_Dirichlet
logistic,client_ema,32,83,iid,main,13,0.9418960244648318,HAR_Dirichlet
logistic,client_ema,32,83,iid,main,18,0.8763736263736264,HAR_Dirichlet
logistic,client_ema,32,83,iid,main,20,0.9096045197740112,HAR_Dirichlet
logistic,client_ema,32,83,iid,main,24,0.9763779527559056,HAR_Dirichlet
logistic,naive,128,83,iid,main,2,0.9503311258278145,HAR_Dirichlet
logistic,naive,128,83,iid,main,4,0.9400630914826499,HAR_Dirichlet
logistic,naive,128,83,iid,main,9,0.8680555555555556,HAR_Dirichlet
logistic,naive,128,83,iid,main,10,0.8401360544217688,HAR_Dirichlet
logistic,naive,128,83,iid,main,12,0.928125,HAR_Dirichlet
logistic,naive,128,83,iid,main,13,0.9418960244648318,HAR_Dirichlet
logistic,naive,128,83,iid,main,18,0.8846153846153846,HAR_Dirichlet
logistic,naive,128,83,iid,main,20,0.9096045197740112,HAR_Dirichlet
logistic,naive,128,83,iid,main,24,0.979002624671916,HAR_Dirichlet
mlp,conditional,128,83,iid,mlp_robustness,2,0.9536423841059603,HAR_Dirichlet
mlp,conditional,128,83,iid,mlp_robustness,4,0.9495268138801262,HAR_Dirichlet
mlp,conditional,128,83,iid,mlp_robustness,9,0.8819444444444444,HAR_Dirichlet
mlp,conditional,128,83,iid,mlp_robustness,10,0.8129251700680272,HAR_Dirichlet
mlp,conditional,128,83,iid,mlp_robustness,12,0.9625,HAR_Dirichlet
mlp,conditional,128,83,iid,mlp_robustness,13,0.944954128440367,HAR_Dirichlet
mlp,conditional,128,83,iid,mlp_robustness,18,0.8818681318681318,HAR_Dirichlet
mlp,conditional,128,83,iid,mlp_robustness,20,0.9152542372881356,HAR_Dirichlet
mlp,conditional,128,83,iid,mlp_robustness,24,0.9711286089238845,HAR_Dirichlet
logistic,conditional,512,59,iid,main,2,0.9635761589403974,HAR_Dirichlet
logistic,conditional,512,59,iid,main,4,0.9747634069400631,HAR_Dirichlet
logistic,conditional,512,59,iid,main,9,0.8402777777777778,HAR_Dirichlet
logistic,conditional,512,59,iid,main,10,0.8163265306122449,HAR_Dirichlet
logistic,conditional,512,59,iid,main,12,0.94375,HAR_Dirichlet
logistic,conditional,512,59,iid,main,13,0.9541284403669725,HAR_Dirichlet
logistic,conditional,512,59,iid,main,18,0.9038461538461539,HAR_Dirichlet
logistic,conditional,512,59,iid,main,20,0.8983050847457628,HAR_Dirichlet
logistic,conditional,512,59,iid,main,24,0.973753280839895,HAR_Dirichlet
logistic,client_ema,128,127,iid,main,2,0.9668874172185431,HAR_Dirichlet
logistic,client_ema,128,127,iid,main,4,0.9526813880126183,HAR_Dirichlet
logistic,client_ema,128,127,iid,main,9,0.8819444444444444,HAR_Dirichlet
logistic,client_ema,128,127,iid,main,10,0.8333333333333334,HAR_Dirichlet
logistic,client_ema,128,127,iid,main,12,0.95625,HAR_Dirichlet
logistic,client_ema,128,127,iid,main,13,0.9510703363914373,HAR_Dirichlet
logistic,client_ema,128,127,iid,main,18,0.8956043956043956,HAR_Dirichlet
logistic,client_ema,128,127,iid,main,20,0.9293785310734464,HAR_Dirichlet
logistic,client_ema,128,127,iid,main,24,0.9606299212598425,HAR_Dirichlet
logistic,estimated_conditional,32,23,iid,main,2,0.9735099337748344,HAR_Dirichlet
logistic,estimated_conditional,32,23,iid,main,4,0.9242902208201893,HAR_Dirichlet
logistic,estimated_conditional,32,23,iid,main,9,0.875,HAR_Dirichlet
logistic,estimated_conditional,32,23,iid,main,10,0.7925170068027211,HAR_Dirichlet
logistic,estimated_conditional,32,23,iid,main,12,0.9375,HAR_Dirichlet
logistic,estimated_conditional,32,23,iid,main,13,0.9357798165137615,HAR_Dirichlet
logistic,estimated_conditional,32,23,iid,main,18,0.8791208791208791,HAR_Dirichlet
logistic,estimated_conditional,32,23,iid,main,20,0.884180790960452,HAR_Dirichlet
logistic,estimated_conditional,32,23,iid,main,24,0.9553805774278216,HAR_Dirichlet
logistic,naive,128,67,iid,main,2,0.9735099337748344,HAR_Dirichlet
logistic,naive,128,67,iid,main,4,0.9400630914826499,HAR_Dirichlet
logistic,naive,128,67,iid,main,9,0.8541666666666666,HAR_Dirichlet
logistic,naive,128,67,iid,main,10,0.8333333333333334,HAR_Dirichlet
logistic,naive,128,67,iid,main,12,0.921875,HAR_Dirichlet
logistic,naive,128,67,iid,main,13,0.9510703363914373,HAR_Dirichlet
logistic,naive,128,67,iid,main,18,0.8598901098901099,HAR_Dirichlet
logistic,naive,128,67,iid,main,20,0.9067796610169492,HAR_Dirichlet
logistic,naive,128,67,iid,main,24,0.9422572178477691,HAR_Dirichlet
logistic,mean_length,32,47,iid,main,2,0.9635761589403974,HAR_Dirichlet
logistic,mean_length,32,47,iid,main,4,0.9400630914826499,HAR_Dirichlet
logistic,mean_length,32,47,iid,main,9,0.8645833333333334,HAR_Dirichlet
logistic,mean_length,32,47,iid,main,10,0.8095238095238095,HAR_Dirichlet
logistic,mean_length,32,47,iid,main,12,0.934375,HAR_Dirichlet
logistic,mean_length,32,47,iid,main,13,0.9418960244648318,HAR_Dirichlet
logistic,mean_length,32,47,iid,main,18,0.8681318681318682,HAR_Dirichlet
logistic,mean_length,32,47,iid,main,20,0.8870056497175142,HAR_Dirichlet
logistic,mean_length,32,47,iid,main,24,0.9606299212598425,HAR_Dirichlet
logistic,client_ema,512,47,iid,main,2,0.9635761589403974,HAR_Dirichlet
logistic,client_ema,512,47,iid,main,4,0.9684542586750788,HAR_Dirichlet
logistic,client_ema,512,47,iid,main,9,0.8645833333333334,HAR_Dirichlet
logistic,client_ema,512,47,iid,main,10,0.8129251700680272,HAR_Dirichlet
logistic,client_ema,512,47,iid,main,12,0.959375,HAR_Dirichlet
logistic,client_ema,512,47,iid,main,13,0.9602446483180428,HAR_Dirichlet
logistic,client_ema,512,47,iid,main,18,0.9120879120879121,HAR_Dirichlet
logistic,client_ema,512,47,iid,main,20,0.9180790960451978,HAR_Dirichlet
logistic,client_ema,512,47,iid,main,24,0.9816272965879265,HAR_Dirichlet
logistic,conditional,32,149,iid,main,2,0.9403973509933775,HAR_Dirichlet
logistic,conditional,32,149,iid,main,4,0.9369085173501577,HAR_Dirichlet
logistic,conditional,32,149,iid,main,9,0.8576388888888888,HAR_Dirichlet
logistic,conditional,32,149,iid,main,10,0.8435374149659864,HAR_Dirichlet
logistic,conditional,32,149,iid,main,12,0.93125,HAR_Dirichlet
logistic,conditional,32,149,iid,main,13,0.9571865443425076,HAR_Dirichlet
logistic,conditional,32,149,iid,main,18,0.8708791208791209,HAR_Dirichlet
logistic,conditional,32,149,iid,main,20,0.8700564971751412,HAR_Dirichlet
logistic,conditional,32,149,iid,main,24,0.931758530183727,HAR_Dirichlet
logistic,mean_length,128,23,iid,main,2,0.9801324503311258,HAR_Dirichlet
logistic,mean_length,128,23,iid,main,4,0.943217665615142,HAR_Dirichlet
logistic,mean_length,128,23,iid,main,9,0.8715277777777778,HAR_Dirichlet
logistic,mean_length,128,23,iid,main,10,0.8163265306122449,HAR_Dirichlet
logistic,mean_length,128,23,iid,main,12,0.971875,HAR_Dirichlet
logistic,mean_length,128,23,iid,main,13,0.9510703363914373,HAR_Dirichlet
logistic,mean_length,128,23,iid,main,18,0.9065934065934066,HAR_Dirichlet
logistic,mean_length,128,23,iid,main,20,0.8926553672316384,HAR_Dirichlet
logistic,mean_length,128,23,iid,main,24,0.979002624671916,HAR_Dirichlet
logistic,estimated_conditional,512,47,iid,main,2,0.9701986754966887,HAR_Dirichlet
logistic,estimated_conditional,512,47,iid,main,4,0.9652996845425867,HAR_Dirichlet
logistic,estimated_conditional,512,47,iid,main,9,0.8645833333333334,HAR_Dirichlet
logistic,estimated_conditional,512,47,iid,main,10,0.8163265306122449,HAR_Dirichlet
logistic,estimated_conditional,512,47,iid,main,12,0.95625,HAR_Dirichlet
logistic,estimated_conditional,512,47,iid,main,13,0.9602446483180428,HAR_Dirichlet
logistic,estimated_conditional,512,47,iid,main,18,0.9065934065934066,HAR_Dirichlet
logistic,estimated_conditional,512,47,iid,main,20,0.9152542372881356,HAR_Dirichlet
logistic,estimated_conditional,512,47,iid,main,24,0.979002624671916,HAR_Dirichlet
logistic,client_ema,512,97,iid,main,2,0.9668874172185431,HAR_Dirichlet
logistic,client_ema,512,97,iid,main,4,0.9684542586750788,HAR_Dirichlet
logistic,client_ema,512,97,iid,main,9,0.8645833333333334,HAR_Dirichlet
logistic,client_ema,512,97,iid,main,10,0.8503401360544217,HAR_Dirichlet
logistic,client_ema,512,97,iid,main,12,0.95625,HAR_Dirichlet
logistic,client_ema,512,97,iid,main,13,0.9724770642201835,HAR_Dirichlet
logistic,client_ema,512,97,iid,main,18,0.9230769230769231,HAR_Dirichlet
logistic,client_ema,512,97,iid,main,20,0.903954802259887,HAR_Dirichlet
logistic,client_ema,512,97,iid,main,24,0.9816272965879265,HAR_Dirichlet
logistic,fixed_k,128,23,markov,channel_robustness,2,0.9801324503311258,HAR_Dirichlet
logistic,fixed_k,128,23,markov,channel_robustness,4,0.9463722397476341,HAR_Dirichlet
logistic,fixed_k,128,23,markov,channel_robustness,9,0.875,HAR_Dirichlet
logistic,fixed_k,128,23,markov,channel_robustness,10,0.8367346938775511,HAR_Dirichlet
logistic,fixed_k,128,23,markov,channel_robustness,12,0.965625,HAR_Dirichlet
logistic,fixed_k,128,23,markov,channel_robustness,13,0.9541284403669725,HAR_Dirichlet
logistic,fixed_k,128,23,markov,channel_robustness,18,0.9038461538461539,HAR_Dirichlet
logistic,fixed_k,128,23,markov,channel_robustness,20,0.884180790960452,HAR_Dirichlet
logistic,fixed_k,128,23,markov,channel_robustness,24,0.979002624671916,HAR_Dirichlet
logistic,naive,128,149,iid,main,2,0.9337748344370861,HAR_Dirichlet
logistic,naive,128,149,iid,main,4,0.9337539432176656,HAR_Dirichlet
logistic,naive,128,149,iid,main,9,0.8715277777777778,HAR_Dirichlet
logistic,naive,128,149,iid,main,10,0.8401360544217688,HAR_Dirichlet
logistic,naive,128,149,iid,main,12,0.921875,HAR_Dirichlet
logistic,naive,128,149,iid,main,13,0.9602446483180428,HAR_Dirichlet
logistic,naive,128,149,iid,main,18,0.8846153846153846,HAR_Dirichlet
logistic,naive,128,149,iid,main,20,0.8757062146892656,HAR_Dirichlet
logistic,naive,128,149,iid,main,24,0.9553805774278216,HAR_Dirichlet
mlp,conditional,128,137,iid,mlp_robustness,2,0.9735099337748344,HAR_Dirichlet
mlp,conditional,128,137,iid,mlp_robustness,4,0.9305993690851735,HAR_Dirichlet
mlp,conditional,128,137,iid,mlp_robustness,9,0.8298611111111112,HAR_Dirichlet
mlp,conditional,128,137,iid,mlp_robustness,10,0.8095238095238095,HAR_Dirichlet
mlp,conditional,128,137,iid,mlp_robustness,12,0.928125,HAR_Dirichlet
mlp,conditional,128,137,iid,mlp_robustness,13,0.9480122324159022,HAR_Dirichlet
mlp,conditional,128,137,iid,mlp_robustness,18,0.8653846153846154,HAR_Dirichlet
mlp,conditional,128,137,iid,mlp_robustness,20,0.9378531073446328,HAR_Dirichlet
mlp,conditional,128,137,iid,mlp_robustness,24,0.9658792650918635,HAR_Dirichlet
logistic,fixed_k,512,127,iid,main,2,0.9668874172185431,HAR_Dirichlet
logistic,fixed_k,512,127,iid,main,4,0.9589905362776026,HAR_Dirichlet
logistic,fixed_k,512,127,iid,main,9,0.8680555555555556,HAR_Dirichlet
logistic,fixed_k,512,127,iid,main,10,0.8163265306122449,HAR_Dirichlet
logistic,fixed_k,512,127,iid,main,12,0.95625,HAR_Dirichlet
logistic,fixed_k,512,127,iid,main,13,0.9694189602446484,HAR_Dirichlet
logistic,fixed_k,512,127,iid,main,18,0.9203296703296703,HAR_Dirichlet
logistic,fixed_k,512,127,iid,main,20,0.9322033898305084,HAR_Dirichlet
logistic,fixed_k,512,127,iid,main,24,0.979002624671916,HAR_Dirichlet
logistic,estimated_conditional,128,101,iid,main,2,0.9602649006622517,HAR_Dirichlet
logistic,estimated_conditional,128,101,iid,main,4,0.9400630914826499,HAR_Dirichlet
logistic,estimated_conditional,128,101,iid,main,9,0.8576388888888888,HAR_Dirichlet
logistic,estimated_conditional,128,101,iid,main,10,0.8367346938775511,HAR_Dirichlet
logistic,estimated_conditional,128,101,iid,main,12,0.9625,HAR_Dirichlet
logistic,estimated_conditional,128,101,iid,main,13,0.9663608562691132,HAR_Dirichlet
logistic,estimated_conditional,128,101,iid,main,18,0.8956043956043956,HAR_Dirichlet
logistic,estimated_conditional,128,101,iid,main,20,0.9293785310734464,HAR_Dirichlet
logistic,estimated_conditional,128,101,iid,main,24,0.9658792650918635,HAR_Dirichlet
logistic,fixed_k,128,113,markov,channel_robustness,2,0.9701986754966887,HAR_Dirichlet
logistic,fixed_k,128,113,markov,channel_robustness,4,0.9495268138801262,HAR_Dirichlet
logistic,fixed_k,128,113,markov,channel_robustness,9,0.8715277777777778,HAR_Dirichlet
logistic,fixed_k,128,113,markov,channel_robustness,10,0.8401360544217688,HAR_Dirichlet
logistic,fixed_k,128,113,markov,channel_robustness,12,0.934375,HAR_Dirichlet
logistic,fixed_k,128,113,markov,channel_robustness,13,0.963302752293578,HAR_Dirichlet
logistic,fixed_k,128,113,markov,channel_robustness,18,0.9148351648351648,HAR_Dirichlet
logistic,fixed_k,128,113,markov,channel_robustness,20,0.903954802259887,HAR_Dirichlet
logistic,fixed_k,128,113,markov,channel_robustness,24,0.9658792650918635,HAR_Dirichlet
mlp,conditional,128,11,iid,mlp_robustness,2,0.9503311258278145,HAR_Dirichlet
mlp,conditional,128,11,iid,mlp_robustness,4,0.9369085173501577,HAR_Dirichlet
mlp,conditional,128,11,iid,mlp_robustness,9,0.8680555555555556,HAR_Dirichlet
mlp,conditional,128,11,iid,mlp_robustness,10,0.8639455782312925,HAR_Dirichlet
mlp,conditional,128,11,iid,mlp_robustness,12,0.91875,HAR_Dirichlet
mlp,conditional,128,11,iid,mlp_robustness,13,0.9541284403669725,HAR_Dirichlet
mlp,conditional,128,11,iid,mlp_robustness,18,0.8928571428571429,HAR_Dirichlet
mlp,conditional,128,11,iid,mlp_robustness,20,0.903954802259887,HAR_Dirichlet
mlp,conditional,128,11,iid,mlp_robustness,24,0.9763779527559056,HAR_Dirichlet
logistic,fixed_k,32,67,iid,main,2,0.9503311258278145,HAR_Dirichlet
logistic,fixed_k,32,67,iid,main,4,0.9369085173501577,HAR_Dirichlet
logistic,fixed_k,32,67,iid,main,9,0.8680555555555556,HAR_Dirichlet
logistic,fixed_k,32,67,iid,main,10,0.8197278911564626,HAR_Dirichlet
logistic,fixed_k,32,67,iid,main,12,0.91875,HAR_Dirichlet
logistic,fixed_k,32,67,iid,main,13,0.944954128440367,HAR_Dirichlet
logistic,fixed_k,32,67,iid,main,18,0.8681318681318682,HAR_Dirichlet
logistic,fixed_k,32,67,iid,main,20,0.8954802259887006,HAR_Dirichlet
logistic,fixed_k,32,67,iid,main,24,0.9396325459317585,HAR_Dirichlet
logistic,conditional,128,127,markov,channel_robustness,2,0.956953642384106,HAR_Dirichlet
logistic,conditional,128,127,markov,channel_robustness,4,0.9495268138801262,HAR_Dirichlet
logistic,conditional,128,127,markov,channel_robustness,9,0.875,HAR_Dirichlet
logistic,conditional,128,127,markov,channel_robustness,10,0.8469387755102041,HAR_Dirichlet
logistic,conditional,128,127,markov,channel_robustness,12,0.95,HAR_Dirichlet
logistic,conditional,128,127,markov,channel_robustness,13,0.9571865443425076,HAR_Dirichlet
logistic,conditional,128,127,markov,channel_robustness,18,0.8873626373626373,HAR_Dirichlet
logistic,conditional,128,127,markov,channel_robustness,20,0.9209039548022598,HAR_Dirichlet
logistic,conditional,128,127,markov,channel_robustness,24,0.9606299212598425,HAR_Dirichlet
logistic,client_ema,512,59,iid,main,2,0.9668874172185431,HAR_Dirichlet
logistic,client_ema,512,59,iid,main,4,0.9779179810725552,HAR_Dirichlet
logistic,client_ema,512,59,iid,main,9,0.8402777777777778,HAR_Dirichlet
logistic,client_ema,512,59,iid,main,10,0.8197278911564626,HAR_Dirichlet
logistic,client_ema,512,59,iid,main,12,0.940625,HAR_Dirichlet
logistic,client_ema,512,59,iid,main,13,0.9541284403669725,HAR_Dirichlet
logistic,client_ema,512,59,iid,main,18,0.9010989010989011,HAR_Dirichlet
logistic,client_ema,512,59,iid,main,20,0.8870056497175142,HAR_Dirichlet
logistic,client_ema,512,59,iid,main,24,0.9711286089238845,HAR_Dirichlet
logistic,estimated_conditional,32,47,iid,main,2,0.9635761589403974,HAR_Dirichlet
logistic,estimated_conditional,32,47,iid,main,4,0.9463722397476341,HAR_Dirichlet
logistic,estimated_conditional,32,47,iid,main,9,0.8611111111111112,HAR_Dirichlet
logistic,estimated_conditional,32,47,iid,main,10,0.8095238095238095,HAR_Dirichlet
logistic,estimated_conditional,32,47,iid,main,12,0.934375,HAR_Dirichlet
logistic,estimated_conditional,32,47,iid,main,13,0.9418960244648318,HAR_Dirichlet
logistic,estimated_conditional,32,47,iid,main,18,0.8681318681318682,HAR_Dirichlet
logistic,estimated_conditional,32,47,iid,main,20,0.8926553672316384,HAR_Dirichlet
logistic,estimated_conditional,32,47,iid,main,24,0.9606299212598425,HAR_Dirichlet
logistic,fixed_k,32,47,iid,main,2,0.9536423841059603,HAR_Dirichlet
logistic,fixed_k,32,47,iid,main,4,0.9526813880126183,HAR_Dirichlet
logistic,fixed_k,32,47,iid,main,9,0.8819444444444444,HAR_Dirichlet
logistic,fixed_k,32,47,iid,main,10,0.7993197278911565,HAR_Dirichlet
logistic,fixed_k,32,47,iid,main,12,0.95,HAR_Dirichlet
logistic,fixed_k,32,47,iid,main,13,0.9541284403669725,HAR_Dirichlet
logistic,fixed_k,32,47,iid,main,18,0.8763736263736264,HAR_Dirichlet
logistic,fixed_k,32,47,iid,main,20,0.9067796610169492,HAR_Dirichlet
logistic,fixed_k,32,47,iid,main,24,0.9448818897637795,HAR_Dirichlet
logistic,mean_length,128,59,iid,main,2,0.9735099337748344,HAR_Dirichlet
logistic,mean_length,128,59,iid,main,4,0.9621451104100947,HAR_Dirichlet
logistic,mean_length,128,59,iid,main,9,0.8576388888888888,HAR_Dirichlet
logistic,mean_length,128,59,iid,main,10,0.8367346938775511,HAR_Dirichlet
logistic,mean_length,128,59,iid,main,12,0.940625,HAR_Dirichlet
logistic,mean_length,128,59,iid,main,13,0.9418960244648318,HAR_Dirichlet
logistic,mean_length,128,59,iid,main,18,0.8928571428571429,HAR_Dirichlet
logistic,mean_length,128,59,iid,main,20,0.8700564971751412,HAR_Dirichlet
logistic,mean_length,128,59,iid,main,24,0.9606299212598425,HAR_Dirichlet
logistic,conditional,128,59,markov,channel_robustness,2,0.9668874172185431,HAR_Dirichlet
logistic,conditional,128,59,markov,channel_robustness,4,0.9558359621451105,HAR_Dirichlet
logistic,conditional,128,59,markov,channel_robustness,9,0.8611111111111112,HAR_Dirichlet
logistic,conditional,128,59,markov,channel_robustness,10,0.8503401360544217,HAR_Dirichlet
logistic,conditional,128,59,markov,channel_robustness,12,0.94375,HAR_Dirichlet
logistic,conditional,128,59,markov,channel_robustness,13,0.9480122324159022,HAR_Dirichlet
logistic,conditional,128,59,markov,channel_robustness,18,0.8873626373626373,HAR_Dirichlet
logistic,conditional,128,59,markov,channel_robustness,20,0.864406779661017,HAR_Dirichlet
logistic,conditional,128,59,markov,channel_robustness,24,0.9553805774278216,HAR_Dirichlet
logistic,client_ema,32,137,iid,main,2,0.9635761589403974,HAR_Dirichlet
logistic,client_ema,32,137,iid,main,4,0.9337539432176656,HAR_Dirichlet
logistic,client_ema,32,137,iid,main,9,0.8541666666666666,HAR_Dirichlet
logistic,client_ema,32,137,iid,main,10,0.8333333333333334,HAR_Dirichlet
logistic,client_ema,32,137,iid,main,12,0.953125,HAR_Dirichlet
logistic,client_ema,32,137,iid,main,13,0.9143730886850153,HAR_Dirichlet
logistic,client_ema,32,137,iid,main,18,0.8736263736263736,HAR_Dirichlet
logistic,client_ema,32,137,iid,main,20,0.903954802259887,HAR_Dirichlet
logistic,client_ema,32,137,iid,main,24,0.9501312335958005,HAR_Dirichlet
logistic,fixed_k,128,137,markov,channel_robustness,2,0.9768211920529801,HAR_Dirichlet
logistic,fixed_k,128,137,markov,channel_robustness,4,0.9558359621451105,HAR_Dirichlet
logistic,fixed_k,128,137,markov,channel_robustness,9,0.8715277777777778,HAR_Dirichlet
logistic,fixed_k,128,137,markov,channel_robustness,10,0.826530612244898,HAR_Dirichlet
logistic,fixed_k,128,137,markov,channel_robustness,12,0.959375,HAR_Dirichlet
logistic,fixed_k,128,137,markov,channel_robustness,13,0.9418960244648318,HAR_Dirichlet
logistic,fixed_k,128,137,markov,channel_robustness,18,0.8901098901098901,HAR_Dirichlet
logistic,fixed_k,128,137,markov,channel_robustness,20,0.9209039548022598,HAR_Dirichlet
logistic,fixed_k,128,137,markov,channel_robustness,24,0.973753280839895,HAR_Dirichlet
logistic,mean_length,32,137,iid,main,2,0.956953642384106,HAR_Dirichlet
logistic,mean_length,32,137,iid,main,4,0.9305993690851735,HAR_Dirichlet
logistic,mean_length,32,137,iid,main,9,0.8472222222222222,HAR_Dirichlet
logistic,mean_length,32,137,iid,main,10,0.8299319727891157,HAR_Dirichlet
logistic,mean_length,32,137,iid,main,12,0.95,HAR_Dirichlet
logistic,mean_length,32,137,iid,main,13,0.9174311926605505,HAR_Dirichlet
logistic,mean_length,32,137,iid,main,18,0.8736263736263736,HAR_Dirichlet
logistic,mean_length,32,137,iid,main,20,0.8983050847457628,HAR_Dirichlet
logistic,mean_length,32,137,iid,main,24,0.9501312335958005,HAR_Dirichlet
logistic,mean_length,128,101,iid,main,2,0.9536423841059603,HAR_Dirichlet
logistic,mean_length,128,101,iid,main,4,0.943217665615142,HAR_Dirichlet
logistic,mean_length,128,101,iid,main,9,0.8680555555555556,HAR_Dirichlet
logistic,mean_length,128,101,iid,main,10,0.8435374149659864,HAR_Dirichlet
logistic,mean_length,128,101,iid,main,12,0.94375,HAR_Dirichlet
logistic,mean_length,128,101,iid,main,13,0.963302752293578,HAR_Dirichlet
logistic,mean_length,128,101,iid,main,18,0.8928571428571429,HAR_Dirichlet
logistic,mean_length,128,101,iid,main,20,0.9180790960451978,HAR_Dirichlet
logistic,mean_length,128,101,iid,main,24,0.9606299212598425,HAR_Dirichlet
logistic,conditional,128,113,iid,main,2,0.9668874172185431,HAR_Dirichlet
logistic,conditional,128,113,iid,main,4,0.9400630914826499,HAR_Dirichlet
logistic,conditional,128,113,iid,main,9,0.8819444444444444,HAR_Dirichlet
logistic,conditional,128,113,iid,main,10,0.8639455782312925,HAR_Dirichlet
logistic,conditional,128,113,iid,main,12,0.953125,HAR_Dirichlet
logistic,conditional,128,113,iid,main,13,0.9571865443425076,HAR_Dirichlet
logistic,conditional,128,113,iid,main,18,0.9203296703296703,HAR_Dirichlet
logistic,conditional,128,113,iid,main,20,0.9152542372881356,HAR_Dirichlet
logistic,conditional,128,113,iid,main,24,0.9816272965879265,HAR_Dirichlet
logistic,estimated_conditional,512,11,iid,main,2,0.9635761589403974,HAR_Dirichlet
logistic,estimated_conditional,512,11,iid,main,4,0.9684542586750788,HAR_Dirichlet
logistic,estimated_conditional,512,11,iid,main,9,0.8645833333333334,HAR_Dirichlet
logistic,estimated_conditional,512,11,iid,main,10,0.8129251700680272,HAR_Dirichlet
logistic,estimated_conditional,512,11,iid,main,12,0.946875,HAR_Dirichlet
logistic,estimated_conditional,512,11,iid,main,13,0.9602446483180428,HAR_Dirichlet
logistic,estimated_conditional,512,11,iid,main,18,0.9368131868131868,HAR_Dirichlet
logistic,estimated_conditional,512,11,iid,main,20,0.9011299435028248,HAR_Dirichlet
logistic,estimated_conditional,512,11,iid,main,24,0.9711286089238845,HAR_Dirichlet
logistic,estimated_conditional,32,101,iid,main,2,0.9370860927152318,HAR_Dirichlet
logistic,estimated_conditional,32,101,iid,main,4,0.9211356466876972,HAR_Dirichlet
logistic,estimated_conditional,32,101,iid,main,9,0.8541666666666666,HAR_Dirichlet
logistic,estimated_conditional,32,101,iid,main,10,0.782312925170068,HAR_Dirichlet
logistic,estimated_conditional,32,101,iid,main,12,0.934375,HAR_Dirichlet
logistic,estimated_conditional,32,101,iid,main,13,0.9480122324159022,HAR_Dirichlet
logistic,estimated_conditional,32,101,iid,main,18,0.8681318681318682,HAR_Dirichlet
logistic,estimated_conditional,32,101,iid,main,20,0.9124293785310734,HAR_Dirichlet
logistic,estimated_conditional,32,101,iid,main,24,0.9396325459317585,HAR_Dirichlet
logistic,mean_length,128,67,iid,main,2,0.9701986754966887,HAR_Dirichlet
logistic,mean_length,128,67,iid,main,4,0.9621451104100947,HAR_Dirichlet
logistic,mean_length,128,67,iid,main,9,0.8611111111111112,HAR_Dirichlet
logistic,mean_length,128,67,iid,main,10,0.8401360544217688,HAR_Dirichlet
logistic,mean_length,128,67,iid,main,12,0.94375,HAR_Dirichlet
logistic,mean_length,128,67,iid,main,13,0.9480122324159022,HAR_Dirichlet
logistic,mean_length,128,67,iid,main,18,0.8818681318681318,HAR_Dirichlet
logistic,mean_length,128,67,iid,main,20,0.9180790960451978,HAR_Dirichlet
logistic,mean_length,128,67,iid,main,24,0.9606299212598425,HAR_Dirichlet
logistic,naive,512,127,iid,main,2,0.9635761589403974,HAR_Dirichlet
logistic,naive,512,127,iid,main,4,0.9495268138801262,HAR_Dirichlet
logistic,naive,512,127,iid,main,9,0.8784722222222222,HAR_Dirichlet
logistic,naive,512,127,iid,main,10,0.8333333333333334,HAR_Dirichlet
logistic,naive,512,127,iid,main,12,0.946875,HAR_Dirichlet
logistic,naive,512,127,iid,main,13,0.9541284403669725,HAR_Dirichlet
logistic,naive,512,127,iid,main,18,0.9010989010989011,HAR_Dirichlet
logistic,naive,512,127,iid,main,20,0.9209039548022598,HAR_Dirichlet
logistic,naive,512,127,iid,main,24,0.9711286089238845,HAR_Dirichlet
logistic,conditional,512,67,iid,main,2,0.956953642384106,HAR_Dirichlet
logistic,conditional,512,67,iid,main,4,0.9652996845425867,HAR_Dirichlet
logistic,conditional,512,67,iid,main,9,0.8576388888888888,HAR_Dirichlet
logistic,conditional,512,67,iid,main,10,0.8129251700680272,HAR_Dirichlet
logistic,conditional,512,67,iid,main,12,0.940625,HAR_Dirichlet
logistic,conditional,512,67,iid,main,13,0.963302752293578,HAR_Dirichlet
logistic,conditional,512,67,iid,main,18,0.9010989010989011,HAR_Dirichlet
logistic,conditional,512,67,iid,main,20,0.9180790960451978,HAR_Dirichlet
logistic,conditional,512,67,iid,main,24,0.9711286089238845,HAR_Dirichlet
logistic,estimated_conditional,32,97,iid,main,2,0.9470198675496688,HAR_Dirichlet
logistic,estimated_conditional,32,97,iid,main,4,0.917981072555205,HAR_Dirichlet
logistic,estimated_conditional,32,97,iid,main,9,0.8819444444444444,HAR_Dirichlet
logistic,estimated_conditional,32,97,iid,main,10,0.8537414965986394,HAR_Dirichlet
logistic,estimated_conditional,32,97,iid,main,12,0.921875,HAR_Dirichlet
logistic,estimated_conditional,32,97,iid,main,13,0.9663608562691132,HAR_Dirichlet
logistic,estimated_conditional,32,97,iid,main,18,0.8461538461538461,HAR_Dirichlet
logistic,estimated_conditional,32,97,iid,main,20,0.8983050847457628,HAR_Dirichlet
logistic,estimated_conditional,32,97,iid,main,24,0.9291338582677166,HAR_Dirichlet
logistic,mean_length,32,59,iid,main,2,0.9337748344370861,HAR_Dirichlet
logistic,mean_length,32,59,iid,main,4,0.9274447949526814,HAR_Dirichlet
logistic,mean_length,32,59,iid,main,9,0.84375,HAR_Dirichlet
logistic,mean_length,32,59,iid,main,10,0.8469387755102041,HAR_Dirichlet
logistic,mean_length,32,59,iid,main,12,0.940625,HAR_Dirichlet
logistic,mean_length,32,59,iid,main,13,0.9388379204892966,HAR_Dirichlet
logistic,mean_length,32,59,iid,main,18,0.8736263736263736,HAR_Dirichlet
logistic,mean_length,32,59,iid,main,20,0.8587570621468926,HAR_Dirichlet
logistic,mean_length,32,59,iid,main,24,0.94750656167979,HAR_Dirichlet
logistic,conditional,512,11,iid,main,2,0.9635761589403974,HAR_Dirichlet
logistic,conditional,512,11,iid,main,4,0.9652996845425867,HAR_Dirichlet
logistic,conditional,512,11,iid,main,9,0.8611111111111112,HAR_Dirichlet
logistic,conditional,512,11,iid,main,10,0.8163265306122449,HAR_Dirichlet
logistic,conditional,512,11,iid,main,12,0.953125,HAR_Dirichlet
logistic,conditional,512,11,iid,main,13,0.9571865443425076,HAR_Dirichlet
logistic,conditional,512,11,iid,main,18,0.9285714285714286,HAR_Dirichlet
logistic,conditional,512,11,iid,main,20,0.9011299435028248,HAR_Dirichlet
logistic,conditional,512,11,iid,main,24,0.9658792650918635,HAR_Dirichlet
logistic,estimated_conditional,128,97,iid,main,2,0.9668874172185431,HAR_Dirichlet
logistic,estimated_conditional,128,97,iid,main,4,0.9526813880126183,HAR_Dirichlet
logistic,estimated_conditional,128,97,iid,main,9,0.8611111111111112,HAR_Dirichlet
logistic,estimated_conditional,128,97,iid,main,10,0.8571428571428571,HAR_Dirichlet
logistic,estimated_conditional,128,97,iid,main,12,0.95,HAR_Dirichlet
logistic,estimated_conditional,128,97,iid,main,13,0.9694189602446484,HAR_Dirichlet
logistic,estimated_conditional,128,97,iid,main,18,0.9010989010989011,HAR_Dirichlet
logistic,estimated_conditional,128,97,iid,main,20,0.9124293785310734,HAR_Dirichlet
logistic,estimated_conditional,128,97,iid,main,24,0.968503937007874,HAR_Dirichlet
logistic,client_ema,512,101,iid,main,2,0.9735099337748344,HAR_Dirichlet
logistic,client_ema,512,101,iid,main,4,0.9526813880126183,HAR_Dirichlet
logistic,client_ema,512,101,iid,main,9,0.8645833333333334,HAR_Dirichlet
logistic,client_ema,512,101,iid,main,10,0.826530612244898,HAR_Dirichlet
logistic,client_ema,512,101,iid,main,12,0.96875,HAR_Dirichlet
logistic,client_ema,512,101,iid,main,13,0.9694189602446484,HAR_Dirichlet
logistic,client_ema,512,101,iid,main,18,0.9038461538461539,HAR_Dirichlet
logistic,client_ema,512,101,iid,main,20,0.9152542372881356,HAR_Dirichlet
logistic,client_ema,512,101,iid,main,24,0.9816272965879265,HAR_Dirichlet
logistic,mean_length,512,67,iid,main,2,0.956953642384106,HAR_Dirichlet
logistic,mean_length,512,67,iid,main,4,0.9684542586750788,HAR_Dirichlet
logistic,mean_length,512,67,iid,main,9,0.8611111111111112,HAR_Dirichlet
logistic,mean_length,512,67,iid,main,10,0.8129251700680272,HAR_Dirichlet
logistic,mean_length,512,67,iid,main,12,0.940625,HAR_Dirichlet
logistic,mean_length,512,67,iid,main,13,0.9694189602446484,HAR_Dirichlet
logistic,mean_length,512,67,iid,main,18,0.9038461538461539,HAR_Dirichlet
logistic,mean_length,512,67,iid,main,20,0.923728813559322,HAR_Dirichlet
logistic,mean_length,512,67,iid,main,24,0.9711286089238845,HAR_Dirichlet
logistic,fixed_k,512,59,iid,main,2,0.9701986754966887,HAR_Dirichlet
logistic,fixed_k,512,59,iid,main,4,0.9652996845425867,HAR_Dirichlet
logistic,fixed_k,512,59,iid,main,9,0.8506944444444444,HAR_Dirichlet
logistic,fixed_k,512,59,iid,main,10,0.8129251700680272,HAR_Dirichlet
logistic,fixed_k,512,59,iid,main,12,0.946875,HAR_Dirichlet
logistic,fixed_k,512,59,iid,main,13,0.9541284403669725,HAR_Dirichlet
logistic,fixed_k,512,59,iid,main,18,0.9148351648351648,HAR_Dirichlet
logistic,fixed_k,512,59,iid,main,20,0.8926553672316384,HAR_Dirichlet
logistic,fixed_k,512,59,iid,main,24,0.9763779527559056,HAR_Dirichlet
logistic,mean_length,512,23,iid,main,2,0.9867549668874173,HAR_Dirichlet
logistic,mean_length,512,23,iid,main,4,0.9400630914826499,HAR_Dirichlet
logistic,mean_length,512,23,iid,main,9,0.8715277777777778,HAR_Dirichlet
logistic,mean_length,512,23,iid,main,10,0.8299319727891157,HAR_Dirichlet
logistic,mean_length,512,23,iid,main,12,0.96875,HAR_Dirichlet
logistic,mean_length,512,23,iid,main,13,0.9694189602446484,HAR_Dirichlet
logistic,mean_length,512,23,iid,main,18,0.9258241758241759,HAR_Dirichlet
logistic,mean_length,512,23,iid,main,20,0.9067796610169492,HAR_Dirichlet
logistic,mean_length,512,23,iid,main,24,0.9868766404199475,HAR_Dirichlet
logistic,mean_length,32,11,iid,main,2,0.9437086092715232,HAR_Dirichlet
logistic,mean_length,32,11,iid,main,4,0.9716088328075709,HAR_Dirichlet
logistic,mean_length,32,11,iid,main,9,0.8576388888888888,HAR_Dirichlet
logistic,mean_length,32,11,iid,main,10,0.782312925170068,HAR_Dirichlet
logistic,mean_length,32,11,iid,main,12,0.925,HAR_Dirichlet
logistic,mean_length,32,11,iid,main,13,0.9327217125382263,HAR_Dirichlet
logistic,mean_length,32,11,iid,main,18,0.8708791208791209,HAR_Dirichlet
logistic,mean_length,32,11,iid,main,20,0.8700564971751412,HAR_Dirichlet
logistic,mean_length,32,11,iid,main,24,0.937007874015748,HAR_Dirichlet
logistic,mean_length,32,67,iid,main,2,0.9503311258278145,HAR_Dirichlet
logistic,mean_length,32,67,iid,main,4,0.9369085173501577,HAR_Dirichlet
logistic,mean_length,32,67,iid,main,9,0.8472222222222222,HAR_Dirichlet
logistic,mean_length,32,67,iid,main,10,0.8299319727891157,HAR_Dirichlet
logistic,mean_length,32,67,iid,main,12,0.915625,HAR_Dirichlet
logistic,mean_length,32,67,iid,main,13,0.9357798165137615,HAR_Dirichlet
logistic,mean_length,32,67,iid,main,18,0.8626373626373627,HAR_Dirichlet
logistic,mean_length,32,67,iid,main,20,0.9096045197740112,HAR_Dirichlet
logistic,mean_length,32,67,iid,main,24,0.9343832020997376,HAR_Dirichlet
logistic,client_ema,32,59,iid,main,2,0.956953642384106,HAR_Dirichlet
logistic,client_ema,32,59,iid,main,4,0.9274447949526814,HAR_Dirichlet
logistic,client_ema,32,59,iid,main,9,0.8368055555555556,HAR_Dirichlet
logistic,client_ema,32,59,iid,main,10,0.8571428571428571,HAR_Dirichlet
logistic,client_ema,32,59,iid,main,12,0.940625,HAR_Dirichlet
logistic,client_ema,32,59,iid,main,13,0.9327217125382263,HAR_Dirichlet
logistic,client_ema,32,59,iid,main,18,0.8571428571428571,HAR_Dirichlet
logistic,client_ema,32,59,iid,main,20,0.8531073446327684,HAR_Dirichlet
logistic,client_ema,32,59,iid,main,24,0.9501312335958005,HAR_Dirichlet
logistic,estimated_conditional,128,59,iid,main,2,0.9602649006622517,HAR_Dirichlet
logistic,estimated_conditional,128,59,iid,main,4,0.9558359621451105,HAR_Dirichlet
logistic,estimated_conditional,128,59,iid,main,9,0.8194444444444444,HAR_Dirichlet
logistic,estimated_conditional,128,59,iid,main,10,0.7993197278911565,HAR_Dirichlet
logistic,estimated_conditional,128,59,iid,main,12,0.915625,HAR_Dirichlet
logistic,estimated_conditional,128,59,iid,main,13,0.9357798165137615,HAR_Dirichlet
logistic,estimated_conditional,128,59,iid,main,18,0.8873626373626373,HAR_Dirichlet
logistic,estimated_conditional,128,59,iid,main,20,0.8559322033898306,HAR_Dirichlet
logistic,estimated_conditional,128,59,iid,main,24,0.931758530183727,HAR_Dirichlet
logistic,conditional,512,127,iid,main,2,0.9668874172185431,HAR_Dirichlet
logistic,conditional,512,127,iid,main,4,0.9558359621451105,HAR_Dirichlet
logistic,conditional,512,127,iid,main,9,0.875,HAR_Dirichlet
logistic,conditional,512,127,iid,main,10,0.8299319727891157,HAR_Dirichlet
logistic,conditional,512,127,iid,main,12,0.946875,HAR_Dirichlet
logistic,conditional,512,127,iid,main,13,0.9602446483180428,HAR_Dirichlet
logistic,conditional,512,127,iid,main,18,0.9175824175824175,HAR_Dirichlet
logistic,conditional,512,127,iid,main,20,0.940677966101695,HAR_Dirichlet
logistic,conditional,512,127,iid,main,24,0.979002624671916,HAR_Dirichlet
logistic,client_ema,128,59,iid,main,2,0.9701986754966887,HAR_Dirichlet
logistic,client_ema,128,59,iid,main,4,0.9621451104100947,HAR_Dirichlet
logistic,client_ema,128,59,iid,main,9,0.8506944444444444,HAR_Dirichlet
logistic,client_ema,128,59,iid,main,10,0.8367346938775511,HAR_Dirichlet
logistic,client_ema,128,59,iid,main,12,0.934375,HAR_Dirichlet
logistic,client_ema,128,59,iid,main,13,0.9418960244648318,HAR_Dirichlet
logistic,client_ema,128,59,iid,main,18,0.8956043956043956,HAR_Dirichlet
logistic,client_ema,128,59,iid,main,20,0.867231638418079,HAR_Dirichlet
logistic,client_ema,128,59,iid,main,24,0.9606299212598425,HAR_Dirichlet
logistic,mean_length,512,59,iid,main,2,0.9635761589403974,HAR_Dirichlet
logistic,mean_length,512,59,iid,main,4,0.9747634069400631,HAR_Dirichlet
logistic,mean_length,512,59,iid,main,9,0.8402777777777778,HAR_Dirichlet
logistic,mean_length,512,59,iid,main,10,0.8163265306122449,HAR_Dirichlet
logistic,mean_length,512,59,iid,main,12,0.94375,HAR_Dirichlet
logistic,mean_length,512,59,iid,main,13,0.9541284403669725,HAR_Dirichlet
logistic,mean_length,512,59,iid,main,18,0.9038461538461539,HAR_Dirichlet
logistic,mean_length,512,59,iid,main,20,0.8983050847457628,HAR_Dirichlet
logistic,mean_length,512,59,iid,main,24,0.973753280839895,HAR_Dirichlet
logistic,naive,128,47,iid,main,2,0.9602649006622517,HAR_Dirichlet
logistic,naive,128,47,iid,main,4,0.943217665615142,HAR_Dirichlet
logistic,naive,128,47,iid,main,9,0.8611111111111112,HAR_Dirichlet
logistic,naive,128,47,iid,main,10,0.8231292517006803,HAR_Dirichlet
logistic,naive,128,47,iid,main,12,0.95,HAR_Dirichlet
logistic,naive,128,47,iid,main,13,0.9510703363914373,HAR_Dirichlet
logistic,naive,128,47,iid,main,18,0.8708791208791209,HAR_Dirichlet
logistic,naive,128,47,iid,main,20,0.8870056497175142,HAR_Dirichlet
logistic,naive,128,47,iid,main,24,0.963254593175853,HAR_Dirichlet
logistic,conditional,32,67,iid,main,2,0.9536423841059603,HAR_Dirichlet
logistic,conditional,32,67,iid,main,4,0.9369085173501577,HAR_Dirichlet
logistic,conditional,32,67,iid,main,9,0.8368055555555556,HAR_Dirichlet
logistic,conditional,32,67,iid,main,10,0.8401360544217688,HAR_Dirichlet
logistic,conditional,32,67,iid,main,12,0.91875,HAR_Dirichlet
logistic,conditional,32,67,iid,main,13,0.9327217125382263,HAR_Dirichlet
logistic,conditional,32,67,iid,main,18,0.8626373626373627,HAR_Dirichlet
logistic,conditional,32,67,iid,main,20,0.9011299435028248,HAR_Dirichlet
logistic,conditional,32,67,iid,main,24,0.926509186351706,HAR_Dirichlet
logistic,conditional,512,47,iid,main,2,0.9635761589403974,HAR_Dirichlet
logistic,conditional,512,47,iid,main,4,0.9621451104100947,HAR_Dirichlet
logistic,conditional,512,47,iid,main,9,0.8680555555555556,HAR_Dirichlet
logistic,conditional,512,47,iid,main,10,0.8095238095238095,HAR_Dirichlet
logistic,conditional,512,47,iid,main,12,0.953125,HAR_Dirichlet
logistic,conditional,512,47,iid,main,13,0.9571865443425076,HAR_Dirichlet
logistic,conditional,512,47,iid,main,18,0.9065934065934066,HAR_Dirichlet
logistic,conditional,512,47,iid,main,20,0.9152542372881356,HAR_Dirichlet
logistic,conditional,512,47,iid,main,24,0.973753280839895,HAR_Dirichlet
logistic,mean_length,32,23,iid,main,2,0.9768211920529801,HAR_Dirichlet
logistic,mean_length,32,23,iid,main,4,0.9211356466876972,HAR_Dirichlet
logistic,mean_length,32,23,iid,main,9,0.8784722222222222,HAR_Dirichlet
logistic,mean_length,32,23,iid,main,10,0.8095238095238095,HAR_Dirichlet
logistic,mean_length,32,23,iid,main,12,0.940625,HAR_Dirichlet
logistic,mean_length,32,23,iid,main,13,0.9388379204892966,HAR_Dirichlet
logistic,mean_length,32,23,iid,main,18,0.8846153846153846,HAR_Dirichlet
logistic,mean_length,32,23,iid,main,20,0.8700564971751412,HAR_Dirichlet
logistic,mean_length,32,23,iid,main,24,0.9501312335958005,HAR_Dirichlet
logistic,fixed_k,128,137,iid,main,2,0.9768211920529801,HAR_Dirichlet
logistic,fixed_k,128,137,iid,main,4,0.9495268138801262,HAR_Dirichlet
logistic,fixed_k,128,137,iid,main,9,0.8784722222222222,HAR_Dirichlet
logistic,fixed_k,128,137,iid,main,10,0.8129251700680272,HAR_Dirichlet
logistic,fixed_k,128,137,iid,main,12,0.9625,HAR_Dirichlet
logistic,fixed_k,128,137,iid,main,13,0.9510703363914373,HAR_Dirichlet
logistic,fixed_k,128,137,iid,main,18,0.8846153846153846,HAR_Dirichlet
logistic,fixed_k,128,137,iid,main,20,0.9209039548022598,HAR_Dirichlet
logistic,fixed_k,128,137,iid,main,24,0.984251968503937,HAR_Dirichlet
logistic,estimated_conditional,32,59,iid,main,2,0.9437086092715232,HAR_Dirichlet
logistic,estimated_conditional,32,59,iid,main,4,0.9305993690851735,HAR_Dirichlet
logistic,estimated_conditional,32,59,iid,main,9,0.8368055555555556,HAR_Dirichlet
logistic,estimated_conditional,32,59,iid,main,10,0.8571428571428571,HAR_Dirichlet
logistic,estimated_conditional,32,59,iid,main,12,0.94375,HAR_Dirichlet
logistic,estimated_conditional,32,59,iid,main,13,0.9388379204892966,HAR_Dirichlet
logistic,estimated_conditional,32,59,iid,main,18,0.8763736263736264,HAR_Dirichlet
logistic,estimated_conditional,32,59,iid,main,20,0.8615819209039548,HAR_Dirichlet
logistic,estimated_conditional,32,59,iid,main,24,0.952755905511811,HAR_Dirichlet
mlp,fixed_k,128,23,iid,mlp_robustness,2,0.956953642384106,HAR_Dirichlet
mlp,fixed_k,128,23,iid,mlp_robustness,4,0.9589905362776026,HAR_Dirichlet
mlp,fixed_k,128,23,iid,mlp_robustness,9,0.8368055555555556,HAR_Dirichlet
mlp,fixed_k,128,23,iid,mlp_robustness,10,0.8299319727891157,HAR_Dirichlet
mlp,fixed_k,128,23,iid,mlp_robustness,12,0.94375,HAR_Dirichlet
mlp,fixed_k,128,23,iid,mlp_robustness,13,0.9541284403669725,HAR_Dirichlet
mlp,fixed_k,128,23,iid,mlp_robustness,18,0.9038461538461539,HAR_Dirichlet
mlp,fixed_k,128,23,iid,mlp_robustness,20,0.8898305084745762,HAR_Dirichlet
mlp,fixed_k,128,23,iid,mlp_robustness,24,0.9711286089238845,HAR_Dirichlet
logistic,naive,32,137,iid,main,2,0.9602649006622517,HAR_Dirichlet
logistic,naive,32,137,iid,main,4,0.9211356466876972,HAR_Dirichlet
logistic,naive,32,137,iid,main,9,0.8472222222222222,HAR_Dirichlet
logistic,naive,32,137,iid,main,10,0.8231292517006803,HAR_Dirichlet
logistic,naive,32,137,iid,main,12,0.934375,HAR_Dirichlet
logistic,naive,32,137,iid,main,13,0.9113149847094801,HAR_Dirichlet
logistic,naive,32,137,iid,main,18,0.8571428571428571,HAR_Dirichlet
logistic,naive,32,137,iid,main,20,0.8926553672316384,HAR_Dirichlet
logistic,naive,32,137,iid,main,24,0.9343832020997376,HAR_Dirichlet
logistic,mean_length,512,127,iid,main,2,0.9668874172185431,HAR_Dirichlet
logistic,mean_length,512,127,iid,main,4,0.9558359621451105,HAR_Dirichlet
logistic,mean_length,512,127,iid,main,9,0.875,HAR_Dirichlet
logistic,mean_length,512,127,iid,main,10,0.8299319727891157,HAR_Dirichlet
logistic,mean_length,512,127,iid,main,12,0.946875,HAR_Dirichlet
logistic,mean_length,512,127,iid,main,13,0.9663608562691132,HAR_Dirichlet
logistic,mean_length,512,127,iid,main,18,0.9175824175824175,HAR_Dirichlet
logistic,mean_length,512,127,iid,main,20,0.940677966101695,HAR_Dirichlet
logistic,mean_length,512,127,iid,main,24,0.979002624671916,HAR_Dirichlet
logistic,naive,512,59,iid,main,2,0.9635761589403974,HAR_Dirichlet
logistic,naive,512,59,iid,main,4,0.9652996845425867,HAR_Dirichlet
logistic,naive,512,59,iid,main,9,0.84375,HAR_Dirichlet
logistic,naive,512,59,iid,main,10,0.8299319727891157,HAR_Dirichlet
logistic,naive,512,59,iid,main,12,0.953125,HAR_Dirichlet
logistic,naive,512,59,iid,main,13,0.9418960244648318,HAR_Dirichlet
logistic,naive,512,59,iid,main,18,0.8956043956043956,HAR_Dirichlet
logistic,naive,512,59,iid,main,20,0.8785310734463276,HAR_Dirichlet
logistic,naive,512,59,iid,main,24,0.9658792650918635,HAR_Dirichlet
logistic,mean_length,32,97,iid,main,2,0.9470198675496688,HAR_Dirichlet
logistic,mean_length,32,97,iid,main,4,0.9337539432176656,HAR_Dirichlet
logistic,mean_length,32,97,iid,main,9,0.8784722222222222,HAR_Dirichlet
logistic,mean_length,32,97,iid,main,10,0.8435374149659864,HAR_Dirichlet
logistic,mean_length,32,97,iid,main,12,0.921875,HAR_Dirichlet
logistic,mean_length,32,97,iid,main,13,0.9694189602446484,HAR_Dirichlet
logistic,mean_length,32,97,iid,main,18,0.8543956043956044,HAR_Dirichlet
logistic,mean_length,32,97,iid,main,20,0.9067796610169492,HAR_Dirichlet
logistic,mean_length,32,97,iid,main,24,0.9501312335958005,HAR_Dirichlet
logistic,naive,512,67,iid,main,2,0.9602649006622517,HAR_Dirichlet
logistic,naive,512,67,iid,main,4,0.9589905362776026,HAR_Dirichlet
logistic,naive,512,67,iid,main,9,0.8506944444444444,HAR_Dirichlet
logistic,naive,512,67,iid,main,10,0.8095238095238095,HAR_Dirichlet
logistic,naive,512,67,iid,main,12,0.934375,HAR_Dirichlet
logistic,naive,512,67,iid,main,13,0.9571865443425076,HAR_Dirichlet
logistic,naive,512,67,iid,main,18,0.8846153846153846,HAR_Dirichlet
logistic,naive,512,67,iid,main,20,0.9209039548022598,HAR_Dirichlet
logistic,naive,512,67,iid,main,24,0.9606299212598425,HAR_Dirichlet
logistic,conditional,128,11,iid,main,2,0.9536423841059603,HAR_Dirichlet
logistic,conditional,128,11,iid,main,4,0.9684542586750788,HAR_Dirichlet
logistic,conditional,128,11,iid,main,9,0.8541666666666666,HAR_Dirichlet
logistic,conditional,128,11,iid,main,10,0.826530612244898,HAR_Dirichlet
logistic,conditional,128,11,iid,main,12,0.94375,HAR_Dirichlet
logistic,conditional,128,11,iid,main,13,0.944954128440367,HAR_Dirichlet
logistic,conditional,128,11,iid,main,18,0.9120879120879121,HAR_Dirichlet
logistic,conditional,128,11,iid,main,20,0.8926553672316384,HAR_Dirichlet
logistic,conditional,128,11,iid,main,24,0.9658792650918635,HAR_Dirichlet
logistic,mean_length,32,101,iid,main,2,0.9370860927152318,HAR_Dirichlet
logistic,mean_length,32,101,iid,main,4,0.9148264984227129,HAR_Dirichlet
logistic,mean_length,32,101,iid,main,9,0.8472222222222222,HAR_Dirichlet
logistic,mean_length,32,101,iid,main,10,0.8129251700680272,HAR_Dirichlet
logistic,mean_length,32,101,iid,main,12,0.925,HAR_Dirichlet
logistic,mean_length,32,101,iid,main,13,0.9418960244648318,HAR_Dirichlet
logistic,mean_length,32,101,iid,main,18,0.8626373626373627,HAR_Dirichlet
logistic,mean_length,32,101,iid,main,20,0.8757062146892656,HAR_Dirichlet
logistic,mean_length,32,101,iid,main,24,0.937007874015748,HAR_Dirichlet
logistic,fixed_k,128,59,iid,main,2,0.9701986754966887,HAR_Dirichlet
logistic,fixed_k,128,59,iid,main,4,0.9652996845425867,HAR_Dirichlet
logistic,fixed_k,128,59,iid,main,9,0.8333333333333334,HAR_Dirichlet
logistic,fixed_k,128,59,iid,main,10,0.8333333333333334,HAR_Dirichlet
logistic,fixed_k,128,59,iid,main,12,0.9375,HAR_Dirichlet
logistic,fixed_k,128,59,iid,main,13,0.9510703363914373,HAR_Dirichlet
logistic,fixed_k,128,59,iid,main,18,0.8873626373626373,HAR_Dirichlet
logistic,fixed_k,128,59,iid,main,20,0.884180790960452,HAR_Dirichlet
logistic,fixed_k,128,59,iid,main,24,0.9553805774278216,HAR_Dirichlet
logistic,mean_length,32,127,iid,main,2,0.9536423841059603,HAR_Dirichlet
logistic,mean_length,32,127,iid,main,4,0.9211356466876972,HAR_Dirichlet
logistic,mean_length,32,127,iid,main,9,0.8645833333333334,HAR_Dirichlet
logistic,mean_length,32,127,iid,main,10,0.8061224489795918,HAR_Dirichlet
logistic,mean_length,32,127,iid,main,12,0.95,HAR_Dirichlet
logistic,mean_length,32,127,iid,main,13,0.9327217125382263,HAR_Dirichlet
logistic,mean_length,32,127,iid,main,18,0.8901098901098901,HAR_Dirichlet
logistic,mean_length,32,127,iid,main,20,0.9322033898305084,HAR_Dirichlet
logistic,mean_length,32,127,iid,main,24,0.937007874015748,HAR_Dirichlet
logistic,client_ema,128,113,iid,main,2,0.9668874172185431,HAR_Dirichlet
logistic,client_ema,128,113,iid,main,4,0.9337539432176656,HAR_Dirichlet
logistic,client_ema,128,113,iid,main,9,0.8784722222222222,HAR_Dirichlet
logistic,client_ema,128,113,iid,main,10,0.8639455782312925,HAR_Dirichlet
logistic,client_ema,128,113,iid,main,12,0.965625,HAR_Dirichlet
logistic,client_ema,128,113,iid,main,13,0.9571865443425076,HAR_Dirichlet
logistic,client_ema,128,113,iid,main,18,0.9230769230769231,HAR_Dirichlet
logistic,client_ema,128,113,iid,main,20,0.9124293785310734,HAR_Dirichlet
logistic,client_ema,128,113,iid,main,24,0.9763779527559056,HAR_Dirichlet
logistic,mean_length,128,97,iid,main,2,0.9602649006622517,HAR_Dirichlet
logistic,mean_length,128,97,iid,main,4,0.9589905362776026,HAR_Dirichlet
logistic,mean_length,128,97,iid,main,9,0.8645833333333334,HAR_Dirichlet
logistic,mean_length,128,97,iid,main,10,0.8469387755102041,HAR_Dirichlet
logistic,mean_length,128,97,iid,main,12,0.95,HAR_Dirichlet
logistic,mean_length,128,97,iid,main,13,0.9724770642201835,HAR_Dirichlet
logistic,mean_length,128,97,iid,main,18,0.9093406593406593,HAR_Dirichlet
logistic,mean_length,128,97,iid,main,20,0.9096045197740112,HAR_Dirichlet
logistic,mean_length,128,97,iid,main,24,0.973753280839895,HAR_Dirichlet
logistic,client_ema,512,137,iid,main,2,0.9768211920529801,HAR_Dirichlet
logistic,client_ema,512,137,iid,main,4,0.9558359621451105,HAR_Dirichlet
logistic,client_ema,512,137,iid,main,9,0.8854166666666666,HAR_Dirichlet
logistic,client_ema,512,137,iid,main,10,0.8231292517006803,HAR_Dirichlet
logistic,client_ema,512,137,iid,main,12,0.965625,HAR_Dirichlet
logistic,client_ema,512,137,iid,main,13,0.9602446483180428,HAR_Dirichlet
logistic,client_ema,512,137,iid,main,18,0.9175824175824175,HAR_Dirichlet
logistic,client_ema,512,137,iid,main,20,0.9322033898305084,HAR_Dirichlet
logistic,client_ema,512,137,iid,main,24,0.9816272965879265,HAR_Dirichlet
logistic,mean_length,512,11,iid,main,2,0.9635761589403974,HAR_Dirichlet
logistic,mean_length,512,11,iid,main,4,0.9652996845425867,HAR_Dirichlet
logistic,mean_length,512,11,iid,main,9,0.8611111111111112,HAR_Dirichlet
logistic,mean_length,512,11,iid,main,10,0.8129251700680272,HAR_Dirichlet
logistic,mean_length,512,11,iid,main,12,0.95,HAR_Dirichlet
logistic,mean_length,512,11,iid,main,13,0.9602446483180428,HAR_Dirichlet
logistic,mean_length,512,11,iid,main,18,0.9313186813186813,HAR_Dirichlet
logistic,mean_length,512,11,iid,main,20,0.9011299435028248,HAR_Dirichlet
logistic,mean_length,512,11,iid,main,24,0.9658792650918635,HAR_Dirichlet
logistic,conditional,512,113,iid,main,2,0.9834437086092715,HAR_Dirichlet
logistic,conditional,512,113,iid,main,4,0.943217665615142,HAR_Dirichlet
logistic,conditional,512,113,iid,main,9,0.8645833333333334,HAR_Dirichlet
logistic,conditional,512,113,iid,main,10,0.8469387755102041,HAR_Dirichlet
logistic,conditional,512,113,iid,main,12,0.9625,HAR_Dirichlet
logistic,conditional,512,113,iid,main,13,0.9694189602446484,HAR_Dirichlet
logistic,conditional,512,113,iid,main,18,0.9285714285714286,HAR_Dirichlet
logistic,conditional,512,113,iid,main,20,0.9209039548022598,HAR_Dirichlet
logistic,conditional,512,113,iid,main,24,0.984251968503937,HAR_Dirichlet
logistic,client_ema,128,97,iid,main,2,0.956953642384106,HAR_Dirichlet
logistic,client_ema,128,97,iid,main,4,0.9621451104100947,HAR_Dirichlet
logistic,client_ema,128,97,iid,main,9,0.8680555555555556,HAR_Dirichlet
logistic,client_ema,128,97,iid,main,10,0.8367346938775511,HAR_Dirichlet
logistic,client_ema,128,97,iid,main,12,0.953125,HAR_Dirichlet
logistic,client_ema,128,97,iid,main,13,0.9694189602446484,HAR_Dirichlet
logistic,client_ema,128,97,iid,main,18,0.9038461538461539,HAR_Dirichlet
logistic,client_ema,128,97,iid,main,20,0.9067796610169492,HAR_Dirichlet
logistic,client_ema,128,97,iid,main,24,0.973753280839895,HAR_Dirichlet
logistic,conditional,512,23,iid,main,2,0.9867549668874173,HAR_Dirichlet
logistic,conditional,512,23,iid,main,4,0.9400630914826499,HAR_Dirichlet
logistic,conditional,512,23,iid,main,9,0.8715277777777778,HAR_Dirichlet
logistic,conditional,512,23,iid,main,10,0.8299319727891157,HAR_Dirichlet
logistic,conditional,512,23,iid,main,12,0.965625,HAR_Dirichlet
logistic,conditional,512,23,iid,main,13,0.9663608562691132,HAR_Dirichlet
logistic,conditional,512,23,iid,main,18,0.9258241758241759,HAR_Dirichlet
logistic,conditional,512,23,iid,main,20,0.9067796610169492,HAR_Dirichlet
logistic,conditional,512,23,iid,main,24,0.9868766404199475,HAR_Dirichlet
logistic,conditional,128,127,iid,main,2,0.9602649006622517,HAR_Dirichlet
logistic,conditional,128,127,iid,main,4,0.9526813880126183,HAR_Dirichlet
logistic,conditional,128,127,iid,main,9,0.8784722222222222,HAR_Dirichlet
logistic,conditional,128,127,iid,main,10,0.8299319727891157,HAR_Dirichlet
logistic,conditional,128,127,iid,main,12,0.95,HAR_Dirichlet
logistic,conditional,128,127,iid,main,13,0.9510703363914373,HAR_Dirichlet
logistic,conditional,128,127,iid,main,18,0.8901098901098901,HAR_Dirichlet
logistic,conditional,128,127,iid,main,20,0.9293785310734464,HAR_Dirichlet
logistic,conditional,128,127,iid,main,24,0.9606299212598425,HAR_Dirichlet
logistic,conditional,128,59,iid,main,2,0.9668874172185431,HAR_Dirichlet
logistic,conditional,128,59,iid,main,4,0.9621451104100947,HAR_Dirichlet
logistic,conditional,128,59,iid,main,9,0.8611111111111112,HAR_Dirichlet
logistic,conditional,128,59,iid,main,10,0.8435374149659864,HAR_Dirichlet
logistic,conditional,128,59,iid,main,12,0.940625,HAR_Dirichlet
logistic,conditional,128,59,iid,main,13,0.9418960244648318,HAR_Dirichlet
logistic,conditional,128,59,iid,main,18,0.8956043956043956,HAR_Dirichlet
logistic,conditional,128,59,iid,main,20,0.8728813559322034,HAR_Dirichlet
logistic,conditional,128,59,iid,main,24,0.9606299212598425,HAR_Dirichlet
logistic,mean_length,512,137,iid,main,2,0.9768211920529801,HAR_Dirichlet
logistic,mean_length,512,137,iid,main,4,0.9526813880126183,HAR_Dirichlet
logistic,mean_length,512,137,iid,main,9,0.8854166666666666,HAR_Dirichlet
logistic,mean_length,512,137,iid,main,10,0.826530612244898,HAR_Dirichlet
logistic,mean_length,512,137,iid,main,12,0.9625,HAR_Dirichlet
logistic,mean_length,512,137,iid,main,13,0.963302752293578,HAR_Dirichlet
logistic,mean_length,512,137,iid,main,18,0.9148351648351648,HAR_Dirichlet
logistic,mean_length,512,137,iid,main,20,0.9322033898305084,HAR_Dirichlet
logistic,mean_length,512,137,iid,main,24,0.984251968503937,HAR_Dirichlet
logistic,client_ema,128,23,iid,main,2,0.9768211920529801,HAR_Dirichlet
logistic,client_ema,128,23,iid,main,4,0.943217665615142,HAR_Dirichlet
logistic,client_ema,128,23,iid,main,9,0.8784722222222222,HAR_Dirichlet
logistic,client_ema,128,23,iid,main,10,0.8129251700680272,HAR_Dirichlet
logistic,client_ema,128,23,iid,main,12,0.965625,HAR_Dirichlet
logistic,client_ema,128,23,iid,main,13,0.9510703363914373,HAR_Dirichlet
logistic,client_ema,128,23,iid,main,18,0.9065934065934066,HAR_Dirichlet
logistic,client_ema,128,23,iid,main,20,0.8954802259887006,HAR_Dirichlet
logistic,client_ema,128,23,iid,main,24,0.9763779527559056,HAR_Dirichlet
logistic,naive,128,97,iid,main,2,0.9437086092715232,HAR_Dirichlet
logistic,naive,128,97,iid,main,4,0.9526813880126183,HAR_Dirichlet
logistic,naive,128,97,iid,main,9,0.8784722222222222,HAR_Dirichlet
logistic,naive,128,97,iid,main,10,0.8673469387755102,HAR_Dirichlet
logistic,naive,128,97,iid,main,12,0.93125,HAR_Dirichlet
logistic,naive,128,97,iid,main,13,0.963302752293578,HAR_Dirichlet
logistic,naive,128,97,iid,main,18,0.8791208791208791,HAR_Dirichlet
logistic,naive,128,97,iid,main,20,0.8954802259887006,HAR_Dirichlet
logistic,naive,128,97,iid,main,24,0.9658792650918635,HAR_Dirichlet
logistic,naive,128,137,iid,main,2,0.9668874172185431,HAR_Dirichlet
logistic,naive,128,137,iid,main,4,0.9369085173501577,HAR_Dirichlet
logistic,naive,128,137,iid,main,9,0.875,HAR_Dirichlet
logistic,naive,128,137,iid,main,10,0.8367346938775511,HAR_Dirichlet
logistic,naive,128,137,iid,main,12,0.95625,HAR_Dirichlet
logistic,naive,128,137,iid,main,13,0.9296636085626911,HAR_Dirichlet
logistic,naive,128,137,iid,main,18,0.8818681318681318,HAR_Dirichlet
logistic,naive,128,137,iid,main,20,0.9067796610169492,HAR_Dirichlet
logistic,naive,128,137,iid,main,24,0.963254593175853,HAR_Dirichlet
mlp,fixed_k,128,127,iid,mlp_robustness,2,0.956953642384106,HAR_Dirichlet
mlp,fixed_k,128,127,iid,mlp_robustness,4,0.8990536277602523,HAR_Dirichlet
mlp,fixed_k,128,127,iid,mlp_robustness,9,0.875,HAR_Dirichlet
mlp,fixed_k,128,127,iid,mlp_robustness,10,0.8095238095238095,HAR_Dirichlet
mlp,fixed_k,128,127,iid,mlp_robustness,12,0.91875,HAR_Dirichlet
mlp,fixed_k,128,127,iid,mlp_robustness,13,0.9663608562691132,HAR_Dirichlet
mlp,fixed_k,128,127,iid,mlp_robustness,18,0.9120879120879121,HAR_Dirichlet
mlp,fixed_k,128,127,iid,mlp_robustness,20,0.8728813559322034,HAR_Dirichlet
mlp,fixed_k,128,127,iid,mlp_robustness,24,0.9711286089238845,HAR_Dirichlet
mlp,fixed_k,128,11,iid,mlp_robustness,2,0.9602649006622517,HAR_Dirichlet
mlp,fixed_k,128,11,iid,mlp_robustness,4,0.9305993690851735,HAR_Dirichlet
mlp,fixed_k,128,11,iid,mlp_robustness,9,0.8611111111111112,HAR_Dirichlet
mlp,fixed_k,128,11,iid,mlp_robustness,10,0.8877551020408163,HAR_Dirichlet
mlp,fixed_k,128,11,iid,mlp_robustness,12,0.925,HAR_Dirichlet
mlp,fixed_k,128,11,iid,mlp_robustness,13,0.9602446483180428,HAR_Dirichlet
mlp,fixed_k,128,11,iid,mlp_robustness,18,0.8901098901098901,HAR_Dirichlet
mlp,fixed_k,128,11,iid,mlp_robustness,20,0.8898305084745762,HAR_Dirichlet
mlp,fixed_k,128,11,iid,mlp_robustness,24,0.968503937007874,HAR_Dirichlet
logistic,conditional,128,47,markov,channel_robustness,2,0.9701986754966887,HAR_Dirichlet
logistic,conditional,128,47,markov,channel_robustness,4,0.9652996845425867,HAR_Dirichlet
logistic,conditional,128,47,markov,channel_robustness,9,0.8784722222222222,HAR_Dirichlet
logistic,conditional,128,47,markov,channel_robustness,10,0.8333333333333334,HAR_Dirichlet
logistic,conditional,128,47,markov,channel_robustness,12,0.971875,HAR_Dirichlet
logistic,conditional,128,47,markov,channel_robustness,13,0.9663608562691132,HAR_Dirichlet
logistic,conditional,128,47,markov,channel_robustness,18,0.8873626373626373,HAR_Dirichlet
logistic,conditional,128,47,markov,channel_robustness,20,0.9209039548022598,HAR_Dirichlet
logistic,conditional,128,47,markov,channel_robustness,24,0.9763779527559056,HAR_Dirichlet
mlp,fixed_k,128,83,iid,mlp_robustness,2,0.9668874172185431,HAR_Dirichlet
mlp,fixed_k,128,83,iid,mlp_robustness,4,0.9463722397476341,HAR_Dirichlet
mlp,fixed_k,128,83,iid,mlp_robustness,9,0.8854166666666666,HAR_Dirichlet
mlp,fixed_k,128,83,iid,mlp_robustness,10,0.7891156462585034,HAR_Dirichlet
mlp,fixed_k,128,83,iid,mlp_robustness,12,0.971875,HAR_Dirichlet
mlp,fixed_k,128,83,iid,mlp_robustness,13,0.9663608562691132,HAR_Dirichlet
mlp,fixed_k,128,83,iid,mlp_robustness,18,0.9010989010989011,HAR_Dirichlet
mlp,fixed_k,128,83,iid,mlp_robustness,20,0.903954802259887,HAR_Dirichlet
mlp,fixed_k,128,83,iid,mlp_robustness,24,0.9606299212598425,HAR_Dirichlet
logistic,naive,32,149,iid,main,2,0.9172185430463576,HAR_Dirichlet
logistic,naive,32,149,iid,main,4,0.917981072555205,HAR_Dirichlet
logistic,naive,32,149,iid,main,9,0.8576388888888888,HAR_Dirichlet
logistic,naive,32,149,iid,main,10,0.8401360544217688,HAR_Dirichlet
logistic,naive,32,149,iid,main,12,0.89375,HAR_Dirichlet
logistic,naive,32,149,iid,main,13,0.9388379204892966,HAR_Dirichlet
logistic,naive,32,149,iid,main,18,0.8489010989010989,HAR_Dirichlet
logistic,naive,32,149,iid,main,20,0.8587570621468926,HAR_Dirichlet
logistic,naive,32,149,iid,main,24,0.916010498687664,HAR_Dirichlet
logistic,conditional,128,101,iid,main,2,0.956953642384106,HAR_Dirichlet
logistic,conditional,128,101,iid,main,4,0.9463722397476341,HAR_Dirichlet
logistic,conditional,128,101,iid,main,9,0.8645833333333334,HAR_Dirichlet
logistic,conditional,128,101,iid,main,10,0.8435374149659864,HAR_Dirichlet
logistic,conditional,128,101,iid,main,12,0.940625,HAR_Dirichlet
logistic,conditional,128,101,iid,main,13,0.9663608562691132,HAR_Dirichlet
logistic,conditional,128,101,iid,main,18,0.8928571428571429,HAR_Dirichlet
logistic,conditional,128,101,iid,main,20,0.9180790960451978,HAR_Dirichlet
logistic,conditional,128,101,iid,main,24,0.958005249343832,HAR_Dirichlet
logistic,conditional,128,137,iid,main,2,0.9701986754966887,HAR_Dirichlet
logistic,conditional,128,137,iid,main,4,0.943217665615142,HAR_Dirichlet
logistic,conditional,128,137,iid,main,9,0.8715277777777778,HAR_Dirichlet
logistic,conditional,128,137,iid,main,10,0.8231292517006803,HAR_Dirichlet
logistic,conditional,128,137,iid,main,12,0.9625,HAR_Dirichlet
logistic,conditional,128,137,iid,main,13,0.9480122324159022,HAR_Dirichlet
logistic,conditional,128,137,iid,main,18,0.8956043956043956,HAR_Dirichlet
logistic,conditional,128,137,iid,main,20,0.9180790960451978,HAR_Dirichlet
logistic,conditional,128,137,iid,main,24,0.968503937007874,HAR_Dirichlet
logistic,client_ema,32,113,iid,main,2,0.9536423841059603,HAR_Dirichlet
logistic,client_ema,32,113,iid,main,4,0.9242902208201893,HAR_Dirichlet
logistic,client_ema,32,113,iid,main,9,0.8784722222222222,HAR_Dirichlet
logistic,client_ema,32,113,iid,main,10,0.8605442176870748,HAR_Dirichlet
logistic,client_ema,32,113,iid,main,12,0.934375,HAR_Dirichlet
logistic,client_ema,32,113,iid,main,13,0.9510703363914373,HAR_Dirichlet
logistic,client_ema,32,113,iid,main,18,0.8846153846153846,HAR_Dirichlet
logistic,client_ema,32,113,iid,main,20,0.9124293785310734,HAR_Dirichlet
logistic,client_ema,32,113,iid,main,24,0.968503937007874,HAR_Dirichlet
logistic,naive,32,11,iid,main,2,0.9370860927152318,HAR_Dirichlet
logistic,naive,32,11,iid,main,4,0.9558359621451105,HAR_Dirichlet
logistic,naive,32,11,iid,main,9,0.8472222222222222,HAR_Dirichlet
logistic,naive,32,11,iid,main,10,0.7925170068027211,HAR_Dirichlet
logistic,naive,32,11,iid,main,12,0.9125,HAR_Dirichlet
logistic,naive,32,11,iid,main,13,0.9296636085626911,HAR_Dirichlet
logistic,naive,32,11,iid,main,18,0.8626373626373627,HAR_Dirichlet
logistic,naive,32,11,iid,main,20,0.8559322033898306,HAR_Dirichlet
logistic,naive,32,11,iid,main,24,0.926509186351706,HAR_Dirichlet
logistic,fixed_k,128,11,iid,main,2,0.9768211920529801,HAR_Dirichlet
logistic,fixed_k,128,11,iid,main,4,0.9526813880126183,HAR_Dirichlet
logistic,fixed_k,128,11,iid,main,9,0.8611111111111112,HAR_Dirichlet
logistic,fixed_k,128,11,iid,main,10,0.8333333333333334,HAR_Dirichlet
logistic,fixed_k,128,11,iid,main,12,0.940625,HAR_Dirichlet
logistic,fixed_k,128,11,iid,main,13,0.9510703363914373,HAR_Dirichlet
logistic,fixed_k,128,11,iid,main,18,0.8873626373626373,HAR_Dirichlet
logistic,fixed_k,128,11,iid,main,20,0.8898305084745762,HAR_Dirichlet
logistic,fixed_k,128,11,iid,main,24,0.9553805774278216,HAR_Dirichlet
logistic,naive,128,127,iid,main,2,0.956953642384106,HAR_Dirichlet
logistic,naive,128,127,iid,main,4,0.9369085173501577,HAR_Dirichlet
logistic,naive,128,127,iid,main,9,0.8680555555555556,HAR_Dirichlet
logistic,naive,128,127,iid,main,10,0.8333333333333334,HAR_Dirichlet
logistic,naive,128,127,iid,main,12,0.9375,HAR_Dirichlet
logistic,naive,128,127,iid,main,13,0.9480122324159022,HAR_Dirichlet
logistic,naive,128,127,iid,main,18,0.8598901098901099,HAR_Dirichlet
logistic,naive,128,127,iid,main,20,0.9124293785310734,HAR_Dirichlet
logistic,naive,128,127,iid,main,24,0.94750656167979,HAR_Dirichlet
mlp,fixed_k,128,59,iid,mlp_robustness,2,0.9337748344370861,HAR_Dirichlet
mlp,fixed_k,128,59,iid,mlp_robustness,4,0.9526813880126183,HAR_Dirichlet
mlp,fixed_k,128,59,iid,mlp_robustness,9,0.8611111111111112,HAR_Dirichlet
mlp,fixed_k,128,59,iid,mlp_robustness,10,0.8435374149659864,HAR_Dirichlet
mlp,fixed_k,128,59,iid,mlp_robustness,12,0.9125,HAR_Dirichlet
mlp,fixed_k,128,59,iid,mlp_robustness,13,0.926605504587156,HAR_Dirichlet
mlp,fixed_k,128,59,iid,mlp_robustness,18,0.8708791208791209,HAR_Dirichlet
mlp,fixed_k,128,59,iid,mlp_robustness,20,0.864406779661017,HAR_Dirichlet
mlp,fixed_k,128,59,iid,mlp_robustness,24,0.9081364829396326,HAR_Dirichlet
logistic,conditional,32,23,iid,main,2,0.9701986754966887,HAR_Dirichlet
logistic,conditional,32,23,iid,main,4,0.9211356466876972,HAR_Dirichlet
logistic,conditional,32,23,iid,main,9,0.8888888888888888,HAR_Dirichlet
logistic,conditional,32,23,iid,main,10,0.8061224489795918,HAR_Dirichlet
logistic,conditional,32,23,iid,main,12,0.946875,HAR_Dirichlet
logistic,conditional,32,23,iid,main,13,0.9418960244648318,HAR_Dirichlet
logistic,conditional,32,23,iid,main,18,0.8846153846153846,HAR_Dirichlet
logistic,conditional,32,23,iid,main,20,0.8728813559322034,HAR_Dirichlet
logistic,conditional,32,23,iid,main,24,0.952755905511811,HAR_Dirichlet
logistic,mean_length,512,47,iid,main,2,0.9602649006622517,HAR_Dirichlet
logistic,mean_length,512,47,iid,main,4,0.9652996845425867,HAR_Dirichlet
logistic,mean_length,512,47,iid,main,9,0.8645833333333334,HAR_Dirichlet
logistic,mean_length,512,47,iid,main,10,0.8129251700680272,HAR_Dirichlet
logistic,mean_length,512,47,iid,main,12,0.953125,HAR_Dirichlet
logistic,mean_length,512,47,iid,main,13,0.9571865443425076,HAR_Dirichlet
logistic,mean_length,512,47,iid,main,18,0.9065934065934066,HAR_Dirichlet
logistic,mean_length,512,47,iid,main,20,0.9124293785310734,HAR_Dirichlet
logistic,mean_length,512,47,iid,main,24,0.9711286089238845,HAR_Dirichlet
logistic,client_ema,128,11,iid,main,2,0.9735099337748344,HAR_Dirichlet
logistic,client_ema,128,11,iid,main,4,0.9558359621451105,HAR_Dirichlet
logistic,client_ema,128,11,iid,main,9,0.8576388888888888,HAR_Dirichlet
logistic,client_ema,128,11,iid,main,10,0.826530612244898,HAR_Dirichlet
logistic,client_ema,128,11,iid,main,12,0.95625,HAR_Dirichlet
logistic,client_ema,128,11,iid,main,13,0.9541284403669725,HAR_Dirichlet
logistic,client_ema,128,11,iid,main,18,0.9093406593406593,HAR_Dirichlet
logistic,client_ema,128,11,iid,main,20,0.8870056497175142,HAR_Dirichlet
logistic,client_ema,128,11,iid,main,24,0.968503937007874,HAR_Dirichlet
logistic,conditional,128,97,markov,channel_robustness,2,0.9635761589403974,HAR_Dirichlet
logistic,conditional,128,97,markov,channel_robustness,4,0.9526813880126183,HAR_Dirichlet
logistic,conditional,128,97,markov,channel_robustness,9,0.8715277777777778,HAR_Dirichlet
logistic,conditional,128,97,markov,channel_robustness,10,0.8639455782312925,HAR_Dirichlet
logistic,conditional,128,97,markov,channel_robustness,12,0.94375,HAR_Dirichlet
logistic,conditional,128,97,markov,channel_robustness,13,0.963302752293578,HAR_Dirichlet
logistic,conditional,128,97,markov,channel_robustness,18,0.8983516483516484,HAR_Dirichlet
logistic,conditional,128,97,markov,channel_robustness,20,0.8954802259887006,HAR_Dirichlet
logistic,conditional,128,97,markov,channel_robustness,24,0.979002624671916,HAR_Dirichlet
logistic,conditional,32,101,iid,main,2,0.9337748344370861,HAR_Dirichlet
logistic,conditional,32,101,iid,main,4,0.917981072555205,HAR_Dirichlet
logistic,conditional,32,101,iid,main,9,0.8402777777777778,HAR_Dirichlet
logistic,conditional,32,101,iid,main,10,0.8129251700680272,HAR_Dirichlet
logistic,conditional,32,101,iid,main,12,0.934375,HAR_Dirichlet
logistic,conditional,32,101,iid,main,13,0.9480122324159022,HAR_Dirichlet
logistic,conditional,32,101,iid,main,18,0.8681318681318682,HAR_Dirichlet
logistic,conditional,32,101,iid,main,20,0.8728813559322034,HAR_Dirichlet
logistic,conditional,32,101,iid,main,24,0.94750656167979,HAR_Dirichlet
logistic,fixed_k,32,127,iid,main,2,0.9437086092715232,HAR_Dirichlet
logistic,fixed_k,32,127,iid,main,4,0.9242902208201893,HAR_Dirichlet
logistic,fixed_k,32,127,iid,main,9,0.8819444444444444,HAR_Dirichlet
logistic,fixed_k,32,127,iid,main,10,0.8299319727891157,HAR_Dirichlet
logistic,fixed_k,32,127,iid,main,12,0.94375,HAR_Dirichlet
logistic,fixed_k,32,127,iid,main,13,0.9388379204892966,HAR_Dirichlet
logistic,fixed_k,32,127,iid,main,18,0.8653846153846154,HAR_Dirichlet
logistic,fixed_k,32,127,iid,main,20,0.9124293785310734,HAR_Dirichlet
logistic,fixed_k,32,127,iid,main,24,0.9553805774278216,HAR_Dirichlet
logistic,client_ema,32,149,iid,main,2,0.9403973509933775,HAR_Dirichlet
logistic,client_ema,32,149,iid,main,4,0.9305993690851735,HAR_Dirichlet
logistic,client_ema,32,149,iid,main,9,0.8611111111111112,HAR_Dirichlet
logistic,client_ema,32,149,iid,main,10,0.8469387755102041,HAR_Dirichlet
logistic,client_ema,32,149,iid,main,12,0.91875,HAR_Dirichlet
logistic,client_ema,32,149,iid,main,13,0.9541284403669725,HAR_Dirichlet
logistic,client_ema,32,149,iid,main,18,0.8653846153846154,HAR_Dirichlet
logistic,client_ema,32,149,iid,main,20,0.8615819209039548,HAR_Dirichlet
logistic,client_ema,32,149,iid,main,24,0.9422572178477691,HAR_Dirichlet
logistic,conditional,512,83,iid,main,2,0.9668874172185431,HAR_Dirichlet
logistic,conditional,512,83,iid,main,4,0.9652996845425867,HAR_Dirichlet
logistic,conditional,512,83,iid,main,9,0.8715277777777778,HAR_Dirichlet
logistic,conditional,512,83,iid,main,10,0.8299319727891157,HAR_Dirichlet
logistic,conditional,512,83,iid,main,12,0.946875,HAR_Dirichlet
logistic,conditional,512,83,iid,main,13,0.9571865443425076,HAR_Dirichlet
logistic,conditional,512,83,iid,main,18,0.9120879120879121,HAR_Dirichlet
logistic,conditional,512,83,iid,main,20,0.923728813559322,HAR_Dirichlet
logistic,conditional,512,83,iid,main,24,0.9816272965879265,HAR_Dirichlet
mlp,conditional,128,149,iid,mlp_robustness,2,0.9470198675496688,HAR_Dirichlet
mlp,conditional,128,149,iid,mlp_robustness,4,0.9400630914826499,HAR_Dirichlet
mlp,conditional,128,149,iid,mlp_robustness,9,0.8472222222222222,HAR_Dirichlet
mlp,conditional,128,149,iid,mlp_robustness,10,0.782312925170068,HAR_Dirichlet
mlp,conditional,128,149,iid,mlp_robustness,12,0.9625,HAR_Dirichlet
mlp,conditional,128,149,iid,mlp_robustness,13,0.9541284403669725,HAR_Dirichlet
mlp,conditional,128,149,iid,mlp_robustness,18,0.8956043956043956,HAR_Dirichlet
mlp,conditional,128,149,iid,mlp_robustness,20,0.8757062146892656,HAR_Dirichlet
mlp,conditional,128,149,iid,mlp_robustness,24,0.9291338582677166,HAR_Dirichlet
logistic,estimated_conditional,512,101,iid,main,2,0.9768211920529801,HAR_Dirichlet
logistic,estimated_conditional,512,101,iid,main,4,0.9495268138801262,HAR_Dirichlet
logistic,estimated_conditional,512,101,iid,main,9,0.8576388888888888,HAR_Dirichlet
logistic,estimated_conditional,512,101,iid,main,10,0.8197278911564626,HAR_Dirichlet
logistic,estimated_conditional,512,101,iid,main,12,0.965625,HAR_Dirichlet
logistic,estimated_conditional,512,101,iid,main,13,0.9694189602446484,HAR_Dirichlet
logistic,estimated_conditional,512,101,iid,main,18,0.9175824175824175,HAR_Dirichlet
logistic,estimated_conditional,512,101,iid,main,20,0.9293785310734464,HAR_Dirichlet
logistic,estimated_conditional,512,101,iid,main,24,0.984251968503937,HAR_Dirichlet
logistic,client_ema,128,149,iid,main,2,0.956953642384106,HAR_Dirichlet
logistic,client_ema,128,149,iid,main,4,0.9495268138801262,HAR_Dirichlet
logistic,client_ema,128,149,iid,main,9,0.8784722222222222,HAR_Dirichlet
logistic,client_ema,128,149,iid,main,10,0.8435374149659864,HAR_Dirichlet
logistic,client_ema,128,149,iid,main,12,0.94375,HAR_Dirichlet
logistic,client_ema,128,149,iid,main,13,0.9694189602446484,HAR_Dirichlet
logistic,client_ema,128,149,iid,main,18,0.9010989010989011,HAR_Dirichlet
logistic,client_ema,128,149,iid,main,20,0.8954802259887006,HAR_Dirichlet
logistic,client_ema,128,149,iid,main,24,0.963254593175853,HAR_Dirichlet
logistic,client_ema,128,47,iid,main,2,0.9735099337748344,HAR_Dirichlet
logistic,client_ema,128,47,iid,main,4,0.9589905362776026,HAR_Dirichlet
logistic,client_ema,128,47,iid,main,9,0.8715277777777778,HAR_Dirichlet
logistic,client_ema,128,47,iid,main,10,0.8231292517006803,HAR_Dirichlet
logistic,client_ema,128,47,iid,main,12,0.96875,HAR_Dirichlet
logistic,client_ema,128,47,iid,main,13,0.9541284403669725,HAR_Dirichlet
logistic,client_ema,128,47,iid,main,18,0.8956043956043956,HAR_Dirichlet
logistic,client_ema,128,47,iid,main,20,0.9124293785310734,HAR_Dirichlet
logistic,client_ema,128,47,iid,main,24,0.968503937007874,HAR_Dirichlet
logistic,estimated_conditional,512,97,iid,main,2,0.9701986754966887,HAR_Dirichlet
logistic,estimated_conditional,512,97,iid,main,4,0.9684542586750788,HAR_Dirichlet
logistic,estimated_conditional,512,97,iid,main,9,0.8645833333333334,HAR_Dirichlet
logistic,estimated_conditional,512,97,iid,main,10,0.8469387755102041,HAR_Dirichlet
logistic,estimated_conditional,512,97,iid,main,12,0.9625,HAR_Dirichlet
logistic,estimated_conditional,512,97,iid,main,13,0.9663608562691132,HAR_Dirichlet
logistic,estimated_conditional,512,97,iid,main,18,0.9230769230769231,HAR_Dirichlet
logistic,estimated_conditional,512,97,iid,main,20,0.8983050847457628,HAR_Dirichlet
logistic,estimated_conditional,512,97,iid,main,24,0.984251968503937,HAR_Dirichlet
logistic,estimated_conditional,128,137,iid,main,2,0.9735099337748344,HAR_Dirichlet
logistic,estimated_conditional,128,137,iid,main,4,0.9495268138801262,HAR_Dirichlet
logistic,estimated_conditional,128,137,iid,main,9,0.8715277777777778,HAR_Dirichlet
logistic,estimated_conditional,128,137,iid,main,10,0.8299319727891157,HAR_Dirichlet
logistic,estimated_conditional,128,137,iid,main,12,0.953125,HAR_Dirichlet
logistic,estimated_conditional,128,137,iid,main,13,0.9480122324159022,HAR_Dirichlet
logistic,estimated_conditional,128,137,iid,main,18,0.8983516483516484,HAR_Dirichlet
logistic,estimated_conditional,128,137,iid,main,20,0.9152542372881356,HAR_Dirichlet
logistic,estimated_conditional,128,137,iid,main,24,0.9816272965879265,HAR_Dirichlet
logistic,fixed_k,512,67,iid,main,2,0.9635761589403974,HAR_Dirichlet
logistic,fixed_k,512,67,iid,main,4,0.9716088328075709,HAR_Dirichlet
logistic,fixed_k,512,67,iid,main,9,0.8472222222222222,HAR_Dirichlet
logistic,fixed_k,512,67,iid,main,10,0.7959183673469388,HAR_Dirichlet
logistic,fixed_k,512,67,iid,main,12,0.940625,HAR_Dirichlet
logistic,fixed_k,512,67,iid,main,13,0.9755351681957186,HAR_Dirichlet
logistic,fixed_k,512,67,iid,main,18,0.9120879120879121,HAR_Dirichlet
logistic,fixed_k,512,67,iid,main,20,0.9293785310734464,HAR_Dirichlet
logistic,fixed_k,512,67,iid,main,24,0.973753280839895,HAR_Dirichlet
logistic,conditional,32,127,iid,main,2,0.9536423841059603,HAR_Dirichlet
logistic,conditional,32,127,iid,main,4,0.9211356466876972,HAR_Dirichlet
logistic,conditional,32,127,iid,main,9,0.8680555555555556,HAR_Dirichlet
logistic,conditional,32,127,iid,main,10,0.8027210884353742,HAR_Dirichlet
logistic,conditional,32,127,iid,main,12,0.95,HAR_Dirichlet
logistic,conditional,32,127,iid,main,13,0.9327217125382263,HAR_Dirichlet
logistic,conditional,32,127,iid,main,18,0.8901098901098901,HAR_Dirichlet
logistic,conditional,32,127,iid,main,20,0.940677966101695,HAR_Dirichlet
logistic,conditional,32,127,iid,main,24,0.937007874015748,HAR_Dirichlet
logistic,conditional,32,137,iid,main,2,0.9602649006622517,HAR_Dirichlet
logistic,conditional,32,137,iid,main,4,0.9369085173501577,HAR_Dirichlet
logistic,conditional,32,137,iid,main,9,0.8506944444444444,HAR_Dirichlet
logistic,conditional,32,137,iid,main,10,0.8333333333333334,HAR_Dirichlet
logistic,conditional,32,137,iid,main,12,0.946875,HAR_Dirichlet
logistic,conditional,32,137,iid,main,13,0.9174311926605505,HAR_Dirichlet
logistic,conditional,32,137,iid,main,18,0.8681318681318682,HAR_Dirichlet
logistic,conditional,32,137,iid,main,20,0.8983050847457628,HAR_Dirichlet
logistic,conditional,32,137,iid,main,24,0.952755905511811,HAR_Dirichlet
logistic,naive,128,23,iid,main,2,0.9735099337748344,HAR_Dirichlet
logistic,naive,128,23,iid,main,4,0.9369085173501577,HAR_Dirichlet
logistic,naive,128,23,iid,main,9,0.8819444444444444,HAR_Dirichlet
logistic,naive,128,23,iid,main,10,0.8231292517006803,HAR_Dirichlet
logistic,naive,128,23,iid,main,12,0.965625,HAR_Dirichlet
logistic,naive,128,23,iid,main,13,0.944954128440367,HAR_Dirichlet
logistic,naive,128,23,iid,main,18,0.8846153846153846,HAR_Dirichlet
logistic,naive,128,23,iid,main,20,0.8813559322033898,HAR_Dirichlet
logistic,naive,128,23,iid,main,24,0.9658792650918635,HAR_Dirichlet
logistic,fixed_k,32,47,iid,main,8,0.5175953079178885,PAMAP2_subject
logistic,fixed_k,32,47,iid,main,9,0.0,PAMAP2_subject
logistic,conditional,32,149,iid,main,8,0.5381231671554252,PAMAP2_subject
logistic,conditional,32,149,iid,main,9,0.2708333333333333,PAMAP2_subject
logistic,conditional,128,137,markov,channel_robustness,8,0.5884652981427175,PAMAP2_subject
logistic,conditional,128,137,markov,channel_robustness,9,0.22916666666666666,PAMAP2_subject
logistic,conditional,32,97,iid,main,8,0.44037145650048876,PAMAP2_subject
logistic,conditional,32,97,iid,main,9,0.4166666666666667,PAMAP2_subject
mlp,conditional,128,101,iid,mlp_robustness,8,0.4736070381231672,PAMAP2_subject
mlp,conditional,128,101,iid,mlp_robustness,9,0.6875,PAMAP2_subject
logistic,mean_length,32,59,iid,main,8,0.4389051808406647,PAMAP2_subject
logistic,mean_length,32,59,iid,main,9,0.041666666666666664,PAMAP2_subject
logistic,fixed_k,128,101,markov,channel_robustness,8,0.532258064516129,PAMAP2_subject
logistic,fixed_k,128,101,markov,channel_robustness,9,0.08333333333333333,PAMAP2_subject
logistic,estimated_conditional,32,127,iid,main,8,0.5019550342130987,PAMAP2_subject
logistic,estimated_conditional,32,127,iid,main,9,0.1875,PAMAP2_subject
logistic,conditional,512,11,iid,main,8,0.458455522971652,PAMAP2_subject
logistic,conditional,512,11,iid,main,9,0.20833333333333334,PAMAP2_subject
logistic,naive,128,149,iid,main,8,0.555229716520039,PAMAP2_subject
logistic,naive,128,149,iid,main,9,0.2708333333333333,PAMAP2_subject
logistic,mean_length,32,67,iid,main,8,0.5513196480938416,PAMAP2_subject
logistic,mean_length,32,67,iid,main,9,0.125,PAMAP2_subject
logistic,mean_length,128,23,iid,main,8,0.5869990224828935,PAMAP2_subject
logistic,mean_length,128,23,iid,main,9,0.8541666666666666,PAMAP2_subject
logistic,fixed_k,128,59,markov,channel_robustness,8,0.5019550342130987,PAMAP2_subject
logistic,fixed_k,128,59,markov,channel_robustness,9,0.10416666666666667,PAMAP2_subject
logistic,naive,512,137,iid,main,8,0.5943304007820137,PAMAP2_subject
logistic,naive,512,137,iid,main,9,0.22916666666666666,PAMAP2_subject
logistic,conditional,512,83,iid,main,8,0.5166177908113392,PAMAP2_subject
logistic,conditional,512,83,iid,main,9,0.14583333333333334,PAMAP2_subject
mlp,fixed_k,128,127,iid,mlp_robustness,8,0.5117302052785924,PAMAP2_subject
mlp,fixed_k,128,127,iid,mlp_robustness,9,0.3958333333333333,PAMAP2_subject
logistic,conditional,128,127,markov,channel_robustness,8,0.43499511241446726,PAMAP2_subject
logistic,conditional,128,127,markov,channel_robustness,9,0.5,PAMAP2_subject
logistic,client_ema,512,11,iid,main,8,0.4579667644183773,PAMAP2_subject
logistic,client_ema,512,11,iid,main,9,0.2708333333333333,PAMAP2_subject
mlp,conditional,128,67,iid,mlp_robustness,8,0.5733137829912024,PAMAP2_subject
mlp,conditional,128,67,iid,mlp_robustness,9,0.3541666666666667,PAMAP2_subject
logistic,fixed_k,32,101,iid,main,8,0.5048875855327468,PAMAP2_subject
logistic,fixed_k,32,101,iid,main,9,0.0,PAMAP2_subject
mlp,conditional,128,137,iid,mlp_robustness,8,0.458455522971652,PAMAP2_subject
mlp,conditional,128,137,iid,mlp_robustness,9,0.8125,PAMAP2_subject
mlp,conditional,128,23,iid,mlp_robustness,8,0.5977517106549365,PAMAP2_subject
mlp,conditional,128,23,iid,mlp_robustness,9,0.5,PAMAP2_subject
logistic,conditional,32,83,iid,main,8,0.5772238514173998,PAMAP2_subject
logistic,conditional,32,83,iid,main,9,0.0625,PAMAP2_subject
logistic,fixed_k,512,113,iid,main,8,0.478494623655914,PAMAP2_subject
logistic,fixed_k,512,113,iid,main,9,0.6041666666666666,PAMAP2_subject
logistic,conditional,512,137,iid,main,8,0.5997067448680352,PAMAP2_subject
logistic,conditional,512,137,iid,main,9,0.25,PAMAP2_subject
logistic,conditional,32,47,iid,main,8,0.47702834799608995,PAMAP2_subject
logistic,conditional,32,47,iid,main,9,0.0,PAMAP2_subject
logistic,mean_length,512,127,iid,main,8,0.4604105571847507,PAMAP2_subject
logistic,mean_length,512,127,iid,main,9,0.4791666666666667,PAMAP2_subject
logistic,mean_length,128,83,iid,main,8,0.6089931573802542,PAMAP2_subject
logistic,mean_length,128,83,iid,main,9,0.16666666666666666,PAMAP2_subject
logistic,estimated_conditional,512,47,iid,main,8,0.5327468230694037,PAMAP2_subject
logistic,estimated_conditional,512,47,iid,main,9,0.20833333333333334,PAMAP2_subject
logistic,naive,512,47,iid,main,8,0.5342130987292277,PAMAP2_subject
logistic,naive,512,47,iid,main,9,0.14583333333333334,PAMAP2_subject
logistic,fixed_k,32,67,iid,main,8,0.572336265884653,PAMAP2_subject
logistic,fixed_k,32,67,iid,main,9,0.10416666666666667,PAMAP2_subject
mlp,conditional,128,97,iid,mlp_robustness,8,0.43010752688172044,PAMAP2_subject
mlp,conditional,128,97,iid,mlp_robustness,9,0.9166666666666666,PAMAP2_subject
logistic,naive,128,137,iid,main,8,0.5630498533724341,PAMAP2_subject
logistic,naive,128,137,iid,main,9,0.1875,PAMAP2_subject
logistic,fixed_k,512,47,iid,main,8,0.5347018572825024,PAMAP2_subject
logistic,fixed_k,512,47,iid,main,9,0.22916666666666666,PAMAP2_subject
logistic,conditional,128,67,iid,main,8,0.6016617790811339,PAMAP2_subject
logistic,conditional,128,67,iid,main,9,0.1875,PAMAP2_subject
logistic,naive,512,149,iid,main,8,0.5762463343108505,PAMAP2_subject
logistic,naive,512,149,iid,main,9,0.3333333333333333,PAMAP2_subject
logistic,mean_length,128,113,iid,main,8,0.5610948191593352,PAMAP2_subject
logistic,mean_length,128,113,iid,main,9,0.5208333333333334,PAMAP2_subject
logistic,mean_length,128,47,iid,main,8,0.5317693059628543,PAMAP2_subject
logistic,mean_length,128,47,iid,main,9,0.0625,PAMAP2_subject
logistic,fixed_k,32,113,iid,main,8,0.5351906158357771,PAMAP2_subject
logistic,fixed_k,32,113,iid,main,9,0.375,PAMAP2_subject
logistic,fixed_k,32,11,iid,main,8,0.36412512218963833,PAMAP2_subject
logistic,fixed_k,32,11,iid,main,9,0.3333333333333333,PAMAP2_subject
logistic,fixed_k,128,11,markov,channel_robustness,8,0.41104594330400784,PAMAP2_subject
logistic,fixed_k,128,11,markov,channel_robustness,9,0.25,PAMAP2_subject
logistic,client_ema,32,11,iid,main,8,0.35777126099706746,PAMAP2_subject
logistic,client_ema,32,11,iid,main,9,0.2916666666666667,PAMAP2_subject
logistic,mean_length,128,137,iid,main,8,0.5757575757575758,PAMAP2_subject
logistic,mean_length,128,137,iid,main,9,0.22916666666666666,PAMAP2_subject
logistic,client_ema,512,59,iid,main,8,0.5136852394916911,PAMAP2_subject
logistic,client_ema,512,59,iid,main,9,0.1875,PAMAP2_subject
logistic,naive,512,127,iid,main,8,0.44037145650048876,PAMAP2_subject
logistic,naive,512,127,iid,main,9,0.4583333333333333,PAMAP2_subject
logistic,fixed_k,128,127,iid,main,8,0.5239491691104594,PAMAP2_subject
logistic,fixed_k,128,127,iid,main,9,0.3958333333333333,PAMAP2_subject
logistic,conditional,128,101,iid,main,8,0.5342130987292277,PAMAP2_subject
logistic,conditional,128,101,iid,main,9,0.041666666666666664,PAMAP2_subject
logistic,client_ema,128,11,iid,main,8,0.4178885630498534,PAMAP2_subject
logistic,client_ema,128,11,iid,main,9,0.2708333333333333,PAMAP2_subject
logistic,conditional,128,11,markov,channel_robustness,8,0.4071358748778104,PAMAP2_subject
logistic,conditional,128,11,markov,channel_robustness,9,0.375,PAMAP2_subject
logistic,client_ema,512,137,iid,main,8,0.626099706744868,PAMAP2_subject
logistic,client_ema,512,137,iid,main,9,0.25,PAMAP2_subject
logistic,client_ema,32,47,iid,main,8,0.4858260019550342,PAMAP2_subject
logistic,client_ema,32,47,iid,main,9,0.020833333333333332,PAMAP2_subject
logistic,client_ema,32,59,iid,main,8,0.44086021505376344,PAMAP2_subject
logistic,client_ema,32,59,iid,main,9,0.020833333333333332,PAMAP2_subject
mlp,fixed_k,128,149,iid,mlp_robustness,8,0.5332355816226784,PAMAP2_subject
mlp,fixed_k,128,149,iid,mlp_robustness,9,0.5625,PAMAP2_subject
logistic,fixed_k,32,97,iid,main,8,0.4281524926686217,PAMAP2_subject
logistic,fixed_k,32,97,iid,main,9,0.3958333333333333,PAMAP2_subject
logistic,conditional,128,83,iid,main,8,0.6080156402737048,PAMAP2_subject
logistic,conditional,128,83,iid,main,9,0.16666666666666666,PAMAP2_subject
logistic,naive,512,23,iid,main,8,0.583088954056696,PAMAP2_subject
logistic,naive,512,23,iid,main,9,0.8333333333333334,PAMAP2_subject
logistic,fixed_k,512,149,iid,main,8,0.5904203323558163,PAMAP2_subject
logistic,fixed_k,512,149,iid,main,9,0.4583333333333333,PAMAP2_subject
logistic,naive,32,97,iid,main,8,0.3181818181818182,PAMAP2_subject
logistic,naive,32,97,iid,main,9,0.4791666666666667,PAMAP2_subject
logistic,fixed_k,128,47,markov,channel_robustness,8,0.520039100684262,PAMAP2_subject
logistic,fixed_k,128,47,markov,channel_robustness,9,0.0625,PAMAP2_subject
logistic,estimated_conditional,128,149,iid,main,8,0.5689149560117303,PAMAP2_subject
logistic,estimated_conditional,128,149,iid,main,9,0.2708333333333333,PAMAP2_subject
logistic,client_ema,128,59,iid,main,8,0.47947214076246336,PAMAP2_subject
logistic,client_ema,128,59,iid,main,9,0.125,PAMAP2_subject
mlp,fixed_k,128,97,iid,mlp_robustness,8,0.4696969696969697,PAMAP2_subject
mlp,fixed_k,128,97,iid,mlp_robustness,9,0.7708333333333334,PAMAP2_subject
logistic,estimated_conditional,512,101,iid,main,8,0.48778103616813295,PAMAP2_subject
logistic,estimated_conditional,512,101,iid,main,9,0.375,PAMAP2_subject
logistic,mean_length,512,113,iid,main,8,0.47458455522971654,PAMAP2_subject
logistic,mean_length,512,113,iid,main,9,0.6041666666666666,PAMAP2_subject
logistic,client_ema,32,83,iid,main,8,0.5767350928641252,PAMAP2_subject
logistic,client_ema,32,83,iid,main,9,0.0625,PAMAP2_subject
logistic,mean_length,32,137,iid,main,8,0.543010752688172,PAMAP2_subject
logistic,mean_length,32,137,iid,main,9,0.20833333333333334,PAMAP2_subject
logistic,fixed_k,512,59,iid,main,8,0.512218963831867,PAMAP2_subject
logistic,fixed_k,512,59,iid,main,9,0.1875,PAMAP2_subject
logistic,naive,128,11,iid,main,8,0.3709677419354839,PAMAP2_subject
logistic,naive,128,11,iid,main,9,0.3125,PAMAP2_subject
mlp,fixed_k,128,59,iid,mlp_robustness,8,0.5283479960899315,PAMAP2_subject
mlp,fixed_k,128,59,iid,mlp_robustness,9,0.4375,PAMAP2_subject
logistic,estimated_conditional,512,83,iid,main,8,0.5112414467253177,PAMAP2_subject
logistic,estimated_conditional,512,83,iid,main,9,0.20833333333333334,PAMAP2_subject
logistic,estimated_conditional,32,59,iid,main,8,0.44037145650048876,PAMAP2_subject
logistic,estimated_conditional,32,59,iid,main,9,0.020833333333333332,PAMAP2_subject
logistic,fixed_k,128,83,iid,main,8,0.6133919843597263,PAMAP2_subject
logistic,fixed_k,128,83,iid,main,9,0.08333333333333333,PAMAP2_subject
logistic,mean_length,32,83,iid,main,8,0.5772238514173998,PAMAP2_subject
logistic,mean_length,32,83,iid,main,9,0.0625,PAMAP2_subject
logistic,mean_length,512,101,iid,main,8,0.4833822091886608,PAMAP2_subject
logistic,mean_length,512,101,iid,main,9,0.2916666666666667,PAMAP2_subject
logistic,client_ema,32,137,iid,main,8,0.5478983382209188,PAMAP2_subject
logistic,client_ema,32,137,iid,main,9,0.20833333333333334,PAMAP2_subject
logistic,fixed_k,128,127,markov,channel_robustness,8,0.4941348973607038,PAMAP2_subject
logistic,fixed_k,128,127,markov,channel_robustness,9,0.5625,PAMAP2_subject
logistic,conditional,32,67,iid,main,8,0.5566959921798631,PAMAP2_subject
logistic,conditional,32,67,iid,main,9,0.125,PAMAP2_subject
logistic,naive,32,101,iid,main,8,0.47751710654936463,PAMAP2_subject
logistic,naive,32,101,iid,main,9,0.0,PAMAP2_subject
logistic,estimated_conditional,128,97,iid,main,8,0.5557184750733137,PAMAP2_subject
logistic,estimated_conditional,128,97,iid,main,9,0.3333333333333333,PAMAP2_subject
logistic,naive,32,113,iid,main,8,0.43499511241446726,PAMAP2_subject
logistic,naive,32,113,iid,main,9,0.08333333333333333,PAMAP2_subject
logistic,client_ema,32,67,iid,main,8,0.5503421309872922,PAMAP2_subject
logistic,client_ema,32,67,iid,main,9,0.16666666666666666,PAMAP2_subject
mlp,fixed_k,128,47,iid,mlp_robustness,8,0.520039100684262,PAMAP2_subject
mlp,fixed_k,128,47,iid,mlp_robustness,9,0.5416666666666666,PAMAP2_subject
logistic,naive,128,127,iid,main,8,0.5146627565982405,PAMAP2_subject
logistic,naive,128,127,iid,main,9,0.4166666666666667,PAMAP2_subject
logistic,mean_length,32,97,iid,main,8,0.43548387096774194,PAMAP2_subject
logistic,mean_length,32,97,iid,main,9,0.3958333333333333,PAMAP2_subject
logistic,conditional,32,101,iid,main,8,0.512218963831867,PAMAP2_subject
logistic,conditional,32,101,iid,main,9,0.0,PAMAP2_subject
logistic,client_ema,512,67,iid,main,8,0.5175953079178885,PAMAP2_subject
logistic,client_ema,512,67,iid,main,9,0.20833333333333334,PAMAP2_subject
logistic,fixed_k,32,149,iid,main,8,0.5376344086021505,PAMAP2_subject
logistic,fixed_k,32,149,iid,main,9,0.3125,PAMAP2_subject
mlp,fixed_k,128,67,iid,mlp_robustness,8,0.581622678396872,PAMAP2_subject
mlp,fixed_k,128,67,iid,mlp_robustness,9,0.4166666666666667,PAMAP2_subject
logistic,conditional,128,97,iid,main,8,0.5650048875855328,PAMAP2_subject
logistic,conditional,128,97,iid,main,9,0.3125,PAMAP2_subject
logistic,mean_length,512,67,iid,main,8,0.5185728250244379,PAMAP2_subject
logistic,mean_length,512,67,iid,main,9,0.20833333333333334,PAMAP2_subject
logistic,client_ema,32,101,iid,main,8,0.512218963831867,PAMAP2_subject
logistic,client_ema,32,101,iid,main,9,0.0,PAMAP2_subject
logistic,mean_length,128,127,iid,main,8,0.5019550342130987,PAMAP2_subject
logistic,mean_length,128,127,iid,main,9,0.3958333333333333,PAMAP2_subject
logistic,fixed_k,32,83,iid,main,8,0.5953079178885631,PAMAP2_subject
logistic,fixed_k,32,83,iid,main,9,0.0,PAMAP2_subject
logistic,conditional,512,101,iid,main,8,0.4833822091886608,PAMAP2_subject
logistic,conditional,512,101,iid,main,9,0.2916666666666667,PAMAP2_subject
logistic,mean_length,32,47,iid,main,8,0.478494623655914,PAMAP2_subject
logistic,mean_length,32,47,iid,main,9,0.0,PAMAP2_subject
logistic,conditional,128,97,markov,channel_robustness,8,0.572336265884653,PAMAP2_subject
logistic,conditional,128,97,markov,channel_robustness,9,0.3125,PAMAP2_subject
logistic,fixed_k,128,97,markov,channel_robustness,8,0.48533724340175954,PAMAP2_subject
logistic,fixed_k,128,97,markov,channel_robustness,9,0.3333333333333333,PAMAP2_subject
logistic,client_ema,32,23,iid,main,8,0.5239491691104594,PAMAP2_subject
logistic,client_ema,32,23,iid,main,9,0.7291666666666666,PAMAP2_subject
logistic,estimated_conditional,32,67,iid,main,8,0.5503421309872922,PAMAP2_subject
logistic,estimated_conditional,32,67,iid,main,9,0.14583333333333334,PAMAP2_subject
logistic,naive,128,59,iid,main,8,0.447702834799609,PAMAP2_subject
logistic,naive,128,59,iid,main,9,0.08333333333333333,PAMAP2_subject
logistic,mean_length,512,47,iid,main,8,0.5342130987292277,PAMAP2_subject
logistic,mean_length,512,47,iid,main,9,0.22916666666666666,PAMAP2_subject
logistic,estimated_conditional,128,59,iid,main,8,0.47165200391006845,PAMAP2_subject
logistic,estimated_conditional,128,59,iid,main,9,0.125,PAMAP2_subject
logistic,naive,512,113,iid,main,8,0.5566959921798631,PAMAP2_subject
logistic,naive,512,113,iid,main,9,0.5,PAMAP2_subject
logistic,naive,32,83,iid,main,8,0.5356793743890518,PAMAP2_subject
logistic,naive,32,83,iid,main,9,0.0,PAMAP2_subject
logistic,client_ema,512,97,iid,main,8,0.5244379276637341,PAMAP2_subject
logistic,client_ema,512,97,iid,main,9,0.4166666666666667,PAMAP2_subject
logistic,estimated_conditional,128,137,iid,main,8,0.572336265884653,PAMAP2_subject
logistic,estimated_conditional,128,137,iid,main,9,0.20833333333333334,PAMAP2_subject
logistic,mean_length,512,11,iid,main,8,0.4574780058651026,PAMAP2_subject
logistic,mean_length,512,11,iid,main,9,0.20833333333333334,PAMAP2_subject
logistic,naive,128,67,iid,main,8,0.5689149560117303,PAMAP2_subject
logistic,naive,128,67,iid,main,9,0.125,PAMAP2_subject
logistic,mean_length,128,67,iid,main,8,0.6016617790811339,PAMAP2_subject
logistic,mean_length,128,67,iid,main,9,0.1875,PAMAP2_subject
logistic,estimated_conditional,128,101,iid,main,8,0.5312805474095796,PAMAP2_subject
logistic,estimated_conditional,128,101,iid,main,9,0.14583333333333334,PAMAP2_subject
logistic,estimated_conditional,512,11,iid,main,8,0.4389051808406647,PAMAP2_subject
logistic,estimated_conditional,512,11,iid,main,9,0.1875,PAMAP2_subject
mlp,conditional,128,59,iid,mlp_robustness,8,0.5268817204301075,PAMAP2_subject
mlp,conditional,128,59,iid,mlp_robustness,9,0.375,PAMAP2_subject
mlp,fixed_k,128,11,iid,mlp_robustness,8,0.5581622678396871,PAMAP2_subject
mlp,fixed_k,128,11,iid,mlp_robustness,9,0.0,PAMAP2_subject
logistic,naive,128,47,iid,main,8,0.512218963831867,PAMAP2_subject
logistic,naive,128,47,iid,main,9,0.020833333333333332,PAMAP2_subject
logistic,conditional,512,149,iid,main,8,0.5288367546432062,PAMAP2_subject
logistic,conditional,512,149,iid,main,9,0.3958333333333333,PAMAP2_subject
logistic,conditional,32,11,iid,main,8,0.3572825024437928,PAMAP2_subject
logistic,conditional,32,11,iid,main,9,0.2916666666666667,PAMAP2_subject
logistic,conditional,128,137,iid,main,8,0.5772238514173998,PAMAP2_subject
logistic,conditional,128,137,iid,main,9,0.22916666666666666,PAMAP2_subject
mlp,conditional,128,11,iid,mlp_robustness,8,0.45698924731182794,PAMAP2_subject
mlp,conditional,128,11,iid,mlp_robustness,9,0.0,PAMAP2_subject
logistic,naive,512,101,iid,main,8,0.5410557184750733,PAMAP2_subject
logistic,naive,512,101,iid,main,9,0.08333333333333333,PAMAP2_subject
logistic,fixed_k,128,23,iid,main,8,0.5694037145650049,PAMAP2_subject
logistic,fixed_k,128,23,iid,main,9,0.75,PAMAP2_subject
logistic,fixed_k,128,149,iid,main,8,0.5713587487781037,PAMAP2_subject
logistic,fixed_k,128,149,iid,main,9,0.25,PAMAP2_subject
logistic,fixed_k,512,11,iid,main,8,0.45454545454545453,PAMAP2_subject
logistic,fixed_k,512,11,iid,main,9,0.22916666666666666,PAMAP2_subject
logistic,estimated_conditional,512,137,iid,main,8,0.6231671554252199,PAMAP2_subject
logistic,estimated_conditional,512,137,iid,main,9,0.25,PAMAP2_subject
logistic,naive,512,67,iid,main,8,0.5869990224828935,PAMAP2_subject
logistic,naive,512,67,iid,main,9,0.1875,PAMAP2_subject
logistic,client_ema,512,149,iid,main,8,0.5136852394916911,PAMAP2_subject
logistic,client_ema,512,149,iid,main,9,0.375,PAMAP2_subject
logistic,conditional,128,149,iid,main,8,0.570869990224829,PAMAP2_subject
logistic,conditional,128,149,iid,main,9,0.2708333333333333,PAMAP2_subject
logistic,conditional,128,47,markov,channel_robustness,8,0.530791788856305,PAMAP2_subject
logistic,conditional,128,47,markov,channel_robustness,9,0.0625,PAMAP2_subject
logistic,mean_length,128,11,iid,main,8,0.4115347018572825,PAMAP2_subject
logistic,mean_length,128,11,iid,main,9,0.2708333333333333,PAMAP2_subject
logistic,fixed_k,128,59,iid,main,8,0.49608993157380255,PAMAP2_subject
logistic,fixed_k,128,59,iid,main,9,0.14583333333333334,PAMAP2_subject
logistic,estimated_conditional,32,47,iid,main,8,0.4789833822091887,PAMAP2_subject
logistic,estimated_conditional,32,47,iid,main,9,0.020833333333333332,PAMAP2_subject
mlp,conditional,128,113,iid,mlp_robustness,8,0.44037145650048876,PAMAP2_subject
mlp,conditional,128,113,iid,mlp_robustness,9,0.041666666666666664,PAMAP2_subject
logistic,client_ema,512,113,iid,main,8,0.4750733137829912,PAMAP2_subject
logistic,client_ema,512,113,iid,main,9,0.5833333333333334,PAMAP2_subject
logistic,conditional,128,101,markov,channel_robustness,8,0.5234604105571847,PAMAP2_subject
logistic,conditional,128,101,markov,channel_robustness,9,0.08333333333333333,PAMAP2_subject
mlp,fixed_k,128,83,iid,mlp_robustness,8,0.4364613880742913,PAMAP2_subject
mlp,fixed_k,128,83,iid,mlp_robustness,9,0.6875,PAMAP2_subject
logistic,mean_length,512,97,iid,main,8,0.5205278592375366,PAMAP2_subject
logistic,mean_length,512,97,iid,main,9,0.4166666666666667,PAMAP2_subject
logistic,fixed_k,128,67,markov,channel_robustness,8,0.52297165200391,PAMAP2_subject
logistic,fixed_k,128,67,markov,channel_robustness,9,0.1875,PAMAP2_subject
logistic,fixed_k,128,113,markov,channel_robustness,8,0.5571847507331378,PAMAP2_subject
logistic,fixed_k,128,113,markov,channel_robustness,9,0.6458333333333334,PAMAP2_subject
logistic,conditional,128,113,iid,main,8,0.5606060606060606,PAMAP2_subject
logistic,conditional,128,113,iid,main,9,0.5208333333333334,PAMAP2_subject
logistic,client_ema,32,97,iid,main,8,0.44037145650048876,PAMAP2_subject
logistic,client_ema,32,97,iid,main,9,0.3958333333333333,PAMAP2_subject
logistic,mean_length,32,113,iid,main,8,0.5131964809384164,PAMAP2_subject
logistic,mean_length,32,113,iid,main,9,0.3333333333333333,PAMAP2_subject
logistic,mean_length,512,83,iid,main,8,0.5171065493646139,PAMAP2_subject
logistic,mean_length,512,83,iid,main,9,0.14583333333333334,PAMAP2_subject
logistic,naive,512,83,iid,main,8,0.6124144672531769,PAMAP2_subject
logistic,naive,512,83,iid,main,9,0.14583333333333334,PAMAP2_subject
logistic,estimated_conditional,32,97,iid,main,8,0.4315738025415445,PAMAP2_subject
logistic,estimated_conditional,32,97,iid,main,9,0.3958333333333333,PAMAP2_subject
logistic,estimated_conditional,512,67,iid,main,8,0.5288367546432062,PAMAP2_subject
logistic,estimated_conditional,512,67,iid,main,9,0.1875,PAMAP2_subject
logistic,client_ema,128,101,iid,main,8,0.5386119257086999,PAMAP2_subject
logistic,client_ema,128,101,iid,main,9,0.041666666666666664,PAMAP2_subject
logistic,conditional,32,127,iid,main,8,0.501466275659824,PAMAP2_subject
logistic,conditional,32,127,iid,main,9,0.1875,PAMAP2_subject
logistic,mean_length,128,97,iid,main,8,0.5630498533724341,PAMAP2_subject
logistic,mean_length,128,97,iid,main,9,0.3125,PAMAP2_subject
logistic,estimated_conditional,512,113,iid,main,8,0.5043988269794721,PAMAP2_subject
logistic,estimated_conditional,512,113,iid,main,9,0.6458333333333334,PAMAP2_subject
logistic,estimated_conditional,32,83,iid,main,8,0.5669599217986315,PAMAP2_subject
logistic,estimated_conditional,32,83,iid,main,9,0.0625,PAMAP2_subject
mlp,fixed_k,128,23,iid,mlp_robustness,8,0.5967741935483871,PAMAP2_subject
mlp,fixed_k,128,23,iid,mlp_robustness,9,0.3958333333333333,PAMAP2_subject
logistic,estimated_conditional,32,23,iid,main,8,0.5190615835777126,PAMAP2_subject
logistic,estimated_conditional,32,23,iid,main,9,0.7291666666666666,PAMAP2_subject
logistic,fixed_k,128,113,iid,main,8,0.5625610948191594,PAMAP2_subject
logistic,fixed_k,128,113,iid,main,9,0.4791666666666667,PAMAP2_subject
mlp,conditional,128,83,iid,mlp_robustness,8,0.436950146627566,PAMAP2_subject
mlp,conditional,128,83,iid,mlp_robustness,9,0.5,PAMAP2_subject
logistic,naive,32,127,iid,main,8,0.49608993157380255,PAMAP2_subject
logistic,naive,32,127,iid,main,9,0.125,PAMAP2_subject
logistic,estimated_conditional,512,149,iid,main,8,0.5850439882697948,PAMAP2_subject
logistic,estimated_conditional,512,149,iid,main,9,0.3541666666666667,PAMAP2_subject
logistic,estimated_conditional,128,47,iid,main,8,0.5273704789833822,PAMAP2_subject
logistic,estimated_conditional,128,47,iid,main,9,0.0625,PAMAP2_subject
logistic,fixed_k,128,11,iid,main,8,0.4100684261974585,PAMAP2_subject
logistic,fixed_k,128,11,iid,main,9,0.20833333333333334,PAMAP2_subject
logistic,mean_length,32,11,iid,main,8,0.3563049853372434,PAMAP2_subject
logistic,mean_length,32,11,iid,main,9,0.3125,PAMAP2_subject
mlp,conditional,128,47,iid,mlp_robustness,8,0.5434995112414467,PAMAP2_subject
mlp,conditional,128,47,iid,mlp_robustness,9,0.9375,PAMAP2_subject
logistic,conditional,128,67,markov,channel_robustness,8,0.5464320625610948,PAMAP2_subject
logistic,conditional,128,67,markov,channel_robustness,9,0.20833333333333334,PAMAP2_subject
logistic,naive,32,47,iid,main,8,0.4173998044965787,PAMAP2_subject
logistic,naive,32,47,iid,main,9,0.0,PAMAP2_subject
logistic,conditional,32,23,iid,main,8,0.5268817204301075,PAMAP2_subject
logistic,conditional,32,23,iid,main,9,0.7708333333333334,PAMAP2_subject
mlp,conditional,128,149,iid,mlp_robustness,8,0.5953079178885631,PAMAP2_subject
mlp,conditional,128,149,iid,mlp_robustness,9,0.7916666666666666,PAMAP2_subject
logistic,estimated_conditional,32,101,iid,main,8,0.4604105571847507,PAMAP2_subject
logistic,estimated_conditional,32,101,iid,main,9,0.08333333333333333,PAMAP2_subject
logistic,mean_length,512,149,iid,main,8,0.5327468230694037,PAMAP2_subject
logistic,mean_length,512,149,iid,main,9,0.3958333333333333,PAMAP2_subject
logistic,naive,128,101,iid,main,8,0.5146627565982405,PAMAP2_subject
logistic,naive,128,101,iid,main,9,0.0,PAMAP2_subject
logistic,mean_length,512,23,iid,main,8,0.5043988269794721,PAMAP2_subject
logistic,mean_length,512,23,iid,main,9,0.8958333333333334,PAMAP2_subject
logistic,client_ema,512,101,iid,main,8,0.48826979472140764,PAMAP2_subject
logistic,client_ema,512,101,iid,main,9,0.25,PAMAP2_subject
logistic,fixed_k,128,23,markov,channel_robustness,8,0.5742913000977518,PAMAP2_subject
logistic,fixed_k,128,23,markov,channel_robustness,9,0.7708333333333334,PAMAP2_subject
mlp,fixed_k,128,101,iid,mlp_robustness,8,0.5078201368523949,PAMAP2_subject
mlp,fixed_k,128,101,iid,mlp_robustness,9,0.2916666666666667,PAMAP2_subject
logistic,estimated_conditional,128,113,iid,main,8,0.5596285434995112,PAMAP2_subject
logistic,estimated_conditional,128,113,iid,main,9,0.5625,PAMAP2_subject
logistic,conditional,128,23,markov,channel_robustness,8,0.5840664711632454,PAMAP2_subject
logistic,conditional,128,23,markov,channel_robustness,9,0.8541666666666666,PAMAP2_subject
logistic,fixed_k,32,23,iid,main,8,0.5356793743890518,PAMAP2_subject
logistic,fixed_k,32,23,iid,main,9,0.7916666666666666,PAMAP2_subject
logistic,conditional,512,47,iid,main,8,0.5351906158357771,PAMAP2_subject
logistic,conditional,512,47,iid,main,9,0.22916666666666666,PAMAP2_subject
logistic,fixed_k,512,97,iid,main,8,0.5224828934506354,PAMAP2_subject
logistic,fixed_k,512,97,iid,main,9,0.375,PAMAP2_subject
logistic,conditional,128,149,markov,channel_robustness,8,0.5703812316715543,PAMAP2_subject
logistic,conditional,128,149,markov,channel_robustness,9,0.25,PAMAP2_subject
logistic,fixed_k,128,97,iid,main,8,0.49071358748778104,PAMAP2_subject
logistic,fixed_k,128,97,iid,main,9,0.3125,PAMAP2_subject
mlp,fixed_k,128,137,iid,mlp_robustness,8,0.4550342130987292,PAMAP2_subject
mlp,fixed_k,128,137,iid,mlp_robustness,9,0.8333333333333334,PAMAP2_subject
logistic,mean_length,32,127,iid,main,8,0.501466275659824,PAMAP2_subject
logistic,mean_length,32,127,iid,main,9,0.1875,PAMAP2_subject
logistic,conditional,128,11,iid,main,8,0.4115347018572825,PAMAP2_subject
logistic,conditional,128,11,iid,main,9,0.25,PAMAP2_subject
logistic,client_ema,128,127,iid,main,8,0.5234604105571847,PAMAP2_subject
logistic,client_ema,128,127,iid,main,9,0.4166666666666667,PAMAP2_subject
logistic,naive,128,83,iid,main,8,0.5884652981427175,PAMAP2_subject
logistic,naive,128,83,iid,main,9,0.10416666666666667,PAMAP2_subject
logistic,mean_length,128,101,iid,main,8,0.5347018572825024,PAMAP2_subject
logistic,mean_length,128,101,iid,main,9,0.0,PAMAP2_subject
logistic,client_ema,512,47,iid,main,8,0.5342130987292277,PAMAP2_subject
logistic,client_ema,512,47,iid,main,9,0.20833333333333334,PAMAP2_subject
logistic,estimated_conditional,128,11,iid,main,8,0.4090909090909091,PAMAP2_subject
logistic,estimated_conditional,128,11,iid,main,9,0.1875,PAMAP2_subject
logistic,estimated_conditional,512,127,iid,main,8,0.4555229716520039,PAMAP2_subject
logistic,estimated_conditional,512,127,iid,main,9,0.4791666666666667,PAMAP2_subject
logistic,naive,32,11,iid,main,8,0.3064516129032258,PAMAP2_subject
logistic,naive,32,11,iid,main,9,0.3333333333333333,PAMAP2_subject
logistic,client_ema,512,83,iid,main,8,0.5161290322580645,PAMAP2_subject
logistic,client_ema,512,83,iid,main,9,0.125,PAMAP2_subject
logistic,client_ema,128,149,iid,main,8,0.5718475073313783,PAMAP2_subject
logistic,client_ema,128,149,iid,main,9,0.2708333333333333,PAMAP2_subject
logistic,fixed_k,512,101,iid,main,8,0.4887585532746823,PAMAP2_subject
logistic,fixed_k,512,101,iid,main,9,0.3333333333333333,PAMAP2_subject
logistic,client_ema,128,23,iid,main,8,0.5855327468230694,PAMAP2_subject
logistic,client_ema,128,23,iid,main,9,0.8125,PAMAP2_subject
logistic,fixed_k,512,127,iid,main,8,0.45943304007820135,PAMAP2_subject
logistic,fixed_k,512,127,iid,main,9,0.5,PAMAP2_subject
logistic,client_ema,512,23,iid,main,8,0.5009775171065494,PAMAP2_subject
logistic,client_ema,512,23,iid,main,9,0.8958333333333334,PAMAP2_subject
logistic,conditional,512,23,iid,main,8,0.5039100684261975,PAMAP2_subject
logistic,conditional,512,23,iid,main,9,0.8958333333333334,PAMAP2_subject
logistic,conditional,32,113,iid,main,8,0.510752688172043,PAMAP2_subject
logistic,conditional,32,113,iid,main,9,0.3541666666666667,PAMAP2_subject
logistic,estimated_conditional,128,127,iid,main,8,0.4442815249266862,PAMAP2_subject
logistic,estimated_conditional,128,127,iid,main,9,0.4375,PAMAP2_subject
mlp,conditional,128,127,iid,mlp_robustness,8,0.5288367546432062,PAMAP2_subject
mlp,conditional,128,127,iid,mlp_robustness,9,0.4583333333333333,PAMAP2_subject
logistic,conditional,128,59,iid,main,8,0.47214076246334313,PAMAP2_subject
logistic,conditional,128,59,iid,main,9,0.14583333333333334,PAMAP2_subject
logistic,client_ema,128,47,iid,main,8,0.532258064516129,PAMAP2_subject
logistic,client_ema,128,47,iid,main,9,0.08333333333333333,PAMAP2_subject
logistic,fixed_k,128,137,markov,channel_robustness,8,0.5855327468230694,PAMAP2_subject
logistic,fixed_k,128,137,markov,channel_robustness,9,0.22916666666666666,PAMAP2_subject
logistic,conditional,128,113,markov,channel_robustness,8,0.553763440860215,PAMAP2_subject
logistic,conditional,128,113,markov,channel_robustness,9,0.4583333333333333,PAMAP2_subject
logistic,conditional,512,67,iid,main,8,0.5190615835777126,PAMAP2_subject
logistic,conditional,512,67,iid,main,9,0.20833333333333334,PAMAP2_subject
logistic,estimated_conditional,128,67,iid,main,8,0.5982404692082112,PAMAP2_subject
logistic,estimated_conditional,128,67,iid,main,9,0.14583333333333334,PAMAP2_subject
logistic,fixed_k,512,23,iid,main,8,0.5063538611925709,PAMAP2_subject
logistic,fixed_k,512,23,iid,main,9,0.8958333333333334,PAMAP2_subject
logistic,mean_length,32,23,iid,main,8,0.5244379276637341,PAMAP2_subject
logistic,mean_length,32,23,iid,main,9,0.75,PAMAP2_subject
logistic,naive,32,23,iid,main,8,0.4530791788856305,PAMAP2_subject
logistic,naive,32,23,iid,main,9,0.6041666666666666,PAMAP2_subject
logistic,estimated_conditional,512,23,iid,main,8,0.5034213098729228,PAMAP2_subject
logistic,estimated_conditional,512,23,iid,main,9,0.875,PAMAP2_subject
logistic,client_ema,32,113,iid,main,8,0.5166177908113392,PAMAP2_subject
logistic,client_ema,32,113,iid,main,9,0.3333333333333333,PAMAP2_subject
logistic,fixed_k,128,83,markov,channel_robustness,8,0.603128054740958,PAMAP2_subject
logistic,fixed_k,128,83,markov,channel_robustness,9,0.14583333333333334,PAMAP2_subject
logistic,estimated_conditional,128,23,iid,main,8,0.5884652981427175,PAMAP2_subject
logistic,estimated_conditional,128,23,iid,main,9,0.7916666666666666,PAMAP2_subject
logistic,conditional,32,137,iid,main,8,0.5410557184750733,PAMAP2_subject
logistic,conditional,32,137,iid,main,9,0.20833333333333334,PAMAP2_subject
logistic,naive,128,113,iid,main,8,0.5342130987292277,PAMAP2_subject
logistic,naive,128,113,iid,main,9,0.3541666666666667,PAMAP2_subject
logistic,fixed_k,128,67,iid,main,8,0.5909090909090909,PAMAP2_subject
logistic,fixed_k,128,67,iid,main,9,0.1875,PAMAP2_subject
logistic,mean_length,512,137,iid,main,8,0.5987292277614858,PAMAP2_subject
logistic,mean_length,512,137,iid,main,9,0.25,PAMAP2_subject
logistic,conditional,128,83,markov,channel_robustness,8,0.6001955034213099,PAMAP2_subject
logistic,conditional,128,83,markov,channel_robustness,9,0.16666666666666666,PAMAP2_subject
logistic,mean_length,128,59,iid,main,8,0.4731182795698925,PAMAP2_subject
logistic,mean_length,128,59,iid,main,9,0.14583333333333334,PAMAP2_subject
logistic,naive,32,59,iid,main,8,0.47409579667644186,PAMAP2_subject
logistic,naive,32,59,iid,main,9,0.020833333333333332,PAMAP2_subject
logistic,estimated_conditional,512,59,iid,main,8,0.4975562072336266,PAMAP2_subject
logistic,estimated_conditional,512,59,iid,main,9,0.14583333333333334,PAMAP2_subject
logistic,naive,128,23,iid,main,8,0.5327468230694037,PAMAP2_subject
logistic,naive,128,23,iid,main,9,0.7083333333333334,PAMAP2_subject
logistic,estimated_conditional,512,97,iid,main,8,0.5166177908113392,PAMAP2_subject
logistic,estimated_conditional,512,97,iid,main,9,0.375,PAMAP2_subject
logistic,client_ema,32,149,iid,main,8,0.5400782013685239,PAMAP2_subject
logistic,client_ema,32,149,iid,main,9,0.22916666666666666,PAMAP2_subject
logistic,conditional,128,59,markov,channel_robustness,8,0.4789833822091887,PAMAP2_subject
logistic,conditional,128,59,markov,channel_robustness,9,0.16666666666666666,PAMAP2_subject
logistic,fixed_k,512,83,iid,main,8,0.5180840664711632,PAMAP2_subject
logistic,fixed_k,512,83,iid,main,9,0.125,PAMAP2_subject
logistic,conditional,512,127,iid,main,8,0.45992179863147603,PAMAP2_subject
logistic,conditional,512,127,iid,main,9,0.4791666666666667,PAMAP2_subject
mlp,fixed_k,128,113,iid,mlp_robustness,8,0.4633431085043988,PAMAP2_subject
mlp,fixed_k,128,113,iid,mlp_robustness,9,0.020833333333333332,PAMAP2_subject
logistic,conditional,32,59,iid,main,8,0.4418377321603128,PAMAP2_subject
logistic,conditional,32,59,iid,main,9,0.041666666666666664,PAMAP2_subject
logistic,fixed_k,32,137,iid,main,8,0.5239491691104594,PAMAP2_subject
logistic,fixed_k,32,137,iid,main,9,0.20833333333333334,PAMAP2_subject
logistic,fixed_k,32,127,iid,main,8,0.5136852394916911,PAMAP2_subject
logistic,fixed_k,32,127,iid,main,9,0.10416666666666667,PAMAP2_subject
logistic,naive,512,59,iid,main,8,0.5048875855327468,PAMAP2_subject
logistic,naive,512,59,iid,main,9,0.14583333333333334,PAMAP2_subject
logistic,fixed_k,128,149,markov,channel_robustness,8,0.5703812316715543,PAMAP2_subject
logistic,fixed_k,128,149,markov,channel_robustness,9,0.25,PAMAP2_subject
logistic,fixed_k,512,67,iid,main,8,0.5239491691104594,PAMAP2_subject
logistic,fixed_k,512,67,iid,main,9,0.20833333333333334,PAMAP2_subject
logistic,naive,512,11,iid,main,8,0.4227761485826002,PAMAP2_subject
logistic,naive,512,11,iid,main,9,0.2916666666666667,PAMAP2_subject
logistic,naive,32,67,iid,main,8,0.5239491691104594,PAMAP2_subject
logistic,naive,32,67,iid,main,9,0.10416666666666667,PAMAP2_subject
logistic,client_ema,32,127,iid,main,8,0.5053763440860215,PAMAP2_subject
logistic,client_ema,32,127,iid,main,9,0.25,PAMAP2_subject
logistic,client_ema,128,137,iid,main,8,0.5865102639296188,PAMAP2_subject
logistic,client_ema,128,137,iid,main,9,0.22916666666666666,PAMAP2_subject
logistic,client_ema,128,97,iid,main,8,0.49315738025415445,PAMAP2_subject
logistic,client_ema,128,97,iid,main,9,0.3333333333333333,PAMAP2_subject
logistic,mean_length,32,149,iid,main,8,0.5376344086021505,PAMAP2_subject
logistic,mean_length,32,149,iid,main,9,0.20833333333333334,PAMAP2_subject
logistic,naive,32,149,iid,main,8,0.5141739980449658,PAMAP2_subject
logistic,naive,32,149,iid,main,9,0.2708333333333333,PAMAP2_subject
logistic,estimated_conditional,128,83,iid,main,8,0.6075268817204301,PAMAP2_subject
logistic,estimated_conditional,128,83,iid,main,9,0.1875,PAMAP2_subject
logistic,conditional,512,97,iid,main,8,0.5205278592375366,PAMAP2_subject
logistic,conditional,512,97,iid,main,9,0.3958333333333333,PAMAP2_subject
logistic,estimated_conditional,32,137,iid,main,8,0.5342130987292277,PAMAP2_subject
logistic,estimated_conditional,32,137,iid,main,9,0.1875,PAMAP2_subject
logistic,fixed_k,32,59,iid,main,8,0.44037145650048876,PAMAP2_subject
logistic,fixed_k,32,59,iid,main,9,0.0625,PAMAP2_subject
logistic,naive,32,137,iid,main,8,0.4760508308895406,PAMAP2_subject
logistic,naive,32,137,iid,main,9,0.16666666666666666,PAMAP2_subject
logistic,mean_length,32,101,iid,main,8,0.5117302052785924,PAMAP2_subject
logistic,mean_length,32,101,iid,main,9,0.0,PAMAP2_subject
logistic,client_ema,128,83,iid,main,8,0.6065493646138808,PAMAP2_subject
logistic,client_ema,128,83,iid,main,9,0.16666666666666666,PAMAP2_subject
logistic,naive,128,97,iid,main,8,0.4472140762463343,PAMAP2_subject
logistic,naive,128,97,iid,main,9,0.375,PAMAP2_subject
logistic,conditional,512,59,iid,main,8,0.5175953079178885,PAMAP2_subject
logistic,conditional,512,59,iid,main,9,0.20833333333333334,PAMAP2_subject
logistic,estimated_conditional,32,113,iid,main,8,0.5175953079178885,PAMAP2_subject
logistic,estimated_conditional,32,113,iid,main,9,0.3333333333333333,PAMAP2_subject
logistic,mean_length,512,59,iid,main,8,0.5171065493646139,PAMAP2_subject
logistic,mean_length,512,59,iid,main,9,0.20833333333333334,PAMAP2_subject
logistic,client_ema,128,67,iid,main,8,0.5972629521016618,PAMAP2_subject
logistic,client_ema,128,67,iid,main,9,0.1875,PAMAP2_subject
logistic,naive,512,97,iid,main,8,0.48240469208211145,PAMAP2_subject
logistic,naive,512,97,iid,main,9,0.3333333333333333,PAMAP2_subject
logistic,conditional,128,23,iid,main,8,0.553763440860215,PAMAP2_subject
logistic,conditional,128,23,iid,main,9,0.8541666666666666,PAMAP2_subject
logistic,conditional,128,47,iid,main,8,0.532258064516129,PAMAP2_subject
logistic,conditional,128,47,iid,main,9,0.0625,PAMAP2_subject
logistic,fixed_k,128,47,iid,main,8,0.530791788856305,PAMAP2_subject
logistic,fixed_k,128,47,iid,main,9,0.10416666666666667,PAMAP2_subject
logistic,mean_length,128,149,iid,main,8,0.572336265884653,PAMAP2_subject
logistic,mean_length,128,149,iid,main,9,0.2708333333333333,PAMAP2_subject
logistic,conditional,128,127,iid,main,8,0.49364613880742914,PAMAP2_subject
logistic,conditional,128,127,iid,main,9,0.4166666666666667,PAMAP2_subject
logistic,estimated_conditional,32,149,iid,main,8,0.5317693059628543,PAMAP2_subject
logistic,estimated_conditional,32,149,iid,main,9,0.375,PAMAP2_subject
logistic,fixed_k,512,137,iid,main,8,0.6270772238514174,PAMAP2_subject
logistic,fixed_k,512,137,iid,main,9,0.25,PAMAP2_subject
logistic,client_ema,512,127,iid,main,8,0.46187683284457476,PAMAP2_subject
logistic,client_ema,512,127,iid,main,9,0.4791666666666667,PAMAP2_subject
logistic,fixed_k,128,137,iid,main,8,0.5762463343108505,PAMAP2_subject
logistic,fixed_k,128,137,iid,main,9,0.22916666666666666,PAMAP2_subject
logistic,estimated_conditional,32,11,iid,main,8,0.35386119257087,PAMAP2_subject
logistic,estimated_conditional,32,11,iid,main,9,0.25,PAMAP2_subject
logistic,client_ema,128,113,iid,main,8,0.5640273704789834,PAMAP2_subject
logistic,client_ema,128,113,iid,main,9,0.5,PAMAP2_subject
logistic,fixed_k,128,101,iid,main,8,0.5420332355816226,PAMAP2_subject
logistic,fixed_k,128,101,iid,main,9,0.0,PAMAP2_subject
logistic,conditional,512,113,iid,main,8,0.47458455522971654,PAMAP2_subject
logistic,conditional,512,113,iid,main,9,0.6041666666666666,PAMAP2_subject
