model,channel,k,seed,method,cost_metric,common_budget,observed_round,validation_accuracy,validation_worst_subject,study
logistic,iid,32,11,client_ema,uplink_bytes,2480064.0,575,0.8695255474452555,0.823960880195599,HAR_subject
logistic,iid,32,11,conditional,uplink_bytes,2480064.0,575,0.8686131386861314,0.8215158924205379,HAR_subject
logistic,iid,32,11,estimated_conditional,uplink_bytes,2480064.0,500,0.8658759124087592,0.8215158924205379,HAR_subject
logistic,iid,32,11,fixed_k,uplink_bytes,2480064.0,600,0.8713503649635036,0.8337408312958435,HAR_subject
logistic,iid,32,11,mean_length,uplink_bytes,2480064.0,575,0.8658759124087592,0.823960880195599,HAR_subject
logistic,iid,32,11,naive,uplink_bytes,2480064.0,575,0.8576642335766423,0.8092909535452323,HAR_subject
logistic,iid,32,23,client_ema,uplink_bytes,2480064.0,575,0.8667883211678832,0.8215158924205379,HAR_subject
logistic,iid,32,23,conditional,uplink_bytes,2480064.0,575,0.8631386861313869,0.8190709046454768,HAR_subject
logistic,iid,32,23,estimated_conditional,uplink_bytes,2480064.0,500,0.864963503649635,0.8141809290953546,HAR_subject
logistic,iid,32,23,fixed_k,uplink_bytes,2480064.0,600,0.8594890510948905,0.8215158924205379,HAR_subject
logistic,iid,32,23,mean_length,uplink_bytes,2480064.0,575,0.8585766423357665,0.8141809290953546,HAR_subject
logistic,iid,32,23,naive,uplink_bytes,2480064.0,575,0.8540145985401459,0.7946210268948656,HAR_subject
logistic,iid,32,47,client_ema,uplink_bytes,2480064.0,575,0.8485401459854015,0.7897310513447433,HAR_subject
logistic,iid,32,47,conditional,uplink_bytes,2480064.0,575,0.8448905109489051,0.784841075794621,HAR_subject
logistic,iid,32,47,estimated_conditional,uplink_bytes,2480064.0,500,0.8421532846715328,0.7750611246943765,HAR_subject
logistic,iid,32,47,fixed_k,uplink_bytes,2480064.0,600,0.8476277372262774,0.78239608801956,HAR_subject
logistic,iid,32,47,mean_length,uplink_bytes,2480064.0,575,0.8494525547445255,0.7872860635696821,HAR_subject
logistic,iid,32,47,naive,uplink_bytes,2480064.0,575,0.8284671532846716,0.7628361858190709,HAR_subject
logistic,iid,32,59,client_ema,uplink_bytes,2480064.0,575,0.8485401459854015,0.8092909535452323,HAR_subject
logistic,iid,32,59,conditional,uplink_bytes,2480064.0,575,0.8494525547445255,0.80440097799511,HAR_subject
logistic,iid,32,59,estimated_conditional,uplink_bytes,2480064.0,500,0.843978102189781,0.80440097799511,HAR_subject
logistic,iid,32,59,fixed_k,uplink_bytes,2480064.0,600,0.8403284671532847,0.7970660146699267,HAR_subject
logistic,iid,32,59,mean_length,uplink_bytes,2480064.0,575,0.8467153284671532,0.8068459657701712,HAR_subject
logistic,iid,32,59,naive,uplink_bytes,2480064.0,575,0.8257299270072993,0.7897310513447433,HAR_subject
logistic,iid,32,67,client_ema,uplink_bytes,2480064.0,575,0.8695255474452555,0.8190709046454768,HAR_subject
logistic,iid,32,67,conditional,uplink_bytes,2480064.0,575,0.8722627737226277,0.8190709046454768,HAR_subject
logistic,iid,32,67,estimated_conditional,uplink_bytes,2480064.0,500,0.8622262773722628,0.7946210268948656,HAR_subject
logistic,iid,32,67,fixed_k,uplink_bytes,2480064.0,600,0.8768248175182481,0.8264058679706602,HAR_subject
logistic,iid,32,67,mean_length,uplink_bytes,2480064.0,575,0.8704379562043796,0.8117359413202934,HAR_subject
logistic,iid,32,67,naive,uplink_bytes,2480064.0,575,0.8558394160583942,0.7872860635696821,HAR_subject
logistic,iid,32,83,client_ema,uplink_bytes,2480064.0,575,0.8622262773722628,0.7995110024449877,HAR_subject
logistic,iid,32,83,conditional,uplink_bytes,2480064.0,575,0.864963503649635,0.7970660146699267,HAR_subject
logistic,iid,32,83,estimated_conditional,uplink_bytes,2480064.0,500,0.8686131386861314,0.8068459657701712,HAR_subject
logistic,iid,32,83,fixed_k,uplink_bytes,2480064.0,600,0.8658759124087592,0.8092909535452323,HAR_subject
logistic,iid,32,83,mean_length,uplink_bytes,2480064.0,575,0.8613138686131386,0.7970660146699267,HAR_subject
logistic,iid,32,83,naive,uplink_bytes,2480064.0,575,0.8512773722627737,0.7872860635696821,HAR_subject
logistic,iid,32,97,client_ema,uplink_bytes,2480064.0,575,0.8713503649635036,0.8117359413202934,HAR_subject
logistic,iid,32,97,conditional,uplink_bytes,2480064.0,575,0.8667883211678832,0.80440097799511,HAR_subject
logistic,iid,32,97,estimated_conditional,uplink_bytes,2480064.0,500,0.8677007299270073,0.8068459657701712,HAR_subject
logistic,iid,32,97,fixed_k,uplink_bytes,2480064.0,600,0.8658759124087592,0.8019559902200489,HAR_subject
logistic,iid,32,97,mean_length,uplink_bytes,2480064.0,575,0.8658759124087592,0.8068459657701712,HAR_subject
logistic,iid,32,97,naive,uplink_bytes,2480064.0,575,0.8558394160583942,0.7750611246943765,HAR_subject
logistic,iid,32,101,client_ema,uplink_bytes,2475384.0,600,0.8549270072992701,0.7946210268948656,HAR_subject
logistic,iid,32,101,conditional,uplink_bytes,2475384.0,575,0.8521897810218978,0.7970660146699267,HAR_subject
logistic,iid,32,101,estimated_conditional,uplink_bytes,2475384.0,500,0.8494525547445255,0.7775061124694377,HAR_subject
logistic,iid,32,101,fixed_k,uplink_bytes,2475384.0,575,0.8521897810218978,0.7799511002444988,HAR_subject
logistic,iid,32,101,mean_length,uplink_bytes,2475384.0,575,0.8521897810218978,0.7897310513447433,HAR_subject
logistic,iid,32,101,naive,uplink_bytes,2475384.0,575,0.822992700729927,0.7530562347188264,HAR_subject
logistic,iid,32,113,client_ema,uplink_bytes,2480064.0,575,0.8640510948905109,0.8190709046454768,HAR_subject
logistic,iid,32,113,conditional,uplink_bytes,2480064.0,575,0.8613138686131386,0.8068459657701712,HAR_subject
logistic,iid,32,113,estimated_conditional,uplink_bytes,2480064.0,500,0.8531021897810219,0.7970660146699267,HAR_subject
logistic,iid,32,113,fixed_k,uplink_bytes,2480064.0,600,0.8640510948905109,0.8190709046454768,HAR_subject
logistic,iid,32,113,mean_length,uplink_bytes,2480064.0,575,0.8631386861313869,0.8092909535452323,HAR_subject
logistic,iid,32,113,naive,uplink_bytes,2480064.0,575,0.8448905109489051,0.7897310513447433,HAR_subject
logistic,iid,32,127,client_ema,uplink_bytes,2471896.0,575,0.8695255474452555,0.8092909535452323,HAR_subject
logistic,iid,32,127,conditional,uplink_bytes,2471896.0,575,0.8658759124087592,0.8092909535452323,HAR_subject
logistic,iid,32,127,estimated_conditional,uplink_bytes,2471896.0,500,0.8640510948905109,0.80440097799511,HAR_subject
logistic,iid,32,127,fixed_k,uplink_bytes,2471896.0,575,0.8640510948905109,0.8019559902200489,HAR_subject
logistic,iid,32,127,mean_length,uplink_bytes,2471896.0,575,0.8667883211678832,0.80440097799511,HAR_subject
logistic,iid,32,127,naive,uplink_bytes,2471896.0,600,0.8485401459854015,0.7897310513447433,HAR_subject
logistic,iid,32,137,client_ema,uplink_bytes,2478128.0,600,0.8521897810218978,0.7799511002444988,HAR_subject
logistic,iid,32,137,conditional,uplink_bytes,2478128.0,575,0.843065693430657,0.7775061124694377,HAR_subject
logistic,iid,32,137,estimated_conditional,uplink_bytes,2478128.0,500,0.8485401459854015,0.7775061124694377,HAR_subject
logistic,iid,32,137,fixed_k,uplink_bytes,2478128.0,575,0.8403284671532847,0.7677261613691931,HAR_subject
logistic,iid,32,137,mean_length,uplink_bytes,2478128.0,575,0.8421532846715328,0.7750611246943765,HAR_subject
logistic,iid,32,137,naive,uplink_bytes,2478128.0,575,0.8302919708029197,0.7506112469437652,HAR_subject
logistic,iid,32,149,client_ema,uplink_bytes,2477880.0,600,0.8521897810218978,0.8117359413202934,HAR_subject
logistic,iid,32,149,conditional,uplink_bytes,2477880.0,575,0.8448905109489051,0.80440097799511,HAR_subject
logistic,iid,32,149,estimated_conditional,uplink_bytes,2477880.0,500,0.8458029197080292,0.8092909535452323,HAR_subject
logistic,iid,32,149,fixed_k,uplink_bytes,2477880.0,575,0.8494525547445255,0.8068459657701712,HAR_subject
logistic,iid,32,149,mean_length,uplink_bytes,2477880.0,575,0.8458029197080292,0.8068459657701712,HAR_subject
logistic,iid,32,149,naive,uplink_bytes,2477880.0,575,0.8375912408759124,0.7775061124694377,HAR_subject
logistic,iid,128,11,client_ema,uplink_bytes,7085456.0,600,0.8841240875912408,0.8459657701711492,HAR_subject
logistic,iid,128,11,conditional,uplink_bytes,7085456.0,575,0.8804744525547445,0.843520782396088,HAR_subject
logistic,iid,128,11,estimated_conditional,uplink_bytes,7085456.0,500,0.8777372262773723,0.8410757946210269,HAR_subject
logistic,iid,128,11,fixed_k,uplink_bytes,7085456.0,575,0.8804744525547445,0.8459657701711492,HAR_subject
logistic,iid,128,11,mean_length,uplink_bytes,7085456.0,575,0.8795620437956204,0.843520782396088,HAR_subject
logistic,iid,128,11,naive,uplink_bytes,7085456.0,575,0.875,0.8288508557457213,HAR_subject
logistic,iid,128,23,client_ema,uplink_bytes,7087976.0,600,0.885036496350365,0.8410757946210269,HAR_subject
logistic,iid,128,23,conditional,uplink_bytes,7087976.0,575,0.8804744525547445,0.843520782396088,HAR_subject
logistic,iid,128,23,estimated_conditional,uplink_bytes,7087976.0,500,0.8813868613138686,0.8361858190709046,HAR_subject
logistic,iid,128,23,fixed_k,uplink_bytes,7087976.0,575,0.8795620437956204,0.8410757946210269,HAR_subject
logistic,iid,128,23,mean_length,uplink_bytes,7087976.0,575,0.8795620437956204,0.843520782396088,HAR_subject
logistic,iid,128,23,naive,uplink_bytes,7087976.0,575,0.875,0.8264058679706602,HAR_subject
logistic,iid,128,47,client_ema,uplink_bytes,7088064.0,575,0.8658759124087592,0.823960880195599,HAR_subject
logistic,iid,128,47,conditional,uplink_bytes,7088064.0,575,0.8667883211678832,0.823960880195599,HAR_subject
logistic,iid,128,47,estimated_conditional,uplink_bytes,7088064.0,500,0.8658759124087592,0.8190709046454768,HAR_subject
logistic,iid,128,47,fixed_k,uplink_bytes,7088064.0,600,0.8631386861313869,0.8215158924205379,HAR_subject
logistic,iid,128,47,mean_length,uplink_bytes,7088064.0,575,0.8658759124087592,0.823960880195599,HAR_subject
logistic,iid,128,47,naive,uplink_bytes,7088064.0,575,0.8476277372262774,0.784841075794621,HAR_subject
logistic,iid,128,59,client_ema,uplink_bytes,7088064.0,575,0.8695255474452555,0.8288508557457213,HAR_subject
logistic,iid,128,59,conditional,uplink_bytes,7088064.0,575,0.8686131386861314,0.8361858190709046,HAR_subject
logistic,iid,128,59,estimated_conditional,uplink_bytes,7088064.0,500,0.8686131386861314,0.8264058679706602,HAR_subject
logistic,iid,128,59,fixed_k,uplink_bytes,7088064.0,600,0.8631386861313869,0.8264058679706602,HAR_subject
logistic,iid,128,59,mean_length,uplink_bytes,7088064.0,575,0.8677007299270073,0.8361858190709046,HAR_subject
logistic,iid,128,59,naive,uplink_bytes,7088064.0,575,0.8558394160583942,0.8190709046454768,HAR_subject
logistic,iid,128,67,client_ema,uplink_bytes,7088064.0,575,0.8786496350364964,0.8312958435207825,HAR_subject
logistic,iid,128,67,conditional,uplink_bytes,7088064.0,575,0.8804744525547445,0.8288508557457213,HAR_subject
logistic,iid,128,67,estimated_conditional,uplink_bytes,7088064.0,500,0.8822992700729927,0.8288508557457213,HAR_subject
logistic,iid,128,67,fixed_k,uplink_bytes,7088064.0,600,0.8777372262773723,0.8312958435207825,HAR_subject
logistic,iid,128,67,mean_length,uplink_bytes,7088064.0,575,0.8804744525547445,0.8288508557457213,HAR_subject
logistic,iid,128,67,naive,uplink_bytes,7088064.0,575,0.8841240875912408,0.8312958435207825,HAR_subject
logistic,iid,128,83,client_ema,uplink_bytes,7088064.0,575,0.8768248175182481,0.8337408312958435,HAR_subject
logistic,iid,128,83,conditional,uplink_bytes,7088064.0,575,0.8768248175182481,0.8337408312958435,HAR_subject
logistic,iid,128,83,estimated_conditional,uplink_bytes,7088064.0,500,0.8759124087591241,0.8312958435207825,HAR_subject
logistic,iid,128,83,fixed_k,uplink_bytes,7088064.0,600,0.8759124087591241,0.8312958435207825,HAR_subject
logistic,iid,128,83,mean_length,uplink_bytes,7088064.0,575,0.8777372262773723,0.8337408312958435,HAR_subject
logistic,iid,128,83,naive,uplink_bytes,7088064.0,575,0.8722627737226277,0.823960880195599,HAR_subject
logistic,iid,128,97,client_ema,uplink_bytes,7088064.0,575,0.8859489051094891,0.8312958435207825,HAR_subject
logistic,iid,128,97,conditional,uplink_bytes,7088064.0,575,0.885036496350365,0.8312958435207825,HAR_subject
logistic,iid,128,97,estimated_conditional,uplink_bytes,7088064.0,500,0.8822992700729927,0.8312958435207825,HAR_subject
logistic,iid,128,97,fixed_k,uplink_bytes,7088064.0,600,0.8813868613138686,0.8264058679706602,HAR_subject
logistic,iid,128,97,mean_length,uplink_bytes,7088064.0,575,0.8868613138686131,0.8337408312958435,HAR_subject
logistic,iid,128,97,naive,uplink_bytes,7088064.0,575,0.8804744525547445,0.8092909535452323,HAR_subject
logistic,iid,128,101,client_ema,uplink_bytes,7088064.0,575,0.8813868613138686,0.8337408312958435,HAR_subject
logistic,iid,128,101,conditional,uplink_bytes,7088064.0,575,0.8795620437956204,0.8361858190709046,HAR_subject
logistic,iid,128,101,estimated_conditional,uplink_bytes,7088064.0,500,0.8768248175182481,0.8312958435207825,HAR_subject
logistic,iid,128,101,fixed_k,uplink_bytes,7088064.0,600,0.8786496350364964,0.8410757946210269,HAR_subject
logistic,iid,128,101,mean_length,uplink_bytes,7088064.0,575,0.8804744525547445,0.8337408312958435,HAR_subject
logistic,iid,128,101,naive,uplink_bytes,7088064.0,575,0.8622262773722628,0.8141809290953546,HAR_subject
logistic,iid,128,113,client_ema,uplink_bytes,7088064.0,575,0.8759124087591241,0.8361858190709046,HAR_subject
logistic,iid,128,113,conditional,uplink_bytes,7088064.0,575,0.8759124087591241,0.8361858190709046,HAR_subject
logistic,iid,128,113,estimated_conditional,uplink_bytes,7088064.0,500,0.8695255474452555,0.8312958435207825,HAR_subject
logistic,iid,128,113,fixed_k,uplink_bytes,7088064.0,600,0.8740875912408759,0.843520782396088,HAR_subject
logistic,iid,128,113,mean_length,uplink_bytes,7088064.0,575,0.8759124087591241,0.8361858190709046,HAR_subject
logistic,iid,128,113,naive,uplink_bytes,7088064.0,575,0.8640510948905109,0.8166259168704156,HAR_subject
logistic,iid,128,127,client_ema,uplink_bytes,7080368.0,575,0.8822992700729927,0.8459657701711492,HAR_subject
logistic,iid,128,127,conditional,uplink_bytes,7080368.0,575,0.885036496350365,0.843520782396088,HAR_subject
logistic,iid,128,127,estimated_conditional,uplink_bytes,7080368.0,500,0.8722627737226277,0.8312958435207825,HAR_subject
logistic,iid,128,127,fixed_k,uplink_bytes,7080368.0,575,0.8804744525547445,0.8386308068459658,HAR_subject
logistic,iid,128,127,mean_length,uplink_bytes,7080368.0,575,0.8841240875912408,0.8459657701711492,HAR_subject
logistic,iid,128,127,naive,uplink_bytes,7080368.0,600,0.8740875912408759,0.8166259168704156,HAR_subject
logistic,iid,128,137,client_ema,uplink_bytes,7088064.0,575,0.8594890510948905,0.8166259168704156,HAR_subject
logistic,iid,128,137,conditional,uplink_bytes,7088064.0,575,0.8604014598540146,0.8141809290953546,HAR_subject
logistic,iid,128,137,estimated_conditional,uplink_bytes,7088064.0,500,0.8622262773722628,0.8092909535452323,HAR_subject
logistic,iid,128,137,fixed_k,uplink_bytes,7088064.0,600,0.8631386861313869,0.8068459657701712,HAR_subject
logistic,iid,128,137,mean_length,uplink_bytes,7088064.0,575,0.8585766423357665,0.8141809290953546,HAR_subject
logistic,iid,128,137,naive,uplink_bytes,7088064.0,575,0.8494525547445255,0.7799511002444988,HAR_subject
logistic,iid,128,149,client_ema,uplink_bytes,7088064.0,575,0.8695255474452555,0.823960880195599,HAR_subject
logistic,iid,128,149,conditional,uplink_bytes,7088064.0,575,0.8686131386861314,0.8215158924205379,HAR_subject
logistic,iid,128,149,estimated_conditional,uplink_bytes,7088064.0,500,0.8667883211678832,0.8312958435207825,HAR_subject
logistic,iid,128,149,fixed_k,uplink_bytes,7088064.0,600,0.8722627737226277,0.8312958435207825,HAR_subject
logistic,iid,128,149,mean_length,uplink_bytes,7088064.0,575,0.8677007299270073,0.823960880195599,HAR_subject
logistic,iid,128,149,naive,uplink_bytes,7088064.0,575,0.8494525547445255,0.8019559902200489,HAR_subject
logistic,iid,512,11,client_ema,uplink_bytes,26528064.0,575,0.8877737226277372,0.8606356968215159,HAR_subject
logistic,iid,512,11,conditional,uplink_bytes,26528064.0,575,0.8895985401459854,0.8655256723716381,HAR_subject
logistic,iid,512,11,estimated_conditional,uplink_bytes,26528064.0,500,0.8914233576642335,0.863080684596577,HAR_subject
logistic,iid,512,11,fixed_k,uplink_bytes,26528064.0,600,0.8868613138686131,0.8533007334963325,HAR_subject
logistic,iid,512,11,mean_length,uplink_bytes,26528064.0,575,0.8895985401459854,0.8655256723716381,HAR_subject
logistic,iid,512,11,naive,uplink_bytes,26528064.0,575,0.8832116788321168,0.8459657701711492,HAR_subject
logistic,iid,512,23,client_ema,uplink_bytes,26528064.0,575,0.8859489051094891,0.8508557457212714,HAR_subject
logistic,iid,512,23,conditional,uplink_bytes,26528064.0,575,0.8868613138686131,0.8533007334963325,HAR_subject
logistic,iid,512,23,estimated_conditional,uplink_bytes,26528064.0,500,0.885036496350365,0.8508557457212714,HAR_subject
logistic,iid,512,23,fixed_k,uplink_bytes,26528064.0,600,0.8841240875912408,0.8508557457212714,HAR_subject
logistic,iid,512,23,mean_length,uplink_bytes,26528064.0,575,0.8868613138686131,0.8533007334963325,HAR_subject
logistic,iid,512,23,naive,uplink_bytes,26528064.0,575,0.885036496350365,0.843520782396088,HAR_subject
logistic,iid,512,47,client_ema,uplink_bytes,26528032.0,575,0.8804744525547445,0.8533007334963325,HAR_subject
logistic,iid,512,47,conditional,uplink_bytes,26528032.0,575,0.8768248175182481,0.8484107579462102,HAR_subject
logistic,iid,512,47,estimated_conditional,uplink_bytes,26528032.0,500,0.8759124087591241,0.8497267759562842,HAR_subject
logistic,iid,512,47,fixed_k,uplink_bytes,26528032.0,575,0.8795620437956204,0.8533007334963325,HAR_subject
logistic,iid,512,47,mean_length,uplink_bytes,26528032.0,575,0.8768248175182481,0.8484107579462102,HAR_subject
logistic,iid,512,47,naive,uplink_bytes,26528032.0,600,0.864963503649635,0.8312958435207825,HAR_subject
logistic,iid,512,59,client_ema,uplink_bytes,26528064.0,575,0.8786496350364964,0.8533007334963325,HAR_subject
logistic,iid,512,59,conditional,uplink_bytes,26528064.0,575,0.8786496350364964,0.8557457212713936,HAR_subject
logistic,iid,512,59,estimated_conditional,uplink_bytes,26528064.0,500,0.8795620437956204,0.8533007334963325,HAR_subject
logistic,iid,512,59,fixed_k,uplink_bytes,26528064.0,600,0.8786496350364964,0.8508557457212714,HAR_subject
logistic,iid,512,59,mean_length,uplink_bytes,26528064.0,575,0.8795620437956204,0.8557457212713936,HAR_subject
logistic,iid,512,59,naive,uplink_bytes,26528064.0,575,0.8667883211678832,0.8386308068459658,HAR_subject
logistic,iid,512,67,client_ema,uplink_bytes,26528064.0,575,0.885036496350365,0.843520782396088,HAR_subject
logistic,iid,512,67,conditional,uplink_bytes,26528064.0,575,0.8877737226277372,0.8459657701711492,HAR_subject
logistic,iid,512,67,estimated_conditional,uplink_bytes,26528064.0,500,0.8877737226277372,0.8459657701711492,HAR_subject
logistic,iid,512,67,fixed_k,uplink_bytes,26528064.0,600,0.8886861313868614,0.843520782396088,HAR_subject
logistic,iid,512,67,mean_length,uplink_bytes,26528064.0,575,0.8886861313868614,0.8459657701711492,HAR_subject
logistic,iid,512,67,naive,uplink_bytes,26528064.0,575,0.885036496350365,0.8386308068459658,HAR_subject
logistic,iid,512,83,client_ema,uplink_bytes,26527592.0,575,0.8877737226277372,0.843520782396088,HAR_subject
logistic,iid,512,83,conditional,uplink_bytes,26527592.0,575,0.8859489051094891,0.843520782396088,HAR_subject
logistic,iid,512,83,estimated_conditional,uplink_bytes,26527592.0,500,0.8914233576642335,0.8581907090464548,HAR_subject
logistic,iid,512,83,fixed_k,uplink_bytes,26527592.0,575,0.8877737226277372,0.8508557457212714,HAR_subject
logistic,iid,512,83,mean_length,uplink_bytes,26527592.0,575,0.8859489051094891,0.843520782396088,HAR_subject
logistic,iid,512,83,naive,uplink_bytes,26527592.0,600,0.8777372262773723,0.8361858190709046,HAR_subject
logistic,iid,512,97,client_ema,uplink_bytes,26528064.0,575,0.8868613138686131,0.8484107579462102,HAR_subject
logistic,iid,512,97,conditional,uplink_bytes,26528064.0,575,0.8877737226277372,0.8484107579462102,HAR_subject
logistic,iid,512,97,estimated_conditional,uplink_bytes,26528064.0,500,0.8832116788321168,0.8386308068459658,HAR_subject
logistic,iid,512,97,fixed_k,uplink_bytes,26528064.0,600,0.8859489051094891,0.8459657701711492,HAR_subject
logistic,iid,512,97,mean_length,uplink_bytes,26528064.0,575,0.8868613138686131,0.8484107579462102,HAR_subject
logistic,iid,512,97,naive,uplink_bytes,26528064.0,575,0.8859489051094891,0.8312958435207825,HAR_subject
logistic,iid,512,101,client_ema,uplink_bytes,26528064.0,575,0.8877737226277372,0.8557457212713936,HAR_subject
logistic,iid,512,101,conditional,uplink_bytes,26528064.0,575,0.8859489051094891,0.8533007334963325,HAR_subject
logistic,iid,512,101,estimated_conditional,uplink_bytes,26528064.0,500,0.8868613138686131,0.8508557457212714,HAR_subject
logistic,iid,512,101,fixed_k,uplink_bytes,26528064.0,600,0.8859489051094891,0.8533007334963325,HAR_subject
logistic,iid,512,101,mean_length,uplink_bytes,26528064.0,575,0.8877737226277372,0.8581907090464548,HAR_subject
logistic,iid,512,101,naive,uplink_bytes,26528064.0,575,0.8832116788321168,0.8386308068459658,HAR_subject
logistic,iid,512,113,client_ema,uplink_bytes,26528064.0,575,0.8841240875912408,0.8508557457212714,HAR_subject
logistic,iid,512,113,conditional,uplink_bytes,26528064.0,575,0.885036496350365,0.8508557457212714,HAR_subject
logistic,iid,512,113,estimated_conditional,uplink_bytes,26528064.0,500,0.8822992700729927,0.8484107579462102,HAR_subject
logistic,iid,512,113,fixed_k,uplink_bytes,26528064.0,600,0.8886861313868614,0.8581907090464548,HAR_subject
logistic,iid,512,113,mean_length,uplink_bytes,26528064.0,575,0.8841240875912408,0.8508557457212714,HAR_subject
logistic,iid,512,113,naive,uplink_bytes,26528064.0,575,0.8795620437956204,0.843520782396088,HAR_subject
logistic,iid,512,127,client_ema,uplink_bytes,26522128.0,575,0.8859489051094891,0.8533007334963325,HAR_subject
logistic,iid,512,127,conditional,uplink_bytes,26522128.0,600,0.8832116788321168,0.855191256830601,HAR_subject
logistic,iid,512,127,estimated_conditional,uplink_bytes,26522128.0,500,0.8841240875912408,0.8557457212713936,HAR_subject
logistic,iid,512,127,fixed_k,uplink_bytes,26522128.0,575,0.8841240875912408,0.8557457212713936,HAR_subject
logistic,iid,512,127,mean_length,uplink_bytes,26522128.0,575,0.8877737226277372,0.8557457212713936,HAR_subject
logistic,iid,512,127,naive,uplink_bytes,26522128.0,575,0.8841240875912408,0.8484107579462102,HAR_subject
logistic,iid,512,137,client_ema,uplink_bytes,26528064.0,575,0.8759124087591241,0.8386308068459658,HAR_subject
logistic,iid,512,137,conditional,uplink_bytes,26528064.0,575,0.8740875912408759,0.8386308068459658,HAR_subject
logistic,iid,512,137,estimated_conditional,uplink_bytes,26528064.0,500,0.8759124087591241,0.8337408312958435,HAR_subject
logistic,iid,512,137,fixed_k,uplink_bytes,26528064.0,600,0.8731751824817519,0.8361858190709046,HAR_subject
logistic,iid,512,137,mean_length,uplink_bytes,26528064.0,575,0.8731751824817519,0.8361858190709046,HAR_subject
logistic,iid,512,137,naive,uplink_bytes,26528064.0,575,0.8640510948905109,0.8166259168704156,HAR_subject
logistic,iid,512,149,client_ema,uplink_bytes,26513168.0,575,0.8759124087591241,0.8484107579462102,HAR_subject
logistic,iid,512,149,conditional,uplink_bytes,26513168.0,575,0.8786496350364964,0.8508557457212714,HAR_subject
logistic,iid,512,149,estimated_conditional,uplink_bytes,26513168.0,500,0.8841240875912408,0.8508557457212714,HAR_subject
logistic,iid,512,149,fixed_k,uplink_bytes,26513168.0,575,0.8832116788321168,0.8508557457212714,HAR_subject
logistic,iid,512,149,mean_length,uplink_bytes,26513168.0,600,0.8813868613138686,0.8484107579462102,HAR_subject
logistic,iid,512,149,naive,uplink_bytes,26513168.0,575,0.8713503649635036,0.8264058679706602,HAR_subject
logistic,iid,32,11,client_ema,total_wire_bytes,10990392.0,575,0.8695255474452555,0.823960880195599,HAR_subject
logistic,iid,32,11,conditional,total_wire_bytes,10990392.0,575,0.8686131386861314,0.8215158924205379,HAR_subject
logistic,iid,32,11,estimated_conditional,total_wire_bytes,10990392.0,575,0.8695255474452555,0.8215158924205379,HAR_subject
logistic,iid,32,11,fixed_k,total_wire_bytes,10990392.0,600,0.8713503649635036,0.8337408312958435,HAR_subject
logistic,iid,32,11,mean_length,total_wire_bytes,10990392.0,575,0.8658759124087592,0.823960880195599,HAR_subject
logistic,iid,32,11,naive,total_wire_bytes,10990392.0,575,0.8576642335766423,0.8092909535452323,HAR_subject
logistic,iid,32,23,client_ema,total_wire_bytes,10990392.0,575,0.8667883211678832,0.8215158924205379,HAR_subject
logistic,iid,32,23,conditional,total_wire_bytes,10990392.0,575,0.8631386861313869,0.8190709046454768,HAR_subject
logistic,iid,32,23,estimated_conditional,total_wire_bytes,10990392.0,575,0.8631386861313869,0.823960880195599,HAR_subject
logistic,iid,32,23,fixed_k,total_wire_bytes,10990392.0,600,0.8594890510948905,0.8215158924205379,HAR_subject
logistic,iid,32,23,mean_length,total_wire_bytes,10990392.0,575,0.8585766423357665,0.8141809290953546,HAR_subject
logistic,iid,32,23,naive,total_wire_bytes,10990392.0,575,0.8540145985401459,0.7946210268948656,HAR_subject
logistic,iid,32,47,client_ema,total_wire_bytes,10990392.0,575,0.8485401459854015,0.7897310513447433,HAR_subject
logistic,iid,32,47,conditional,total_wire_bytes,10990392.0,575,0.8448905109489051,0.784841075794621,HAR_subject
logistic,iid,32,47,estimated_conditional,total_wire_bytes,10990392.0,575,0.8503649635036497,0.784841075794621,HAR_subject
logistic,iid,32,47,fixed_k,total_wire_bytes,10990392.0,600,0.8476277372262774,0.78239608801956,HAR_subject
logistic,iid,32,47,mean_length,total_wire_bytes,10990392.0,575,0.8494525547445255,0.7872860635696821,HAR_subject
logistic,iid,32,47,naive,total_wire_bytes,10990392.0,575,0.8284671532846716,0.7628361858190709,HAR_subject
logistic,iid,32,59,client_ema,total_wire_bytes,10990392.0,575,0.8485401459854015,0.8092909535452323,HAR_subject
logistic,iid,32,59,conditional,total_wire_bytes,10990392.0,575,0.8494525547445255,0.80440097799511,HAR_subject
logistic,iid,32,59,estimated_conditional,total_wire_bytes,10990392.0,575,0.8503649635036497,0.8117359413202934,HAR_subject
logistic,iid,32,59,fixed_k,total_wire_bytes,10990392.0,600,0.8403284671532847,0.7970660146699267,HAR_subject
logistic,iid,32,59,mean_length,total_wire_bytes,10990392.0,575,0.8467153284671532,0.8068459657701712,HAR_subject
logistic,iid,32,59,naive,total_wire_bytes,10990392.0,575,0.8257299270072993,0.7897310513447433,HAR_subject
logistic,iid,32,67,client_ema,total_wire_bytes,10990392.0,575,0.8695255474452555,0.8190709046454768,HAR_subject
logistic,iid,32,67,conditional,total_wire_bytes,10990392.0,575,0.8722627737226277,0.8190709046454768,HAR_subject
logistic,iid,32,67,estimated_conditional,total_wire_bytes,10990392.0,575,0.8667883211678832,0.80440097799511,HAR_subject
logistic,iid,32,67,fixed_k,total_wire_bytes,10990392.0,600,0.8768248175182481,0.8264058679706602,HAR_subject
logistic,iid,32,67,mean_length,total_wire_bytes,10990392.0,575,0.8704379562043796,0.8117359413202934,HAR_subject
logistic,iid,32,67,naive,total_wire_bytes,10990392.0,575,0.8558394160583942,0.7872860635696821,HAR_subject
logistic,iid,32,83,client_ema,total_wire_bytes,10990392.0,575,0.8622262773722628,0.7995110024449877,HAR_subject
logistic,iid,32,83,conditional,total_wire_bytes,10990392.0,575,0.864963503649635,0.7970660146699267,HAR_subject
logistic,iid,32,83,estimated_conditional,total_wire_bytes,10990392.0,575,0.864963503649635,0.7970660146699267,HAR_subject
logistic,iid,32,83,fixed_k,total_wire_bytes,10990392.0,600,0.8658759124087592,0.8092909535452323,HAR_subject
logistic,iid,32,83,mean_length,total_wire_bytes,10990392.0,575,0.8613138686131386,0.7970660146699267,HAR_subject
logistic,iid,32,83,naive,total_wire_bytes,10990392.0,575,0.8512773722627737,0.7872860635696821,HAR_subject
logistic,iid,32,97,client_ema,total_wire_bytes,10990392.0,575,0.8713503649635036,0.8117359413202934,HAR_subject
logistic,iid,32,97,conditional,total_wire_bytes,10990392.0,575,0.8667883211678832,0.80440097799511,HAR_subject
logistic,iid,32,97,estimated_conditional,total_wire_bytes,10990392.0,575,0.8686131386861314,0.8092909535452323,HAR_subject
logistic,iid,32,97,fixed_k,total_wire_bytes,10990392.0,600,0.8658759124087592,0.8019559902200489,HAR_subject
logistic,iid,32,97,mean_length,total_wire_bytes,10990392.0,575,0.8658759124087592,0.8068459657701712,HAR_subject
logistic,iid,32,97,naive,total_wire_bytes,10990392.0,575,0.8558394160583942,0.7750611246943765,HAR_subject
logistic,iid,32,101,client_ema,total_wire_bytes,10985712.0,600,0.8549270072992701,0.7946210268948656,HAR_subject
logistic,iid,32,101,conditional,total_wire_bytes,10985712.0,575,0.8521897810218978,0.7970660146699267,HAR_subject
logistic,iid,32,101,estimated_conditional,total_wire_bytes,10985712.0,575,0.8494525547445255,0.7897310513447433,HAR_subject
logistic,iid,32,101,fixed_k,total_wire_bytes,10985712.0,575,0.8521897810218978,0.7799511002444988,HAR_subject
logistic,iid,32,101,mean_length,total_wire_bytes,10985712.0,575,0.8521897810218978,0.7897310513447433,HAR_subject
logistic,iid,32,101,naive,total_wire_bytes,10985712.0,575,0.822992700729927,0.7530562347188264,HAR_subject
logistic,iid,32,113,client_ema,total_wire_bytes,10990392.0,575,0.8640510948905109,0.8190709046454768,HAR_subject
logistic,iid,32,113,conditional,total_wire_bytes,10990392.0,575,0.8613138686131386,0.8068459657701712,HAR_subject
logistic,iid,32,113,estimated_conditional,total_wire_bytes,10990392.0,575,0.8613138686131386,0.8117359413202934,HAR_subject
logistic,iid,32,113,fixed_k,total_wire_bytes,10990392.0,600,0.8640510948905109,0.8190709046454768,HAR_subject
logistic,iid,32,113,mean_length,total_wire_bytes,10990392.0,575,0.8631386861313869,0.8092909535452323,HAR_subject
logistic,iid,32,113,naive,total_wire_bytes,10990392.0,575,0.8448905109489051,0.7897310513447433,HAR_subject
logistic,iid,32,127,client_ema,total_wire_bytes,10982224.0,575,0.8695255474452555,0.8092909535452323,HAR_subject
logistic,iid,32,127,conditional,total_wire_bytes,10982224.0,575,0.8658759124087592,0.8092909535452323,HAR_subject
logistic,iid,32,127,estimated_conditional,total_wire_bytes,10982224.0,575,0.8677007299270073,0.8068459657701712,HAR_subject
logistic,iid,32,127,fixed_k,total_wire_bytes,10982224.0,575,0.8640510948905109,0.8019559902200489,HAR_subject
logistic,iid,32,127,mean_length,total_wire_bytes,10982224.0,575,0.8667883211678832,0.80440097799511,HAR_subject
logistic,iid,32,127,naive,total_wire_bytes,10982224.0,600,0.8485401459854015,0.7897310513447433,HAR_subject
logistic,iid,32,137,client_ema,total_wire_bytes,10988456.0,600,0.8521897810218978,0.7799511002444988,HAR_subject
logistic,iid,32,137,conditional,total_wire_bytes,10988456.0,575,0.843065693430657,0.7775061124694377,HAR_subject
logistic,iid,32,137,estimated_conditional,total_wire_bytes,10988456.0,575,0.8467153284671532,0.7872860635696821,HAR_subject
logistic,iid,32,137,fixed_k,total_wire_bytes,10988456.0,575,0.8403284671532847,0.7677261613691931,HAR_subject
logistic,iid,32,137,mean_length,total_wire_bytes,10988456.0,575,0.8421532846715328,0.7750611246943765,HAR_subject
logistic,iid,32,137,naive,total_wire_bytes,10988456.0,575,0.8302919708029197,0.7506112469437652,HAR_subject
logistic,iid,32,149,client_ema,total_wire_bytes,10988208.0,600,0.8521897810218978,0.8117359413202934,HAR_subject
logistic,iid,32,149,conditional,total_wire_bytes,10988208.0,575,0.8448905109489051,0.80440097799511,HAR_subject
logistic,iid,32,149,estimated_conditional,total_wire_bytes,10988208.0,575,0.8494525547445255,0.8141809290953546,HAR_subject
logistic,iid,32,149,fixed_k,total_wire_bytes,10988208.0,575,0.8494525547445255,0.8068459657701712,HAR_subject
logistic,iid,32,149,mean_length,total_wire_bytes,10988208.0,575,0.8458029197080292,0.8068459657701712,HAR_subject
logistic,iid,32,149,naive,total_wire_bytes,10988208.0,575,0.8375912408759124,0.7775061124694377,HAR_subject
logistic,iid,128,11,client_ema,total_wire_bytes,15595784.0,600,0.8841240875912408,0.8459657701711492,HAR_subject
logistic,iid,128,11,conditional,total_wire_bytes,15595784.0,575,0.8804744525547445,0.843520782396088,HAR_subject
logistic,iid,128,11,estimated_conditional,total_wire_bytes,15595784.0,550,0.8713503649635036,0.8361858190709046,HAR_subject
logistic,iid,128,11,fixed_k,total_wire_bytes,15595784.0,575,0.8804744525547445,0.8459657701711492,HAR_subject
logistic,iid,128,11,mean_length,total_wire_bytes,15595784.0,575,0.8795620437956204,0.843520782396088,HAR_subject
logistic,iid,128,11,naive,total_wire_bytes,15595784.0,575,0.875,0.8288508557457213,HAR_subject
logistic,iid,128,23,client_ema,total_wire_bytes,15598304.0,600,0.885036496350365,0.8410757946210269,HAR_subject
logistic,iid,128,23,conditional,total_wire_bytes,15598304.0,575,0.8804744525547445,0.843520782396088,HAR_subject
logistic,iid,128,23,estimated_conditional,total_wire_bytes,15598304.0,550,0.8822992700729927,0.8410757946210269,HAR_subject
logistic,iid,128,23,fixed_k,total_wire_bytes,15598304.0,575,0.8795620437956204,0.8410757946210269,HAR_subject
logistic,iid,128,23,mean_length,total_wire_bytes,15598304.0,575,0.8795620437956204,0.843520782396088,HAR_subject
logistic,iid,128,23,naive,total_wire_bytes,15598304.0,575,0.875,0.8264058679706602,HAR_subject
logistic,iid,128,47,client_ema,total_wire_bytes,15598392.0,575,0.8658759124087592,0.823960880195599,HAR_subject
logistic,iid,128,47,conditional,total_wire_bytes,15598392.0,575,0.8667883211678832,0.823960880195599,HAR_subject
logistic,iid,128,47,estimated_conditional,total_wire_bytes,15598392.0,550,0.8658759124087592,0.823960880195599,HAR_subject
logistic,iid,128,47,fixed_k,total_wire_bytes,15598392.0,600,0.8631386861313869,0.8215158924205379,HAR_subject
logistic,iid,128,47,mean_length,total_wire_bytes,15598392.0,575,0.8658759124087592,0.823960880195599,HAR_subject
logistic,iid,128,47,naive,total_wire_bytes,15598392.0,575,0.8476277372262774,0.784841075794621,HAR_subject
logistic,iid,128,59,client_ema,total_wire_bytes,15598392.0,575,0.8695255474452555,0.8288508557457213,HAR_subject
logistic,iid,128,59,conditional,total_wire_bytes,15598392.0,575,0.8686131386861314,0.8361858190709046,HAR_subject
logistic,iid,128,59,estimated_conditional,total_wire_bytes,15598392.0,550,0.8731751824817519,0.8361858190709046,HAR_subject
logistic,iid,128,59,fixed_k,total_wire_bytes,15598392.0,600,0.8631386861313869,0.8264058679706602,HAR_subject
logistic,iid,128,59,mean_length,total_wire_bytes,15598392.0,575,0.8677007299270073,0.8361858190709046,HAR_subject
logistic,iid,128,59,naive,total_wire_bytes,15598392.0,575,0.8558394160583942,0.8190709046454768,HAR_subject
logistic,iid,128,67,client_ema,total_wire_bytes,15598392.0,575,0.8786496350364964,0.8312958435207825,HAR_subject
logistic,iid,128,67,conditional,total_wire_bytes,15598392.0,575,0.8804744525547445,0.8288508557457213,HAR_subject
logistic,iid,128,67,estimated_conditional,total_wire_bytes,15598392.0,550,0.8868613138686131,0.8312958435207825,HAR_subject
logistic,iid,128,67,fixed_k,total_wire_bytes,15598392.0,600,0.8777372262773723,0.8312958435207825,HAR_subject
logistic,iid,128,67,mean_length,total_wire_bytes,15598392.0,575,0.8804744525547445,0.8288508557457213,HAR_subject
logistic,iid,128,67,naive,total_wire_bytes,15598392.0,575,0.8841240875912408,0.8312958435207825,HAR_subject
logistic,iid,128,83,client_ema,total_wire_bytes,15598392.0,575,0.8768248175182481,0.8337408312958435,HAR_subject
logistic,iid,128,83,conditional,total_wire_bytes,15598392.0,575,0.8768248175182481,0.8337408312958435,HAR_subject
logistic,iid,128,83,estimated_conditional,total_wire_bytes,15598392.0,550,0.8740875912408759,0.8312958435207825,HAR_subject
logistic,iid,128,83,fixed_k,total_wire_bytes,15598392.0,600,0.8759124087591241,0.8312958435207825,HAR_subject
logistic,iid,128,83,mean_length,total_wire_bytes,15598392.0,575,0.8777372262773723,0.8337408312958435,HAR_subject
logistic,iid,128,83,naive,total_wire_bytes,15598392.0,575,0.8722627737226277,0.823960880195599,HAR_subject
logistic,iid,128,97,client_ema,total_wire_bytes,15598392.0,575,0.8859489051094891,0.8312958435207825,HAR_subject
logistic,iid,128,97,conditional,total_wire_bytes,15598392.0,575,0.885036496350365,0.8312958435207825,HAR_subject
logistic,iid,128,97,estimated_conditional,total_wire_bytes,15598392.0,550,0.8841240875912408,0.8337408312958435,HAR_subject
logistic,iid,128,97,fixed_k,total_wire_bytes,15598392.0,600,0.8813868613138686,0.8264058679706602,HAR_subject
logistic,iid,128,97,mean_length,total_wire_bytes,15598392.0,575,0.8868613138686131,0.8337408312958435,HAR_subject
logistic,iid,128,97,naive,total_wire_bytes,15598392.0,575,0.8804744525547445,0.8092909535452323,HAR_subject
logistic,iid,128,101,client_ema,total_wire_bytes,15598392.0,575,0.8813868613138686,0.8337408312958435,HAR_subject
logistic,iid,128,101,conditional,total_wire_bytes,15598392.0,575,0.8795620437956204,0.8361858190709046,HAR_subject
logistic,iid,128,101,estimated_conditional,total_wire_bytes,15598392.0,550,0.8813868613138686,0.8459657701711492,HAR_subject
logistic,iid,128,101,fixed_k,total_wire_bytes,15598392.0,600,0.8786496350364964,0.8410757946210269,HAR_subject
logistic,iid,128,101,mean_length,total_wire_bytes,15598392.0,575,0.8804744525547445,0.8337408312958435,HAR_subject
logistic,iid,128,101,naive,total_wire_bytes,15598392.0,575,0.8622262773722628,0.8141809290953546,HAR_subject
logistic,iid,128,113,client_ema,total_wire_bytes,15598392.0,575,0.8759124087591241,0.8361858190709046,HAR_subject
logistic,iid,128,113,conditional,total_wire_bytes,15598392.0,575,0.8759124087591241,0.8361858190709046,HAR_subject
logistic,iid,128,113,estimated_conditional,total_wire_bytes,15598392.0,550,0.8722627737226277,0.8337408312958435,HAR_subject
logistic,iid,128,113,fixed_k,total_wire_bytes,15598392.0,600,0.8740875912408759,0.843520782396088,HAR_subject
logistic,iid,128,113,mean_length,total_wire_bytes,15598392.0,575,0.8759124087591241,0.8361858190709046,HAR_subject
logistic,iid,128,113,naive,total_wire_bytes,15598392.0,575,0.8640510948905109,0.8166259168704156,HAR_subject
logistic,iid,128,127,client_ema,total_wire_bytes,15590696.0,575,0.8822992700729927,0.8459657701711492,HAR_subject
logistic,iid,128,127,conditional,total_wire_bytes,15590696.0,575,0.885036496350365,0.843520782396088,HAR_subject
logistic,iid,128,127,estimated_conditional,total_wire_bytes,15590696.0,550,0.8804744525547445,0.8337408312958435,HAR_subject
logistic,iid,128,127,fixed_k,total_wire_bytes,15590696.0,575,0.8804744525547445,0.8386308068459658,HAR_subject
logistic,iid,128,127,mean_length,total_wire_bytes,15590696.0,575,0.8841240875912408,0.8459657701711492,HAR_subject
logistic,iid,128,127,naive,total_wire_bytes,15590696.0,600,0.8740875912408759,0.8166259168704156,HAR_subject
logistic,iid,128,137,client_ema,total_wire_bytes,15598392.0,575,0.8594890510948905,0.8166259168704156,HAR_subject
logistic,iid,128,137,conditional,total_wire_bytes,15598392.0,575,0.8604014598540146,0.8141809290953546,HAR_subject
logistic,iid,128,137,estimated_conditional,total_wire_bytes,15598392.0,550,0.8604014598540146,0.8117359413202934,HAR_subject
logistic,iid,128,137,fixed_k,total_wire_bytes,15598392.0,600,0.8631386861313869,0.8068459657701712,HAR_subject
logistic,iid,128,137,mean_length,total_wire_bytes,15598392.0,575,0.8585766423357665,0.8141809290953546,HAR_subject
logistic,iid,128,137,naive,total_wire_bytes,15598392.0,575,0.8494525547445255,0.7799511002444988,HAR_subject
logistic,iid,128,149,client_ema,total_wire_bytes,15598392.0,575,0.8695255474452555,0.823960880195599,HAR_subject
logistic,iid,128,149,conditional,total_wire_bytes,15598392.0,575,0.8686131386861314,0.8215158924205379,HAR_subject
logistic,iid,128,149,estimated_conditional,total_wire_bytes,15598392.0,550,0.8740875912408759,0.8312958435207825,HAR_subject
logistic,iid,128,149,fixed_k,total_wire_bytes,15598392.0,600,0.8722627737226277,0.8312958435207825,HAR_subject
logistic,iid,128,149,mean_length,total_wire_bytes,15598392.0,575,0.8677007299270073,0.823960880195599,HAR_subject
logistic,iid,128,149,naive,total_wire_bytes,15598392.0,575,0.8494525547445255,0.8019559902200489,HAR_subject
logistic,iid,512,11,client_ema,total_wire_bytes,35038392.0,575,0.8877737226277372,0.8606356968215159,HAR_subject
logistic,iid,512,11,conditional,total_wire_bytes,35038392.0,575,0.8895985401459854,0.8655256723716381,HAR_subject
logistic,iid,512,11,estimated_conditional,total_wire_bytes,35038392.0,525,0.8813868613138686,0.8469945355191257,HAR_subject
logistic,iid,512,11,fixed_k,total_wire_bytes,35038392.0,600,0.8868613138686131,0.8533007334963325,HAR_subject
logistic,iid,512,11,mean_length,total_wire_bytes,35038392.0,575,0.8895985401459854,0.8655256723716381,HAR_subject
logistic,iid,512,11,naive,total_wire_bytes,35038392.0,575,0.8832116788321168,0.8459657701711492,HAR_subject
logistic,iid,512,23,client_ema,total_wire_bytes,35038392.0,575,0.8859489051094891,0.8508557457212714,HAR_subject
logistic,iid,512,23,conditional,total_wire_bytes,35038392.0,575,0.8868613138686131,0.8533007334963325,HAR_subject
logistic,iid,512,23,estimated_conditional,total_wire_bytes,35038392.0,525,0.885036496350365,0.8533007334963325,HAR_subject
logistic,iid,512,23,fixed_k,total_wire_bytes,35038392.0,600,0.8841240875912408,0.8508557457212714,HAR_subject
logistic,iid,512,23,mean_length,total_wire_bytes,35038392.0,575,0.8868613138686131,0.8533007334963325,HAR_subject
logistic,iid,512,23,naive,total_wire_bytes,35038392.0,575,0.885036496350365,0.843520782396088,HAR_subject
logistic,iid,512,47,client_ema,total_wire_bytes,35038360.0,575,0.8804744525547445,0.8533007334963325,HAR_subject
logistic,iid,512,47,conditional,total_wire_bytes,35038360.0,575,0.8768248175182481,0.8484107579462102,HAR_subject
logistic,iid,512,47,estimated_conditional,total_wire_bytes,35038360.0,525,0.8786496350364964,0.8508557457212714,HAR_subject
logistic,iid,512,47,fixed_k,total_wire_bytes,35038360.0,575,0.8795620437956204,0.8533007334963325,HAR_subject
logistic,iid,512,47,mean_length,total_wire_bytes,35038360.0,575,0.8768248175182481,0.8484107579462102,HAR_subject
logistic,iid,512,47,naive,total_wire_bytes,35038360.0,600,0.864963503649635,0.8312958435207825,HAR_subject
logistic,iid,512,59,client_ema,total_wire_bytes,35038392.0,575,0.8786496350364964,0.8533007334963325,HAR_subject
logistic,iid,512,59,conditional,total_wire_bytes,35038392.0,575,0.8786496350364964,0.8557457212713936,HAR_subject
logistic,iid,512,59,estimated_conditional,total_wire_bytes,35038392.0,525,0.8777372262773723,0.8497267759562842,HAR_subject
logistic,iid,512,59,fixed_k,total_wire_bytes,35038392.0,600,0.8786496350364964,0.8508557457212714,HAR_subject
logistic,iid,512,59,mean_length,total_wire_bytes,35038392.0,575,0.8795620437956204,0.8557457212713936,HAR_subject
logistic,iid,512,59,naive,total_wire_bytes,35038392.0,575,0.8667883211678832,0.8386308068459658,HAR_subject
logistic,iid,512,67,client_ema,total_wire_bytes,35038392.0,575,0.885036496350365,0.843520782396088,HAR_subject
logistic,iid,512,67,conditional,total_wire_bytes,35038392.0,575,0.8877737226277372,0.8459657701711492,HAR_subject
logistic,iid,512,67,estimated_conditional,total_wire_bytes,35038392.0,525,0.8895985401459854,0.8459657701711492,HAR_subject
logistic,iid,512,67,fixed_k,total_wire_bytes,35038392.0,600,0.8886861313868614,0.843520782396088,HAR_subject
logistic,iid,512,67,mean_length,total_wire_bytes,35038392.0,575,0.8886861313868614,0.8459657701711492,HAR_subject
logistic,iid,512,67,naive,total_wire_bytes,35038392.0,575,0.885036496350365,0.8386308068459658,HAR_subject
logistic,iid,512,83,client_ema,total_wire_bytes,35037920.0,575,0.8877737226277372,0.843520782396088,HAR_subject
logistic,iid,512,83,conditional,total_wire_bytes,35037920.0,575,0.8859489051094891,0.843520782396088,HAR_subject
logistic,iid,512,83,estimated_conditional,total_wire_bytes,35037920.0,525,0.8905109489051095,0.8533007334963325,HAR_subject
logistic,iid,512,83,fixed_k,total_wire_bytes,35037920.0,575,0.8877737226277372,0.8508557457212714,HAR_subject
logistic,iid,512,83,mean_length,total_wire_bytes,35037920.0,575,0.8859489051094891,0.843520782396088,HAR_subject
logistic,iid,512,83,naive,total_wire_bytes,35037920.0,600,0.8777372262773723,0.8361858190709046,HAR_subject
logistic,iid,512,97,client_ema,total_wire_bytes,35038392.0,575,0.8868613138686131,0.8484107579462102,HAR_subject
logistic,iid,512,97,conditional,total_wire_bytes,35038392.0,575,0.8877737226277372,0.8484107579462102,HAR_subject
logistic,iid,512,97,estimated_conditional,total_wire_bytes,35038392.0,525,0.885036496350365,0.8484107579462102,HAR_subject
logistic,iid,512,97,fixed_k,total_wire_bytes,35038392.0,600,0.8859489051094891,0.8459657701711492,HAR_subject
logistic,iid,512,97,mean_length,total_wire_bytes,35038392.0,575,0.8868613138686131,0.8484107579462102,HAR_subject
logistic,iid,512,97,naive,total_wire_bytes,35038392.0,575,0.8859489051094891,0.8312958435207825,HAR_subject
logistic,iid,512,101,client_ema,total_wire_bytes,35038392.0,575,0.8877737226277372,0.8557457212713936,HAR_subject
logistic,iid,512,101,conditional,total_wire_bytes,35038392.0,575,0.8859489051094891,0.8533007334963325,HAR_subject
logistic,iid,512,101,estimated_conditional,total_wire_bytes,35038392.0,525,0.8868613138686131,0.8484107579462102,HAR_subject
logistic,iid,512,101,fixed_k,total_wire_bytes,35038392.0,600,0.8859489051094891,0.8533007334963325,HAR_subject
logistic,iid,512,101,mean_length,total_wire_bytes,35038392.0,575,0.8877737226277372,0.8581907090464548,HAR_subject
logistic,iid,512,101,naive,total_wire_bytes,35038392.0,575,0.8832116788321168,0.8386308068459658,HAR_subject
logistic,iid,512,113,client_ema,total_wire_bytes,35038392.0,575,0.8841240875912408,0.8508557457212714,HAR_subject
logistic,iid,512,113,conditional,total_wire_bytes,35038392.0,575,0.885036496350365,0.8508557457212714,HAR_subject
logistic,iid,512,113,estimated_conditional,total_wire_bytes,35038392.0,525,0.8822992700729927,0.8533007334963325,HAR_subject
logistic,iid,512,113,fixed_k,total_wire_bytes,35038392.0,600,0.8886861313868614,0.8581907090464548,HAR_subject
logistic,iid,512,113,mean_length,total_wire_bytes,35038392.0,575,0.8841240875912408,0.8508557457212714,HAR_subject
logistic,iid,512,113,naive,total_wire_bytes,35038392.0,575,0.8795620437956204,0.843520782396088,HAR_subject
logistic,iid,512,127,client_ema,total_wire_bytes,35032456.0,575,0.8859489051094891,0.8533007334963325,HAR_subject
logistic,iid,512,127,conditional,total_wire_bytes,35032456.0,600,0.8832116788321168,0.855191256830601,HAR_subject
logistic,iid,512,127,estimated_conditional,total_wire_bytes,35032456.0,525,0.8859489051094891,0.8557457212713936,HAR_subject
logistic,iid,512,127,fixed_k,total_wire_bytes,35032456.0,575,0.8841240875912408,0.8557457212713936,HAR_subject
logistic,iid,512,127,mean_length,total_wire_bytes,35032456.0,575,0.8877737226277372,0.8557457212713936,HAR_subject
logistic,iid,512,127,naive,total_wire_bytes,35032456.0,575,0.8841240875912408,0.8484107579462102,HAR_subject
logistic,iid,512,137,client_ema,total_wire_bytes,35038392.0,575,0.8759124087591241,0.8386308068459658,HAR_subject
logistic,iid,512,137,conditional,total_wire_bytes,35038392.0,575,0.8740875912408759,0.8386308068459658,HAR_subject
logistic,iid,512,137,estimated_conditional,total_wire_bytes,35038392.0,525,0.8795620437956204,0.8386308068459658,HAR_subject
logistic,iid,512,137,fixed_k,total_wire_bytes,35038392.0,600,0.8731751824817519,0.8361858190709046,HAR_subject
logistic,iid,512,137,mean_length,total_wire_bytes,35038392.0,575,0.8731751824817519,0.8361858190709046,HAR_subject
logistic,iid,512,137,naive,total_wire_bytes,35038392.0,575,0.8640510948905109,0.8166259168704156,HAR_subject
logistic,iid,512,149,client_ema,total_wire_bytes,35023496.0,575,0.8759124087591241,0.8484107579462102,HAR_subject
logistic,iid,512,149,conditional,total_wire_bytes,35023496.0,575,0.8786496350364964,0.8508557457212714,HAR_subject
logistic,iid,512,149,estimated_conditional,total_wire_bytes,35023496.0,525,0.8841240875912408,0.8508557457212714,HAR_subject
logistic,iid,512,149,fixed_k,total_wire_bytes,35023496.0,575,0.8832116788321168,0.8508557457212714,HAR_subject
logistic,iid,512,149,mean_length,total_wire_bytes,35023496.0,600,0.8813868613138686,0.8484107579462102,HAR_subject
logistic,iid,512,149,naive,total_wire_bytes,35023496.0,575,0.8713503649635036,0.8264058679706602,HAR_subject
logistic,iid,32,11,client_ema,sim_seconds,14.81965244626273,600,0.8759124087591241,0.8312958435207825,HAR_subject
logistic,iid,32,11,conditional,sim_seconds,14.81965244626273,600,0.8768248175182481,0.8264058679706602,HAR_subject
logistic,iid,32,11,estimated_conditional,sim_seconds,14.81965244626273,575,0.8695255474452555,0.8215158924205379,HAR_subject
logistic,iid,32,11,fixed_k,sim_seconds,14.81965244626273,600,0.8713503649635036,0.8337408312958435,HAR_subject
logistic,iid,32,11,mean_length,sim_seconds,14.81965244626273,600,0.8740875912408759,0.8264058679706602,HAR_subject
logistic,iid,32,11,naive,sim_seconds,14.81965244626273,600,0.8567518248175182,0.8068459657701712,HAR_subject
logistic,iid,32,23,client_ema,sim_seconds,14.81965244626273,600,0.8704379562043796,0.8141809290953546,HAR_subject
logistic,iid,32,23,conditional,sim_seconds,14.81965244626273,600,0.8658759124087592,0.8141809290953546,HAR_subject
logistic,iid,32,23,estimated_conditional,sim_seconds,14.81965244626273,575,0.8631386861313869,0.823960880195599,HAR_subject
logistic,iid,32,23,fixed_k,sim_seconds,14.81965244626273,600,0.8594890510948905,0.8215158924205379,HAR_subject
logistic,iid,32,23,mean_length,sim_seconds,14.81965244626273,600,0.8677007299270073,0.8166259168704156,HAR_subject
logistic,iid,32,23,naive,sim_seconds,14.81965244626273,600,0.8585766423357665,0.7970660146699267,HAR_subject
logistic,iid,32,47,client_ema,sim_seconds,14.81965244626273,600,0.8467153284671532,0.7872860635696821,HAR_subject
logistic,iid,32,47,conditional,sim_seconds,14.81965244626273,600,0.8494525547445255,0.7872860635696821,HAR_subject
logistic,iid,32,47,estimated_conditional,sim_seconds,14.81965244626273,575,0.8503649635036497,0.784841075794621,HAR_subject
logistic,iid,32,47,fixed_k,sim_seconds,14.81965244626273,600,0.8476277372262774,0.78239608801956,HAR_subject
logistic,iid,32,47,mean_length,sim_seconds,14.81965244626273,600,0.8503649635036497,0.7872860635696821,HAR_subject
logistic,iid,32,47,naive,sim_seconds,14.81965244626273,600,0.833941605839416,0.7652811735941321,HAR_subject
logistic,iid,32,59,client_ema,sim_seconds,14.81965244626273,600,0.8503649635036497,0.8117359413202934,HAR_subject
logistic,iid,32,59,conditional,sim_seconds,14.81965244626273,600,0.8549270072992701,0.8068459657701712,HAR_subject
logistic,iid,32,59,estimated_conditional,sim_seconds,14.81965244626273,575,0.8503649635036497,0.8117359413202934,HAR_subject
logistic,iid,32,59,fixed_k,sim_seconds,14.81965244626273,600,0.8403284671532847,0.7970660146699267,HAR_subject
logistic,iid,32,59,mean_length,sim_seconds,14.81965244626273,600,0.8467153284671532,0.8068459657701712,HAR_subject
logistic,iid,32,59,naive,sim_seconds,14.81965244626273,600,0.8293795620437956,0.7921760391198044,HAR_subject
logistic,iid,32,67,client_ema,sim_seconds,14.81965244626273,600,0.8768248175182481,0.8166259168704156,HAR_subject
logistic,iid,32,67,conditional,sim_seconds,14.81965244626273,600,0.8777372262773723,0.8166259168704156,HAR_subject
logistic,iid,32,67,estimated_conditional,sim_seconds,14.81965244626273,575,0.8667883211678832,0.80440097799511,HAR_subject
logistic,iid,32,67,fixed_k,sim_seconds,14.81965244626273,600,0.8768248175182481,0.8264058679706602,HAR_subject
logistic,iid,32,67,mean_length,sim_seconds,14.81965244626273,600,0.8777372262773723,0.8166259168704156,HAR_subject
logistic,iid,32,67,naive,sim_seconds,14.81965244626273,600,0.8604014598540146,0.7921760391198044,HAR_subject
logistic,iid,32,83,client_ema,sim_seconds,14.81965244626273,600,0.8631386861313869,0.80440097799511,HAR_subject
logistic,iid,32,83,conditional,sim_seconds,14.81965244626273,600,0.8695255474452555,0.8068459657701712,HAR_subject
logistic,iid,32,83,estimated_conditional,sim_seconds,14.81965244626273,575,0.864963503649635,0.7970660146699267,HAR_subject
logistic,iid,32,83,fixed_k,sim_seconds,14.81965244626273,600,0.8658759124087592,0.8092909535452323,HAR_subject
logistic,iid,32,83,mean_length,sim_seconds,14.81965244626273,600,0.864963503649635,0.8068459657701712,HAR_subject
logistic,iid,32,83,naive,sim_seconds,14.81965244626273,600,0.8485401459854015,0.7872860635696821,HAR_subject
logistic,iid,32,97,client_ema,sim_seconds,14.81965244626273,600,0.8640510948905109,0.8092909535452323,HAR_subject
logistic,iid,32,97,conditional,sim_seconds,14.81965244626273,600,0.8558394160583942,0.8019559902200489,HAR_subject
logistic,iid,32,97,estimated_conditional,sim_seconds,14.81965244626273,575,0.8686131386861314,0.8092909535452323,HAR_subject
logistic,iid,32,97,fixed_k,sim_seconds,14.81965244626273,600,0.8658759124087592,0.8019559902200489,HAR_subject
logistic,iid,32,97,mean_length,sim_seconds,14.81965244626273,600,0.8585766423357665,0.8019559902200489,HAR_subject
logistic,iid,32,97,naive,sim_seconds,14.81965244626273,600,0.8585766423357665,0.7799511002444988,HAR_subject
logistic,iid,32,101,client_ema,sim_seconds,14.81965244626273,600,0.8549270072992701,0.7946210268948656,HAR_subject
logistic,iid,32,101,conditional,sim_seconds,14.81965244626273,600,0.8549270072992701,0.7946210268948656,HAR_subject
logistic,iid,32,101,estimated_conditional,sim_seconds,14.81965244626273,575,0.8494525547445255,0.7897310513447433,HAR_subject
logistic,iid,32,101,fixed_k,sim_seconds,14.81965244626273,600,0.8521897810218978,0.7799511002444988,HAR_subject
logistic,iid,32,101,mean_length,sim_seconds,14.81965244626273,600,0.8531021897810219,0.7921760391198044,HAR_subject
logistic,iid,32,101,naive,sim_seconds,14.81965244626273,600,0.8348540145985401,0.7652811735941321,HAR_subject
logistic,iid,32,113,client_ema,sim_seconds,14.81965244626273,600,0.8658759124087592,0.8190709046454768,HAR_subject
logistic,iid,32,113,conditional,sim_seconds,14.81965244626273,600,0.8667883211678832,0.8141809290953546,HAR_subject
logistic,iid,32,113,estimated_conditional,sim_seconds,14.81965244626273,575,0.8613138686131386,0.8117359413202934,HAR_subject
logistic,iid,32,113,fixed_k,sim_seconds,14.81965244626273,600,0.8640510948905109,0.8190709046454768,HAR_subject
logistic,iid,32,113,mean_length,sim_seconds,14.81965244626273,600,0.8667883211678832,0.8166259168704156,HAR_subject
logistic,iid,32,113,naive,sim_seconds,14.81965244626273,600,0.8485401459854015,0.7921760391198044,HAR_subject
logistic,iid,32,127,client_ema,sim_seconds,14.81965244626273,600,0.8695255474452555,0.8166259168704156,HAR_subject
logistic,iid,32,127,conditional,sim_seconds,14.81965244626273,600,0.8677007299270073,0.8141809290953546,HAR_subject
logistic,iid,32,127,estimated_conditional,sim_seconds,14.81965244626273,575,0.8677007299270073,0.8068459657701712,HAR_subject
logistic,iid,32,127,fixed_k,sim_seconds,14.81965244626273,600,0.8640510948905109,0.8019559902200489,HAR_subject
logistic,iid,32,127,mean_length,sim_seconds,14.81965244626273,600,0.8667883211678832,0.8092909535452323,HAR_subject
logistic,iid,32,127,naive,sim_seconds,14.81965244626273,600,0.8485401459854015,0.7897310513447433,HAR_subject
logistic,iid,32,137,client_ema,sim_seconds,14.81965244626273,600,0.8521897810218978,0.7799511002444988,HAR_subject
logistic,iid,32,137,conditional,sim_seconds,14.81965244626273,600,0.8476277372262774,0.78239608801956,HAR_subject
logistic,iid,32,137,estimated_conditional,sim_seconds,14.81965244626273,575,0.8467153284671532,0.7872860635696821,HAR_subject
logistic,iid,32,137,fixed_k,sim_seconds,14.81965244626273,600,0.8458029197080292,0.7775061124694377,HAR_subject
logistic,iid,32,137,mean_length,sim_seconds,14.81965244626273,600,0.8476277372262774,0.78239608801956,HAR_subject
logistic,iid,32,137,naive,sim_seconds,14.81965244626273,600,0.8366788321167883,0.7579462102689487,HAR_subject
logistic,iid,32,149,client_ema,sim_seconds,14.81965244626273,600,0.8521897810218978,0.8117359413202934,HAR_subject
logistic,iid,32,149,conditional,sim_seconds,14.81965244626273,600,0.8512773722627737,0.8141809290953546,HAR_subject
logistic,iid,32,149,estimated_conditional,sim_seconds,14.81965244626273,575,0.8494525547445255,0.8141809290953546,HAR_subject
logistic,iid,32,149,fixed_k,sim_seconds,14.81965244626273,600,0.8476277372262774,0.80440097799511,HAR_subject
logistic,iid,32,149,mean_length,sim_seconds,14.81965244626273,600,0.8503649635036497,0.8092909535452323,HAR_subject
logistic,iid,32,149,naive,sim_seconds,14.81965244626273,600,0.8403284671532847,0.7799511002444988,HAR_subject
logistic,iid,128,11,client_ema,sim_seconds,31.94504180253298,600,0.8841240875912408,0.8459657701711492,HAR_subject
logistic,iid,128,11,conditional,sim_seconds,31.94504180253298,600,0.885036496350365,0.8410757946210269,HAR_subject
logistic,iid,128,11,estimated_conditional,sim_seconds,31.94504180253298,550,0.8713503649635036,0.8361858190709046,HAR_subject
logistic,iid,128,11,fixed_k,sim_seconds,31.94504180253298,600,0.8786496350364964,0.8459657701711492,HAR_subject
logistic,iid,128,11,mean_length,sim_seconds,31.94504180253298,600,0.8841240875912408,0.8410757946210269,HAR_subject
logistic,iid,128,11,naive,sim_seconds,31.94504180253298,600,0.8777372262773723,0.8337408312958435,HAR_subject
logistic,iid,128,23,client_ema,sim_seconds,31.94504180253298,600,0.885036496350365,0.8410757946210269,HAR_subject
logistic,iid,128,23,conditional,sim_seconds,31.94504180253298,600,0.8841240875912408,0.8410757946210269,HAR_subject
logistic,iid,128,23,estimated_conditional,sim_seconds,31.94504180253298,550,0.8822992700729927,0.8410757946210269,HAR_subject
logistic,iid,128,23,fixed_k,sim_seconds,31.94504180253298,600,0.8822992700729927,0.8361858190709046,HAR_subject
logistic,iid,128,23,mean_length,sim_seconds,31.94504180253298,600,0.8841240875912408,0.8410757946210269,HAR_subject
logistic,iid,128,23,naive,sim_seconds,31.94504180253298,600,0.875,0.8215158924205379,HAR_subject
logistic,iid,128,47,client_ema,sim_seconds,31.94504180253298,600,0.8613138686131386,0.8166259168704156,HAR_subject
logistic,iid,128,47,conditional,sim_seconds,31.94504180253298,600,0.8604014598540146,0.8190709046454768,HAR_subject
logistic,iid,128,47,estimated_conditional,sim_seconds,31.94504180253298,550,0.8658759124087592,0.823960880195599,HAR_subject
logistic,iid,128,47,fixed_k,sim_seconds,31.94504180253298,600,0.8631386861313869,0.8215158924205379,HAR_subject
logistic,iid,128,47,mean_length,sim_seconds,31.94504180253298,600,0.8594890510948905,0.8166259168704156,HAR_subject
logistic,iid,128,47,naive,sim_seconds,31.94504180253298,600,0.8467153284671532,0.78239608801956,HAR_subject
logistic,iid,128,59,client_ema,sim_seconds,31.94504180253298,600,0.8677007299270073,0.8264058679706602,HAR_subject
logistic,iid,128,59,conditional,sim_seconds,31.94504180253298,600,0.8686131386861314,0.8312958435207825,HAR_subject
logistic,iid,128,59,estimated_conditional,sim_seconds,31.94504180253298,550,0.8731751824817519,0.8361858190709046,HAR_subject
logistic,iid,128,59,fixed_k,sim_seconds,31.94504180253298,600,0.8631386861313869,0.8264058679706602,HAR_subject
logistic,iid,128,59,mean_length,sim_seconds,31.94504180253298,600,0.8667883211678832,0.8312958435207825,HAR_subject
logistic,iid,128,59,naive,sim_seconds,31.94504180253298,600,0.8567518248175182,0.8190709046454768,HAR_subject
logistic,iid,128,67,client_ema,sim_seconds,31.94504180253298,600,0.8813868613138686,0.8312958435207825,HAR_subject
logistic,iid,128,67,conditional,sim_seconds,31.94504180253298,600,0.8822992700729927,0.8312958435207825,HAR_subject
logistic,iid,128,67,estimated_conditional,sim_seconds,31.94504180253298,550,0.8868613138686131,0.8312958435207825,HAR_subject
logistic,iid,128,67,fixed_k,sim_seconds,31.94504180253298,600,0.8777372262773723,0.8312958435207825,HAR_subject
logistic,iid,128,67,mean_length,sim_seconds,31.94504180253298,600,0.8786496350364964,0.8288508557457213,HAR_subject
logistic,iid,128,67,naive,sim_seconds,31.94504180253298,600,0.885036496350365,0.8312958435207825,HAR_subject
logistic,iid,128,83,client_ema,sim_seconds,31.94504180253298,600,0.8759124087591241,0.8312958435207825,HAR_subject
logistic,iid,128,83,conditional,sim_seconds,31.94504180253298,600,0.8740875912408759,0.8361858190709046,HAR_subject
logistic,iid,128,83,estimated_conditional,sim_seconds,31.94504180253298,550,0.8740875912408759,0.8312958435207825,HAR_subject
logistic,iid,128,83,fixed_k,sim_seconds,31.94504180253298,600,0.8759124087591241,0.8312958435207825,HAR_subject
logistic,iid,128,83,mean_length,sim_seconds,31.94504180253298,600,0.8759124087591241,0.8337408312958435,HAR_subject
logistic,iid,128,83,naive,sim_seconds,31.94504180253298,600,0.8713503649635036,0.823960880195599,HAR_subject
logistic,iid,128,97,client_ema,sim_seconds,31.94504180253298,600,0.885036496350365,0.8361858190709046,HAR_subject
logistic,iid,128,97,conditional,sim_seconds,31.94504180253298,600,0.8804744525547445,0.8361858190709046,HAR_subject
logistic,iid,128,97,estimated_conditional,sim_seconds,31.94504180253298,550,0.8841240875912408,0.8337408312958435,HAR_subject
logistic,iid,128,97,fixed_k,sim_seconds,31.94504180253298,600,0.8813868613138686,0.8264058679706602,HAR_subject
logistic,iid,128,97,mean_length,sim_seconds,31.94504180253298,600,0.8822992700729927,0.8361858190709046,HAR_subject
logistic,iid,128,97,naive,sim_seconds,31.94504180253298,600,0.8795620437956204,0.8190709046454768,HAR_subject
logistic,iid,128,101,client_ema,sim_seconds,31.94504180253298,600,0.8795620437956204,0.8361858190709046,HAR_subject
logistic,iid,128,101,conditional,sim_seconds,31.94504180253298,600,0.8822992700729927,0.8361858190709046,HAR_subject
logistic,iid,128,101,estimated_conditional,sim_seconds,31.94504180253298,550,0.8813868613138686,0.8459657701711492,HAR_subject
logistic,iid,128,101,fixed_k,sim_seconds,31.94504180253298,600,0.8786496350364964,0.8410757946210269,HAR_subject
logistic,iid,128,101,mean_length,sim_seconds,31.94504180253298,600,0.8804744525547445,0.8361858190709046,HAR_subject
logistic,iid,128,101,naive,sim_seconds,31.94504180253298,600,0.864963503649635,0.8166259168704156,HAR_subject
logistic,iid,128,113,client_ema,sim_seconds,31.94504180253298,600,0.8759124087591241,0.8337408312958435,HAR_subject
logistic,iid,128,113,conditional,sim_seconds,31.94504180253298,600,0.8740875912408759,0.8288508557457213,HAR_subject
logistic,iid,128,113,estimated_conditional,sim_seconds,31.94504180253298,550,0.8722627737226277,0.8337408312958435,HAR_subject
logistic,iid,128,113,fixed_k,sim_seconds,31.94504180253298,600,0.8740875912408759,0.843520782396088,HAR_subject
logistic,iid,128,113,mean_length,sim_seconds,31.94504180253298,600,0.8722627737226277,0.8312958435207825,HAR_subject
logistic,iid,128,113,naive,sim_seconds,31.94504180253298,600,0.8640510948905109,0.8166259168704156,HAR_subject
logistic,iid,128,127,client_ema,sim_seconds,31.94504180253298,600,0.8804744525547445,0.843520782396088,HAR_subject
logistic,iid,128,127,conditional,sim_seconds,31.94504180253298,600,0.8822992700729927,0.8386308068459658,HAR_subject
logistic,iid,128,127,estimated_conditional,sim_seconds,31.94504180253298,550,0.8804744525547445,0.8337408312958435,HAR_subject
logistic,iid,128,127,fixed_k,sim_seconds,31.94504180253298,600,0.8813868613138686,0.8410757946210269,HAR_subject
logistic,iid,128,127,mean_length,sim_seconds,31.94504180253298,600,0.8813868613138686,0.8410757946210269,HAR_subject
logistic,iid,128,127,naive,sim_seconds,31.94504180253298,600,0.8740875912408759,0.8166259168704156,HAR_subject
logistic,iid,128,137,client_ema,sim_seconds,31.94504180253298,600,0.8658759124087592,0.8117359413202934,HAR_subject
logistic,iid,128,137,conditional,sim_seconds,31.94504180253298,600,0.8622262773722628,0.8117359413202934,HAR_subject
logistic,iid,128,137,estimated_conditional,sim_seconds,31.94504180253298,550,0.8604014598540146,0.8117359413202934,HAR_subject
logistic,iid,128,137,fixed_k,sim_seconds,31.94504180253298,600,0.8631386861313869,0.8068459657701712,HAR_subject
logistic,iid,128,137,mean_length,sim_seconds,31.94504180253298,600,0.8622262773722628,0.8092909535452323,HAR_subject
logistic,iid,128,137,naive,sim_seconds,31.94504180253298,600,0.8512773722627737,0.78239608801956,HAR_subject
logistic,iid,128,149,client_ema,sim_seconds,31.94504180253298,600,0.8731751824817519,0.8312958435207825,HAR_subject
logistic,iid,128,149,conditional,sim_seconds,31.94504180253298,600,0.8677007299270073,0.8264058679706602,HAR_subject
logistic,iid,128,149,estimated_conditional,sim_seconds,31.94504180253298,550,0.8740875912408759,0.8312958435207825,HAR_subject
logistic,iid,128,149,fixed_k,sim_seconds,31.94504180253298,600,0.8722627737226277,0.8312958435207825,HAR_subject
logistic,iid,128,149,mean_length,sim_seconds,31.94504180253298,600,0.8695255474452555,0.8288508557457213,HAR_subject
logistic,iid,128,149,naive,sim_seconds,31.94504180253298,600,0.8503649635036497,0.8068459657701712,HAR_subject
logistic,iid,512,11,client_ema,sim_seconds,104.19277814929667,600,0.8914233576642335,0.8606356968215159,HAR_subject
logistic,iid,512,11,conditional,sim_seconds,104.19277814929667,600,0.8905109489051095,0.8581907090464548,HAR_subject
logistic,iid,512,11,estimated_conditional,sim_seconds,104.19277814929667,550,0.8859489051094891,0.855191256830601,HAR_subject
logistic,iid,512,11,fixed_k,sim_seconds,104.19277814929667,600,0.8868613138686131,0.8533007334963325,HAR_subject
logistic,iid,512,11,mean_length,sim_seconds,104.19277814929667,600,0.8914233576642335,0.8581907090464548,HAR_subject
logistic,iid,512,11,naive,sim_seconds,104.19277814929667,600,0.8877737226277372,0.8508557457212714,HAR_subject
logistic,iid,512,23,client_ema,sim_seconds,104.19277814929667,600,0.8886861313868614,0.8533007334963325,HAR_subject
logistic,iid,512,23,conditional,sim_seconds,104.19277814929667,600,0.8877737226277372,0.8508557457212714,HAR_subject
logistic,iid,512,23,estimated_conditional,sim_seconds,104.19277814929667,550,0.8905109489051095,0.8533007334963325,HAR_subject
logistic,iid,512,23,fixed_k,sim_seconds,104.19277814929667,600,0.8841240875912408,0.8508557457212714,HAR_subject
logistic,iid,512,23,mean_length,sim_seconds,104.19277814929667,600,0.8877737226277372,0.8508557457212714,HAR_subject
logistic,iid,512,23,naive,sim_seconds,104.19277814929667,600,0.8868613138686131,0.843520782396088,HAR_subject
logistic,iid,512,47,client_ema,sim_seconds,104.19277814929667,600,0.875,0.8497267759562842,HAR_subject
logistic,iid,512,47,conditional,sim_seconds,104.19277814929667,600,0.8740875912408759,0.8442622950819673,HAR_subject
logistic,iid,512,47,estimated_conditional,sim_seconds,104.19277814929667,550,0.8768248175182481,0.8497267759562842,HAR_subject
logistic,iid,512,47,fixed_k,sim_seconds,104.19277814929667,600,0.8722627737226277,0.8333333333333334,HAR_subject
logistic,iid,512,47,mean_length,sim_seconds,104.19277814929667,600,0.8759124087591241,0.8497267759562842,HAR_subject
logistic,iid,512,47,naive,sim_seconds,104.19277814929667,600,0.864963503649635,0.8312958435207825,HAR_subject
logistic,iid,512,59,client_ema,sim_seconds,104.19277814929667,600,0.8786496350364964,0.8484107579462102,HAR_subject
logistic,iid,512,59,conditional,sim_seconds,104.19277814929667,600,0.8786496350364964,0.8484107579462102,HAR_subject
logistic,iid,512,59,estimated_conditional,sim_seconds,104.19277814929667,550,0.8786496350364964,0.8508557457212714,HAR_subject
logistic,iid,512,59,fixed_k,sim_seconds,104.19277814929667,600,0.8786496350364964,0.8508557457212714,HAR_subject
logistic,iid,512,59,mean_length,sim_seconds,104.19277814929667,600,0.8777372262773723,0.8484107579462102,HAR_subject
logistic,iid,512,59,naive,sim_seconds,104.19277814929667,600,0.864963503649635,0.8337408312958435,HAR_subject
logistic,iid,512,67,client_ema,sim_seconds,104.19277814929667,600,0.8877737226277372,0.8484107579462102,HAR_subject
logistic,iid,512,67,conditional,sim_seconds,104.19277814929667,600,0.8886861313868614,0.8459657701711492,HAR_subject
logistic,iid,512,67,estimated_conditional,sim_seconds,104.19277814929667,550,0.8905109489051095,0.8459657701711492,HAR_subject
logistic,iid,512,67,fixed_k,sim_seconds,104.19277814929667,600,0.8886861313868614,0.843520782396088,HAR_subject
logistic,iid,512,67,mean_length,sim_seconds,104.19277814929667,600,0.8877737226277372,0.8459657701711492,HAR_subject
logistic,iid,512,67,naive,sim_seconds,104.19277814929667,600,0.8859489051094891,0.8386308068459658,HAR_subject
logistic,iid,512,83,client_ema,sim_seconds,104.19277814929667,600,0.885036496350365,0.8410757946210269,HAR_subject
logistic,iid,512,83,conditional,sim_seconds,104.19277814929667,600,0.8841240875912408,0.8410757946210269,HAR_subject
logistic,iid,512,83,estimated_conditional,sim_seconds,104.19277814929667,550,0.8859489051094891,0.8508557457212714,HAR_subject
logistic,iid,512,83,fixed_k,sim_seconds,104.19277814929667,600,0.8832116788321168,0.8484107579462102,HAR_subject
logistic,iid,512,83,mean_length,sim_seconds,104.19277814929667,600,0.8859489051094891,0.843520782396088,HAR_subject
logistic,iid,512,83,naive,sim_seconds,104.19277814929667,600,0.8777372262773723,0.8361858190709046,HAR_subject
logistic,iid,512,97,client_ema,sim_seconds,104.19277814929667,600,0.8859489051094891,0.8484107579462102,HAR_subject
logistic,iid,512,97,conditional,sim_seconds,104.19277814929667,600,0.8859489051094891,0.8484107579462102,HAR_subject
logistic,iid,512,97,estimated_conditional,sim_seconds,104.19277814929667,550,0.8832116788321168,0.843520782396088,HAR_subject
logistic,iid,512,97,fixed_k,sim_seconds,104.19277814929667,600,0.8859489051094891,0.8459657701711492,HAR_subject
logistic,iid,512,97,mean_length,sim_seconds,104.19277814929667,600,0.885036496350365,0.8484107579462102,HAR_subject
logistic,iid,512,97,naive,sim_seconds,104.19277814929667,600,0.8813868613138686,0.8386308068459658,HAR_subject
logistic,iid,512,101,client_ema,sim_seconds,104.19277814929667,600,0.8895985401459854,0.8633879781420765,HAR_subject
logistic,iid,512,101,conditional,sim_seconds,104.19277814929667,600,0.8905109489051095,0.8655256723716381,HAR_subject
logistic,iid,512,101,estimated_conditional,sim_seconds,104.19277814929667,550,0.8895985401459854,0.8606356968215159,HAR_subject
logistic,iid,512,101,fixed_k,sim_seconds,104.19277814929667,600,0.8859489051094891,0.8533007334963325,HAR_subject
logistic,iid,512,101,mean_length,sim_seconds,104.19277814929667,600,0.8905109489051095,0.8655256723716381,HAR_subject
logistic,iid,512,101,naive,sim_seconds,104.19277814929667,600,0.8813868613138686,0.843520782396088,HAR_subject
logistic,iid,512,113,client_ema,sim_seconds,104.19277814929667,600,0.885036496350365,0.8557457212713936,HAR_subject
logistic,iid,512,113,conditional,sim_seconds,104.19277814929667,600,0.885036496350365,0.8533007334963325,HAR_subject
logistic,iid,512,113,estimated_conditional,sim_seconds,104.19277814929667,550,0.8859489051094891,0.8557457212713936,HAR_subject
logistic,iid,512,113,fixed_k,sim_seconds,104.19277814929667,600,0.8886861313868614,0.8581907090464548,HAR_subject
logistic,iid,512,113,mean_length,sim_seconds,104.19277814929667,600,0.8841240875912408,0.8508557457212714,HAR_subject
logistic,iid,512,113,naive,sim_seconds,104.19277814929667,600,0.8795620437956204,0.8410757946210269,HAR_subject
logistic,iid,512,127,client_ema,sim_seconds,104.19277814929667,600,0.885036496350365,0.8557457212713936,HAR_subject
logistic,iid,512,127,conditional,sim_seconds,104.19277814929667,600,0.8832116788321168,0.855191256830601,HAR_subject
logistic,iid,512,127,estimated_conditional,sim_seconds,104.19277814929667,550,0.885036496350365,0.8533007334963325,HAR_subject
logistic,iid,512,127,fixed_k,sim_seconds,104.19277814929667,600,0.8859489051094891,0.8581907090464548,HAR_subject
logistic,iid,512,127,mean_length,sim_seconds,104.19277814929667,600,0.8832116788321168,0.855191256830601,HAR_subject
logistic,iid,512,127,naive,sim_seconds,104.19277814929667,600,0.8859489051094891,0.8459657701711492,HAR_subject
logistic,iid,512,137,client_ema,sim_seconds,104.19277814929667,600,0.8786496350364964,0.8410757946210269,HAR_subject
logistic,iid,512,137,conditional,sim_seconds,104.19277814929667,600,0.8768248175182481,0.8386308068459658,HAR_subject
logistic,iid,512,137,estimated_conditional,sim_seconds,104.19277814929667,550,0.8731751824817519,0.8264058679706602,HAR_subject
logistic,iid,512,137,fixed_k,sim_seconds,104.19277814929667,600,0.8731751824817519,0.8361858190709046,HAR_subject
logistic,iid,512,137,mean_length,sim_seconds,104.19277814929667,600,0.8768248175182481,0.8386308068459658,HAR_subject
logistic,iid,512,137,naive,sim_seconds,104.19277814929667,600,0.8658759124087592,0.8166259168704156,HAR_subject
logistic,iid,512,149,client_ema,sim_seconds,104.19277814929667,600,0.8786496350364964,0.8484107579462102,HAR_subject
logistic,iid,512,149,conditional,sim_seconds,104.19277814929667,600,0.8822992700729927,0.8508557457212714,HAR_subject
logistic,iid,512,149,estimated_conditional,sim_seconds,104.19277814929667,550,0.8822992700729927,0.8459657701711492,HAR_subject
logistic,iid,512,149,fixed_k,sim_seconds,104.19277814929667,600,0.8822992700729927,0.8484107579462102,HAR_subject
logistic,iid,512,149,mean_length,sim_seconds,104.19277814929667,600,0.8813868613138686,0.8484107579462102,HAR_subject
logistic,iid,512,149,naive,sim_seconds,104.19277814929667,600,0.8759124087591241,0.8337408312958435,HAR_subject
logistic,iid,32,11,client_ema,uplink_bytes,2480064.0,575,0.8667883211678832,0.8288508557457213,HAR_Dirichlet
logistic,iid,32,11,conditional,uplink_bytes,2480064.0,575,0.8731751824817519,0.8361858190709046,HAR_Dirichlet
logistic,iid,32,11,estimated_conditional,uplink_bytes,2480064.0,500,0.8640510948905109,0.8215158924205379,HAR_Dirichlet
logistic,iid,32,11,fixed_k,uplink_bytes,2480064.0,600,0.8731751824817519,0.8288508557457213,HAR_Dirichlet
logistic,iid,32,11,mean_length,uplink_bytes,2480064.0,575,0.8677007299270073,0.8264058679706602,HAR_Dirichlet
logistic,iid,32,11,naive,uplink_bytes,2480064.0,575,0.8521897810218978,0.8141809290953546,HAR_Dirichlet
logistic,iid,32,23,client_ema,uplink_bytes,2478864.0,575,0.8576642335766423,0.7995110024449877,HAR_Dirichlet
logistic,iid,32,23,conditional,uplink_bytes,2478864.0,600,0.8458029197080292,0.7726161369193154,HAR_Dirichlet
logistic,iid,32,23,estimated_conditional,uplink_bytes,2478864.0,500,0.8503649635036497,0.7799511002444988,HAR_Dirichlet
logistic,iid,32,23,fixed_k,uplink_bytes,2478864.0,575,0.8722627737226277,0.8092909535452323,HAR_Dirichlet
logistic,iid,32,23,mean_length,uplink_bytes,2478864.0,575,0.8585766423357665,0.7872860635696821,HAR_Dirichlet
logistic,iid,32,23,naive,uplink_bytes,2478864.0,575,0.8403284671532847,0.7726161369193154,HAR_Dirichlet
logistic,iid,32,47,client_ema,uplink_bytes,2480064.0,575,0.8485401459854015,0.78239608801956,HAR_Dirichlet
logistic,iid,32,47,conditional,uplink_bytes,2480064.0,575,0.843978102189781,0.7799511002444988,HAR_Dirichlet
logistic,iid,32,47,estimated_conditional,uplink_bytes,2480064.0,500,0.8467153284671532,0.7872860635696821,HAR_Dirichlet
logistic,iid,32,47,fixed_k,uplink_bytes,2480064.0,600,0.8458029197080292,0.78239608801956,HAR_Dirichlet
logistic,iid,32,47,mean_length,uplink_bytes,2480064.0,575,0.8458029197080292,0.78239608801956,HAR_Dirichlet
logistic,iid,32,47,naive,uplink_bytes,2480064.0,575,0.8348540145985401,0.7603911980440098,HAR_Dirichlet
logistic,iid,32,59,client_ema,uplink_bytes,2475288.0,575,0.843065693430657,0.80440097799511,HAR_Dirichlet
logistic,iid,32,59,conditional,uplink_bytes,2475288.0,575,0.843065693430657,0.8092909535452323,HAR_Dirichlet
logistic,iid,32,59,estimated_conditional,uplink_bytes,2475288.0,500,0.8357664233576643,0.80440097799511,HAR_Dirichlet
logistic,iid,32,59,fixed_k,uplink_bytes,2475288.0,575,0.8421532846715328,0.8068459657701712,HAR_Dirichlet
logistic,iid,32,59,mean_length,uplink_bytes,2475288.0,600,0.8412408759124088,0.80440097799511,HAR_Dirichlet
logistic,iid,32,59,naive,uplink_bytes,2475288.0,575,0.8211678832116789,0.7897310513447433,HAR_Dirichlet
logistic,iid,32,67,client_ema,uplink_bytes,2476752.0,575,0.8695255474452555,0.8117359413202934,HAR_Dirichlet
logistic,iid,32,67,conditional,uplink_bytes,2476752.0,575,0.8686131386861314,0.8117359413202934,HAR_Dirichlet
logistic,iid,32,67,estimated_conditional,uplink_bytes,2476752.0,500,0.8613138686131386,0.8092909535452323,HAR_Dirichlet
logistic,iid,32,67,fixed_k,uplink_bytes,2476752.0,575,0.8604014598540146,0.7995110024449877,HAR_Dirichlet
logistic,iid,32,67,mean_length,uplink_bytes,2476752.0,575,0.8667883211678832,0.80440097799511,HAR_Dirichlet
logistic,iid,32,67,naive,uplink_bytes,2476752.0,600,0.8622262773722628,0.7970660146699267,HAR_Dirichlet
logistic,iid,32,83,client_ema,uplink_bytes,2480064.0,575,0.8631386861313869,0.8068459657701712,HAR_Dirichlet
logistic,iid,32,83,conditional,uplink_bytes,2480064.0,575,0.8722627737226277,0.8215158924205379,HAR_Dirichlet
logistic,iid,32,83,estimated_conditional,uplink_bytes,2480064.0,500,0.8631386861313869,0.80440097799511,HAR_Dirichlet
logistic,iid,32,83,fixed_k,uplink_bytes,2480064.0,600,0.8594890510948905,0.8190709046454768,HAR_Dirichlet
logistic,iid,32,83,mean_length,uplink_bytes,2480064.0,575,0.8695255474452555,0.8141809290953546,HAR_Dirichlet
logistic,iid,32,83,naive,uplink_bytes,2480064.0,575,0.8494525547445255,0.784841075794621,HAR_Dirichlet
logistic,iid,32,97,client_ema,uplink_bytes,2480064.0,575,0.8759124087591241,0.8068459657701712,HAR_Dirichlet
logistic,iid,32,97,conditional,uplink_bytes,2480064.0,575,0.8832116788321168,0.8117359413202934,HAR_Dirichlet
logistic,iid,32,97,estimated_conditional,uplink_bytes,2480064.0,500,0.875,0.80440097799511,HAR_Dirichlet
logistic,iid,32,97,fixed_k,uplink_bytes,2480064.0,600,0.8813868613138686,0.8117359413202934,HAR_Dirichlet
logistic,iid,32,97,mean_length,uplink_bytes,2480064.0,575,0.8832116788321168,0.8092909535452323,HAR_Dirichlet
logistic,iid,32,97,naive,uplink_bytes,2480064.0,575,0.8658759124087592,0.7750611246943765,HAR_Dirichlet
logistic,iid,32,101,client_ema,uplink_bytes,2474720.0,575,0.8613138686131386,0.7995110024449877,HAR_Dirichlet
logistic,iid,32,101,conditional,uplink_bytes,2474720.0,600,0.8558394160583942,0.7970660146699267,HAR_Dirichlet
logistic,iid,32,101,estimated_conditional,uplink_bytes,2474720.0,500,0.8503649635036497,0.8019559902200489,HAR_Dirichlet
logistic,iid,32,101,fixed_k,uplink_bytes,2474720.0,575,0.8512773722627737,0.7946210268948656,HAR_Dirichlet
logistic,iid,32,101,mean_length,uplink_bytes,2474720.0,575,0.8521897810218978,0.7921760391198044,HAR_Dirichlet
logistic,iid,32,101,naive,uplink_bytes,2474720.0,575,0.8375912408759124,0.7726161369193154,HAR_Dirichlet
logistic,iid,32,113,client_ema,uplink_bytes,2480064.0,575,0.8531021897810219,0.8068459657701712,HAR_Dirichlet
logistic,iid,32,113,conditional,uplink_bytes,2480064.0,575,0.843065693430657,0.7970660146699267,HAR_Dirichlet
logistic,iid,32,113,estimated_conditional,uplink_bytes,2480064.0,500,0.8312043795620438,0.7946210268948656,HAR_Dirichlet
logistic,iid,32,113,fixed_k,uplink_bytes,2480064.0,600,0.8604014598540146,0.80440097799511,HAR_Dirichlet
logistic,iid,32,113,mean_length,uplink_bytes,2480064.0,575,0.8503649635036497,0.8092909535452323,HAR_Dirichlet
logistic,iid,32,113,naive,uplink_bytes,2480064.0,575,0.843065693430657,0.78239608801956,HAR_Dirichlet
logistic,iid,32,127,client_ema,uplink_bytes,2478984.0,575,0.8740875912408759,0.8312958435207825,HAR_Dirichlet
logistic,iid,32,127,conditional,uplink_bytes,2478984.0,575,0.8677007299270073,0.8166259168704156,HAR_Dirichlet
logistic,iid,32,127,estimated_conditional,uplink_bytes,2478984.0,500,0.8585766423357665,0.7995110024449877,HAR_Dirichlet
logistic,iid,32,127,fixed_k,uplink_bytes,2478984.0,575,0.8631386861313869,0.823960880195599,HAR_Dirichlet
logistic,iid,32,127,mean_length,uplink_bytes,2478984.0,600,0.8704379562043796,0.8264058679706602,HAR_Dirichlet
logistic,iid,32,127,naive,uplink_bytes,2478984.0,575,0.8467153284671532,0.80440097799511,HAR_Dirichlet
logistic,iid,32,137,client_ema,uplink_bytes,2480064.0,575,0.8403284671532847,0.7872860635696821,HAR_Dirichlet
logistic,iid,32,137,conditional,uplink_bytes,2480064.0,575,0.833941605839416,0.7726161369193154,HAR_Dirichlet
logistic,iid,32,137,estimated_conditional,uplink_bytes,2480064.0,500,0.8248175182481752,0.7579462102689487,HAR_Dirichlet
logistic,iid,32,137,fixed_k,uplink_bytes,2480064.0,600,0.8403284671532847,0.7750611246943765,HAR_Dirichlet
logistic,iid,32,137,mean_length,uplink_bytes,2480064.0,575,0.8357664233576643,0.7775061124694377,HAR_Dirichlet
logistic,iid,32,137,naive,uplink_bytes,2480064.0,575,0.822992700729927,0.7579462102689487,HAR_Dirichlet
logistic,iid,32,149,client_ema,uplink_bytes,2479408.0,575,0.8531021897810219,0.80440097799511,HAR_Dirichlet
logistic,iid,32,149,conditional,uplink_bytes,2479408.0,575,0.8503649635036497,0.8019559902200489,HAR_Dirichlet
logistic,iid,32,149,estimated_conditional,uplink_bytes,2479408.0,500,0.8549270072992701,0.7995110024449877,HAR_Dirichlet
logistic,iid,32,149,fixed_k,uplink_bytes,2479408.0,575,0.8494525547445255,0.8117359413202934,HAR_Dirichlet
logistic,iid,32,149,mean_length,uplink_bytes,2479408.0,575,0.8521897810218978,0.7995110024449877,HAR_Dirichlet
logistic,iid,32,149,naive,uplink_bytes,2479408.0,600,0.8412408759124088,0.7921760391198044,HAR_Dirichlet
logistic,iid,128,11,client_ema,uplink_bytes,7088064.0,575,0.8822992700729927,0.8484107579462102,HAR_Dirichlet
logistic,iid,128,11,conditional,uplink_bytes,7088064.0,575,0.8813868613138686,0.8410757946210269,HAR_Dirichlet
logistic,iid,128,11,estimated_conditional,uplink_bytes,7088064.0,500,0.8768248175182481,0.8386308068459658,HAR_Dirichlet
logistic,iid,128,11,fixed_k,uplink_bytes,7088064.0,600,0.8795620437956204,0.8361858190709046,HAR_Dirichlet
logistic,iid,128,11,mean_length,uplink_bytes,7088064.0,575,0.8804744525547445,0.843520782396088,HAR_Dirichlet
logistic,iid,128,11,naive,uplink_bytes,7088064.0,575,0.8740875912408759,0.8312958435207825,HAR_Dirichlet
logistic,iid,128,23,client_ema,uplink_bytes,7081728.0,575,0.8777372262773723,0.8264058679706602,HAR_Dirichlet
logistic,iid,128,23,conditional,uplink_bytes,7081728.0,600,0.8713503649635036,0.8190709046454768,HAR_Dirichlet
logistic,iid,128,23,estimated_conditional,uplink_bytes,7081728.0,500,0.8695255474452555,0.8092909535452323,HAR_Dirichlet
logistic,iid,128,23,fixed_k,uplink_bytes,7081728.0,575,0.875,0.8288508557457213,HAR_Dirichlet
logistic,iid,128,23,mean_length,uplink_bytes,7081728.0,575,0.8731751824817519,0.8288508557457213,HAR_Dirichlet
logistic,iid,128,23,naive,uplink_bytes,7081728.0,575,0.8631386861313869,0.8166259168704156,HAR_Dirichlet
logistic,iid,128,47,client_ema,uplink_bytes,7088064.0,575,0.8713503649635036,0.8215158924205379,HAR_Dirichlet
logistic,iid,128,47,conditional,uplink_bytes,7088064.0,575,0.8704379562043796,0.823960880195599,HAR_Dirichlet
logistic,iid,128,47,estimated_conditional,uplink_bytes,7088064.0,500,0.8686131386861314,0.8215158924205379,HAR_Dirichlet
logistic,iid,128,47,fixed_k,uplink_bytes,7088064.0,600,0.8686131386861314,0.8264058679706602,HAR_Dirichlet
logistic,iid,128,47,mean_length,uplink_bytes,7088064.0,575,0.8686131386861314,0.8166259168704156,HAR_Dirichlet
logistic,iid,128,47,naive,uplink_bytes,7088064.0,575,0.8576642335766423,0.7995110024449877,HAR_Dirichlet
logistic,iid,128,59,client_ema,uplink_bytes,7088064.0,575,0.8686131386861314,0.8215158924205379,HAR_Dirichlet
logistic,iid,128,59,conditional,uplink_bytes,7088064.0,575,0.8704379562043796,0.8166259168704156,HAR_Dirichlet
logistic,iid,128,59,estimated_conditional,uplink_bytes,7088064.0,500,0.8667883211678832,0.823960880195599,HAR_Dirichlet
logistic,iid,128,59,fixed_k,uplink_bytes,7088064.0,600,0.8667883211678832,0.8264058679706602,HAR_Dirichlet
logistic,iid,128,59,mean_length,uplink_bytes,7088064.0,575,0.8704379562043796,0.8166259168704156,HAR_Dirichlet
logistic,iid,128,59,naive,uplink_bytes,7088064.0,575,0.8531021897810219,0.80440097799511,HAR_Dirichlet
logistic,iid,128,67,client_ema,uplink_bytes,7088064.0,575,0.8832116788321168,0.8386308068459658,HAR_Dirichlet
logistic,iid,128,67,conditional,uplink_bytes,7088064.0,575,0.8813868613138686,0.8288508557457213,HAR_Dirichlet
logistic,iid,128,67,estimated_conditional,uplink_bytes,7088064.0,500,0.8768248175182481,0.8361858190709046,HAR_Dirichlet
logistic,iid,128,67,fixed_k,uplink_bytes,7088064.0,600,0.885036496350365,0.8288508557457213,HAR_Dirichlet
logistic,iid,128,67,mean_length,uplink_bytes,7088064.0,575,0.8859489051094891,0.8386308068459658,HAR_Dirichlet
logistic,iid,128,67,naive,uplink_bytes,7088064.0,575,0.8813868613138686,0.8288508557457213,HAR_Dirichlet
logistic,iid,128,83,client_ema,uplink_bytes,7088064.0,575,0.885036496350365,0.8484107579462102,HAR_Dirichlet
logistic,iid,128,83,conditional,uplink_bytes,7088064.0,575,0.885036496350365,0.8508557457212714,HAR_Dirichlet
logistic,iid,128,83,estimated_conditional,uplink_bytes,7088064.0,500,0.8822992700729927,0.8410757946210269,HAR_Dirichlet
logistic,iid,128,83,fixed_k,uplink_bytes,7088064.0,600,0.8722627737226277,0.8337408312958435,HAR_Dirichlet
logistic,iid,128,83,mean_length,uplink_bytes,7088064.0,575,0.8895985401459854,0.8557457212713936,HAR_Dirichlet
logistic,iid,128,83,naive,uplink_bytes,7088064.0,575,0.8759124087591241,0.8337408312958435,HAR_Dirichlet
logistic,iid,128,97,client_ema,uplink_bytes,7088064.0,575,0.8841240875912408,0.8288508557457213,HAR_Dirichlet
logistic,iid,128,97,conditional,uplink_bytes,7088064.0,575,0.8832116788321168,0.8288508557457213,HAR_Dirichlet
logistic,iid,128,97,estimated_conditional,uplink_bytes,7088064.0,500,0.8786496350364964,0.8264058679706602,HAR_Dirichlet
logistic,iid,128,97,fixed_k,uplink_bytes,7088064.0,600,0.8722627737226277,0.8264058679706602,HAR_Dirichlet
logistic,iid,128,97,mean_length,uplink_bytes,7088064.0,575,0.8868613138686131,0.8337408312958435,HAR_Dirichlet
logistic,iid,128,97,naive,uplink_bytes,7088064.0,575,0.8759124087591241,0.80440097799511,HAR_Dirichlet
logistic,iid,128,101,client_ema,uplink_bytes,7088064.0,575,0.8786496350364964,0.8386308068459658,HAR_Dirichlet
logistic,iid,128,101,conditional,uplink_bytes,7088064.0,575,0.8740875912408759,0.8337408312958435,HAR_Dirichlet
logistic,iid,128,101,estimated_conditional,uplink_bytes,7088064.0,500,0.875,0.8337408312958435,HAR_Dirichlet
logistic,iid,128,101,fixed_k,uplink_bytes,7088064.0,600,0.8795620437956204,0.8288508557457213,HAR_Dirichlet
logistic,iid,128,101,mean_length,uplink_bytes,7088064.0,575,0.8740875912408759,0.8288508557457213,HAR_Dirichlet
logistic,iid,128,101,naive,uplink_bytes,7088064.0,575,0.8658759124087592,0.8141809290953546,HAR_Dirichlet
logistic,iid,128,113,client_ema,uplink_bytes,7088064.0,575,0.8731751824817519,0.8361858190709046,HAR_Dirichlet
logistic,iid,128,113,conditional,uplink_bytes,7088064.0,575,0.8722627737226277,0.8361858190709046,HAR_Dirichlet
logistic,iid,128,113,estimated_conditional,uplink_bytes,7088064.0,500,0.8740875912408759,0.8337408312958435,HAR_Dirichlet
logistic,iid,128,113,fixed_k,uplink_bytes,7088064.0,600,0.8786496350364964,0.8386308068459658,HAR_Dirichlet
logistic,iid,128,113,mean_length,uplink_bytes,7088064.0,575,0.8759124087591241,0.8361858190709046,HAR_Dirichlet
logistic,iid,128,113,naive,uplink_bytes,7088064.0,575,0.864963503649635,0.8215158924205379,HAR_Dirichlet
logistic,iid,128,127,client_ema,uplink_bytes,7083840.0,575,0.8731751824817519,0.8386308068459658,HAR_Dirichlet
logistic,iid,128,127,conditional,uplink_bytes,7083840.0,575,0.8731751824817519,0.8386308068459658,HAR_Dirichlet
logistic,iid,128,127,estimated_conditional,uplink_bytes,7083840.0,500,0.8768248175182481,0.8386308068459658,HAR_Dirichlet
logistic,iid,128,127,fixed_k,uplink_bytes,7083840.0,575,0.8740875912408759,0.8484107579462102,HAR_Dirichlet
logistic,iid,128,127,mean_length,uplink_bytes,7083840.0,575,0.875,0.8386308068459658,HAR_Dirichlet
logistic,iid,128,127,naive,uplink_bytes,7083840.0,600,0.8704379562043796,0.8264058679706602,HAR_Dirichlet
logistic,iid,128,137,client_ema,uplink_bytes,7088064.0,575,0.8594890510948905,0.8092909535452323,HAR_Dirichlet
logistic,iid,128,137,conditional,uplink_bytes,7088064.0,575,0.8594890510948905,0.8068459657701712,HAR_Dirichlet
logistic,iid,128,137,estimated_conditional,uplink_bytes,7088064.0,500,0.8467153284671532,0.7946210268948656,HAR_Dirichlet
logistic,iid,128,137,fixed_k,uplink_bytes,7088064.0,600,0.8631386861313869,0.8068459657701712,HAR_Dirichlet
logistic,iid,128,137,mean_length,uplink_bytes,7088064.0,575,0.8604014598540146,0.8068459657701712,HAR_Dirichlet
logistic,iid,128,137,naive,uplink_bytes,7088064.0,575,0.8485401459854015,0.784841075794621,HAR_Dirichlet
logistic,iid,128,149,client_ema,uplink_bytes,7088064.0,575,0.8740875912408759,0.8337408312958435,HAR_Dirichlet
logistic,iid,128,149,conditional,uplink_bytes,7088064.0,575,0.8677007299270073,0.8215158924205379,HAR_Dirichlet
logistic,iid,128,149,estimated_conditional,uplink_bytes,7088064.0,500,0.8686131386861314,0.8215158924205379,HAR_Dirichlet
logistic,iid,128,149,fixed_k,uplink_bytes,7088064.0,600,0.864963503649635,0.8337408312958435,HAR_Dirichlet
logistic,iid,128,149,mean_length,uplink_bytes,7088064.0,575,0.8677007299270073,0.8215158924205379,HAR_Dirichlet
logistic,iid,128,149,naive,uplink_bytes,7088064.0,575,0.8531021897810219,0.80440097799511,HAR_Dirichlet
logistic,iid,512,11,client_ema,uplink_bytes,26523640.0,575,0.8905109489051095,0.8679706601466992,HAR_Dirichlet
logistic,iid,512,11,conditional,uplink_bytes,26523640.0,575,0.8923357664233577,0.8704156479217604,HAR_Dirichlet
logistic,iid,512,11,estimated_conditional,uplink_bytes,26523640.0,500,0.8859489051094891,0.863080684596577,HAR_Dirichlet
logistic,iid,512,11,fixed_k,uplink_bytes,26523640.0,575,0.885036496350365,0.8606356968215159,HAR_Dirichlet
logistic,iid,512,11,mean_length,uplink_bytes,26523640.0,600,0.8923357664233577,0.8655256723716381,HAR_Dirichlet
logistic,iid,512,11,naive,uplink_bytes,26523640.0,575,0.8832116788321168,0.8508557457212714,HAR_Dirichlet
logistic,iid,512,23,client_ema,uplink_bytes,26528064.0,575,0.8868613138686131,0.8533007334963325,HAR_Dirichlet
logistic,iid,512,23,conditional,uplink_bytes,26528064.0,575,0.885036496350365,0.8508557457212714,HAR_Dirichlet
logistic,iid,512,23,estimated_conditional,uplink_bytes,26528064.0,500,0.8813868613138686,0.843520782396088,HAR_Dirichlet
logistic,iid,512,23,fixed_k,uplink_bytes,26528064.0,600,0.8877737226277372,0.8484107579462102,HAR_Dirichlet
logistic,iid,512,23,mean_length,uplink_bytes,26528064.0,575,0.8841240875912408,0.8459657701711492,HAR_Dirichlet
logistic,iid,512,23,naive,uplink_bytes,26528064.0,575,0.885036496350365,0.8410757946210269,HAR_Dirichlet
logistic,iid,512,47,client_ema,uplink_bytes,26528064.0,575,0.8841240875912408,0.8557457212713936,HAR_Dirichlet
logistic,iid,512,47,conditional,uplink_bytes,26528064.0,575,0.8795620437956204,0.8484107579462102,HAR_Dirichlet
logistic,iid,512,47,estimated_conditional,uplink_bytes,26528064.0,500,0.8722627737226277,0.843520782396088,HAR_Dirichlet
logistic,iid,512,47,fixed_k,uplink_bytes,26528064.0,600,0.8822992700729927,0.843520782396088,HAR_Dirichlet
logistic,iid,512,47,mean_length,uplink_bytes,26528064.0,575,0.8795620437956204,0.8484107579462102,HAR_Dirichlet
logistic,iid,512,47,naive,uplink_bytes,26528064.0,575,0.8759124087591241,0.8386308068459658,HAR_Dirichlet
logistic,iid,512,59,client_ema,uplink_bytes,26511448.0,575,0.8813868613138686,0.8533007334963325,HAR_Dirichlet
logistic,iid,512,59,conditional,uplink_bytes,26511448.0,600,0.8832116788321168,0.8606356968215159,HAR_Dirichlet
logistic,iid,512,59,estimated_conditional,uplink_bytes,26511448.0,500,0.8822992700729927,0.843520782396088,HAR_Dirichlet
logistic,iid,512,59,fixed_k,uplink_bytes,26511448.0,575,0.8832116788321168,0.8508557457212714,HAR_Dirichlet
logistic,iid,512,59,mean_length,uplink_bytes,26511448.0,575,0.8813868613138686,0.8581907090464548,HAR_Dirichlet
logistic,iid,512,59,naive,uplink_bytes,26511448.0,575,0.8686131386861314,0.8264058679706602,HAR_Dirichlet
logistic,iid,512,67,client_ema,uplink_bytes,26528064.0,575,0.8841240875912408,0.843520782396088,HAR_Dirichlet
logistic,iid,512,67,conditional,uplink_bytes,26528064.0,575,0.8886861313868614,0.8484107579462102,HAR_Dirichlet
logistic,iid,512,67,estimated_conditional,uplink_bytes,26528064.0,500,0.8804744525547445,0.8533007334963325,HAR_Dirichlet
logistic,iid,512,67,fixed_k,uplink_bytes,26528064.0,600,0.8905109489051095,0.8508557457212714,HAR_Dirichlet
logistic,iid,512,67,mean_length,uplink_bytes,26528064.0,575,0.8877737226277372,0.8459657701711492,HAR_Dirichlet
logistic,iid,512,67,naive,uplink_bytes,26528064.0,575,0.8868613138686131,0.843520782396088,HAR_Dirichlet
logistic,iid,512,83,client_ema,uplink_bytes,26528064.0,575,0.8859489051094891,0.855191256830601,HAR_Dirichlet
logistic,iid,512,83,conditional,uplink_bytes,26528064.0,575,0.8868613138686131,0.8533007334963325,HAR_Dirichlet
logistic,iid,512,83,estimated_conditional,uplink_bytes,26528064.0,500,0.8877737226277372,0.8508557457212714,HAR_Dirichlet
logistic,iid,512,83,fixed_k,uplink_bytes,26528064.0,600,0.8832116788321168,0.843520782396088,HAR_Dirichlet
logistic,iid,512,83,mean_length,uplink_bytes,26528064.0,575,0.8868613138686131,0.8533007334963325,HAR_Dirichlet
logistic,iid,512,83,naive,uplink_bytes,26528064.0,575,0.8804744525547445,0.8410757946210269,HAR_Dirichlet
logistic,iid,512,97,client_ema,uplink_bytes,26528064.0,575,0.8841240875912408,0.8484107579462102,HAR_Dirichlet
logistic,iid,512,97,conditional,uplink_bytes,26528064.0,575,0.8832116788321168,0.8484107579462102,HAR_Dirichlet
logistic,iid,512,97,estimated_conditional,uplink_bytes,26528064.0,500,0.8895985401459854,0.8459657701711492,HAR_Dirichlet
logistic,iid,512,97,fixed_k,uplink_bytes,26528064.0,600,0.8877737226277372,0.8508557457212714,HAR_Dirichlet
logistic,iid,512,97,mean_length,uplink_bytes,26528064.0,575,0.8822992700729927,0.8508557457212714,HAR_Dirichlet
logistic,iid,512,97,naive,uplink_bytes,26528064.0,575,0.8859489051094891,0.8361858190709046,HAR_Dirichlet
logistic,iid,512,101,client_ema,uplink_bytes,26524024.0,600,0.8886861313868614,0.8508557457212714,HAR_Dirichlet
logistic,iid,512,101,conditional,uplink_bytes,26524024.0,575,0.8895985401459854,0.8557457212713936,HAR_Dirichlet
logistic,iid,512,101,estimated_conditional,uplink_bytes,26524024.0,500,0.8859489051094891,0.8557457212713936,HAR_Dirichlet
logistic,iid,512,101,fixed_k,uplink_bytes,26524024.0,575,0.8905109489051095,0.8484107579462102,HAR_Dirichlet
logistic,iid,512,101,mean_length,uplink_bytes,26524024.0,575,0.8905109489051095,0.8557457212713936,HAR_Dirichlet
logistic,iid,512,101,naive,uplink_bytes,26524024.0,575,0.8786496350364964,0.8459657701711492,HAR_Dirichlet
logistic,iid,512,113,client_ema,uplink_bytes,26520648.0,600,0.8795620437956204,0.8459657701711492,HAR_Dirichlet
logistic,iid,512,113,conditional,uplink_bytes,26520648.0,575,0.8841240875912408,0.8557457212713936,HAR_Dirichlet
logistic,iid,512,113,estimated_conditional,uplink_bytes,26520648.0,500,0.8841240875912408,0.8508557457212714,HAR_Dirichlet
logistic,iid,512,113,fixed_k,uplink_bytes,26520648.0,575,0.8777372262773723,0.8533007334963325,HAR_Dirichlet
logistic,iid,512,113,mean_length,uplink_bytes,26520648.0,575,0.885036496350365,0.8557457212713936,HAR_Dirichlet
logistic,iid,512,113,naive,uplink_bytes,26520648.0,575,0.8795620437956204,0.8410757946210269,HAR_Dirichlet
logistic,iid,512,127,client_ema,uplink_bytes,26503432.0,575,0.8804744525547445,0.8533007334963325,HAR_Dirichlet
logistic,iid,512,127,conditional,uplink_bytes,26503432.0,575,0.8795620437956204,0.8533007334963325,HAR_Dirichlet
logistic,iid,512,127,estimated_conditional,uplink_bytes,26503432.0,500,0.8859489051094891,0.8557457212713936,HAR_Dirichlet
logistic,iid,512,127,fixed_k,uplink_bytes,26503432.0,575,0.8768248175182481,0.8484107579462102,HAR_Dirichlet
logistic,iid,512,127,mean_length,uplink_bytes,26503432.0,600,0.8832116788321168,0.8579234972677595,HAR_Dirichlet
logistic,iid,512,127,naive,uplink_bytes,26503432.0,575,0.8777372262773723,0.8484107579462102,HAR_Dirichlet
logistic,iid,512,137,client_ema,uplink_bytes,26528064.0,575,0.875,0.8386308068459658,HAR_Dirichlet
logistic,iid,512,137,conditional,uplink_bytes,26528064.0,575,0.8759124087591241,0.8386308068459658,HAR_Dirichlet
logistic,iid,512,137,estimated_conditional,uplink_bytes,26528064.0,500,0.8777372262773723,0.8361858190709046,HAR_Dirichlet
logistic,iid,512,137,fixed_k,uplink_bytes,26528064.0,600,0.8759124087591241,0.8337408312958435,HAR_Dirichlet
logistic,iid,512,137,mean_length,uplink_bytes,26528064.0,575,0.8759124087591241,0.8386308068459658,HAR_Dirichlet
logistic,iid,512,137,naive,uplink_bytes,26528064.0,575,0.8594890510948905,0.8117359413202934,HAR_Dirichlet
logistic,iid,512,149,client_ema,uplink_bytes,26528064.0,575,0.8813868613138686,0.8459657701711492,HAR_Dirichlet
logistic,iid,512,149,conditional,uplink_bytes,26528064.0,575,0.8841240875912408,0.8459657701711492,HAR_Dirichlet
logistic,iid,512,149,estimated_conditional,uplink_bytes,26528064.0,500,0.8886861313868614,0.843520782396088,HAR_Dirichlet
logistic,iid,512,149,fixed_k,uplink_bytes,26528064.0,600,0.8786496350364964,0.8459657701711492,HAR_Dirichlet
logistic,iid,512,149,mean_length,uplink_bytes,26528064.0,575,0.8841240875912408,0.8459657701711492,HAR_Dirichlet
logistic,iid,512,149,naive,uplink_bytes,26528064.0,575,0.8795620437956204,0.8410757946210269,HAR_Dirichlet
logistic,iid,32,11,client_ema,total_wire_bytes,10990392.0,575,0.8667883211678832,0.8288508557457213,HAR_Dirichlet
logistic,iid,32,11,conditional,total_wire_bytes,10990392.0,575,0.8731751824817519,0.8361858190709046,HAR_Dirichlet
logistic,iid,32,11,estimated_conditional,total_wire_bytes,10990392.0,575,0.8713503649635036,0.8337408312958435,HAR_Dirichlet
logistic,iid,32,11,fixed_k,total_wire_bytes,10990392.0,600,0.8731751824817519,0.8288508557457213,HAR_Dirichlet
logistic,iid,32,11,mean_length,total_wire_bytes,10990392.0,575,0.8677007299270073,0.8264058679706602,HAR_Dirichlet
logistic,iid,32,11,naive,total_wire_bytes,10990392.0,575,0.8521897810218978,0.8141809290953546,HAR_Dirichlet
logistic,iid,32,23,client_ema,total_wire_bytes,10989192.0,575,0.8576642335766423,0.7995110024449877,HAR_Dirichlet
logistic,iid,32,23,conditional,total_wire_bytes,10989192.0,600,0.8458029197080292,0.7726161369193154,HAR_Dirichlet
logistic,iid,32,23,estimated_conditional,total_wire_bytes,10989192.0,575,0.8576642335766423,0.7921760391198044,HAR_Dirichlet
logistic,iid,32,23,fixed_k,total_wire_bytes,10989192.0,575,0.8722627737226277,0.8092909535452323,HAR_Dirichlet
logistic,iid,32,23,mean_length,total_wire_bytes,10989192.0,575,0.8585766423357665,0.7872860635696821,HAR_Dirichlet
logistic,iid,32,23,naive,total_wire_bytes,10989192.0,575,0.8403284671532847,0.7726161369193154,HAR_Dirichlet
logistic,iid,32,47,client_ema,total_wire_bytes,10990392.0,575,0.8485401459854015,0.78239608801956,HAR_Dirichlet
logistic,iid,32,47,conditional,total_wire_bytes,10990392.0,575,0.843978102189781,0.7799511002444988,HAR_Dirichlet
logistic,iid,32,47,estimated_conditional,total_wire_bytes,10990392.0,575,0.8458029197080292,0.784841075794621,HAR_Dirichlet
logistic,iid,32,47,fixed_k,total_wire_bytes,10990392.0,600,0.8458029197080292,0.78239608801956,HAR_Dirichlet
logistic,iid,32,47,mean_length,total_wire_bytes,10990392.0,575,0.8458029197080292,0.78239608801956,HAR_Dirichlet
logistic,iid,32,47,naive,total_wire_bytes,10990392.0,575,0.8348540145985401,0.7603911980440098,HAR_Dirichlet
logistic,iid,32,59,client_ema,total_wire_bytes,10985616.0,575,0.843065693430657,0.80440097799511,HAR_Dirichlet
logistic,iid,32,59,conditional,total_wire_bytes,10985616.0,575,0.843065693430657,0.8092909535452323,HAR_Dirichlet
logistic,iid,32,59,estimated_conditional,total_wire_bytes,10985616.0,575,0.843065693430657,0.80440097799511,HAR_Dirichlet
logistic,iid,32,59,fixed_k,total_wire_bytes,10985616.0,575,0.8421532846715328,0.8068459657701712,HAR_Dirichlet
logistic,iid,32,59,mean_length,total_wire_bytes,10985616.0,600,0.8412408759124088,0.80440097799511,HAR_Dirichlet
logistic,iid,32,59,naive,total_wire_bytes,10985616.0,575,0.8211678832116789,0.7897310513447433,HAR_Dirichlet
logistic,iid,32,67,client_ema,total_wire_bytes,10987080.0,575,0.8695255474452555,0.8117359413202934,HAR_Dirichlet
logistic,iid,32,67,conditional,total_wire_bytes,10987080.0,575,0.8686131386861314,0.8117359413202934,HAR_Dirichlet
logistic,iid,32,67,estimated_conditional,total_wire_bytes,10987080.0,575,0.8531021897810219,0.7921760391198044,HAR_Dirichlet
logistic,iid,32,67,fixed_k,total_wire_bytes,10987080.0,575,0.8604014598540146,0.7995110024449877,HAR_Dirichlet
logistic,iid,32,67,mean_length,total_wire_bytes,10987080.0,575,0.8667883211678832,0.80440097799511,HAR_Dirichlet
logistic,iid,32,67,naive,total_wire_bytes,10987080.0,600,0.8622262773722628,0.7970660146699267,HAR_Dirichlet
logistic,iid,32,83,client_ema,total_wire_bytes,10990392.0,575,0.8631386861313869,0.8068459657701712,HAR_Dirichlet
logistic,iid,32,83,conditional,total_wire_bytes,10990392.0,575,0.8722627737226277,0.8215158924205379,HAR_Dirichlet
logistic,iid,32,83,estimated_conditional,total_wire_bytes,10990392.0,575,0.8722627737226277,0.823960880195599,HAR_Dirichlet
logistic,iid,32,83,fixed_k,total_wire_bytes,10990392.0,600,0.8594890510948905,0.8190709046454768,HAR_Dirichlet
logistic,iid,32,83,mean_length,total_wire_bytes,10990392.0,575,0.8695255474452555,0.8141809290953546,HAR_Dirichlet
logistic,iid,32,83,naive,total_wire_bytes,10990392.0,575,0.8494525547445255,0.784841075794621,HAR_Dirichlet
logistic,iid,32,97,client_ema,total_wire_bytes,10990392.0,575,0.8759124087591241,0.8068459657701712,HAR_Dirichlet
logistic,iid,32,97,conditional,total_wire_bytes,10990392.0,575,0.8832116788321168,0.8117359413202934,HAR_Dirichlet
logistic,iid,32,97,estimated_conditional,total_wire_bytes,10990392.0,575,0.8859489051094891,0.8092909535452323,HAR_Dirichlet
logistic,iid,32,97,fixed_k,total_wire_bytes,10990392.0,600,0.8813868613138686,0.8117359413202934,HAR_Dirichlet
logistic,iid,32,97,mean_length,total_wire_bytes,10990392.0,575,0.8832116788321168,0.8092909535452323,HAR_Dirichlet
logistic,iid,32,97,naive,total_wire_bytes,10990392.0,575,0.8658759124087592,0.7750611246943765,HAR_Dirichlet
logistic,iid,32,101,client_ema,total_wire_bytes,10985048.0,575,0.8613138686131386,0.7995110024449877,HAR_Dirichlet
logistic,iid,32,101,conditional,total_wire_bytes,10985048.0,600,0.8558394160583942,0.7970660146699267,HAR_Dirichlet
logistic,iid,32,101,estimated_conditional,total_wire_bytes,10985048.0,575,0.8467153284671532,0.7995110024449877,HAR_Dirichlet
logistic,iid,32,101,fixed_k,total_wire_bytes,10985048.0,575,0.8512773722627737,0.7946210268948656,HAR_Dirichlet
logistic,iid,32,101,mean_length,total_wire_bytes,10985048.0,575,0.8521897810218978,0.7921760391198044,HAR_Dirichlet
logistic,iid,32,101,naive,total_wire_bytes,10985048.0,575,0.8375912408759124,0.7726161369193154,HAR_Dirichlet
logistic,iid,32,113,client_ema,total_wire_bytes,10990392.0,575,0.8531021897810219,0.8068459657701712,HAR_Dirichlet
logistic,iid,32,113,conditional,total_wire_bytes,10990392.0,575,0.843065693430657,0.7970660146699267,HAR_Dirichlet
logistic,iid,32,113,estimated_conditional,total_wire_bytes,10990392.0,575,0.8421532846715328,0.7946210268948656,HAR_Dirichlet
logistic,iid,32,113,fixed_k,total_wire_bytes,10990392.0,600,0.8604014598540146,0.80440097799511,HAR_Dirichlet
logistic,iid,32,113,mean_length,total_wire_bytes,10990392.0,575,0.8503649635036497,0.8092909535452323,HAR_Dirichlet
logistic,iid,32,113,naive,total_wire_bytes,10990392.0,575,0.843065693430657,0.78239608801956,HAR_Dirichlet
logistic,iid,32,127,client_ema,total_wire_bytes,10989312.0,575,0.8740875912408759,0.8312958435207825,HAR_Dirichlet
logistic,iid,32,127,conditional,total_wire_bytes,10989312.0,575,0.8677007299270073,0.8166259168704156,HAR_Dirichlet
logistic,iid,32,127,estimated_conditional,total_wire_bytes,10989312.0,575,0.8622262773722628,0.8141809290953546,HAR_Dirichlet
logistic,iid,32,127,fixed_k,total_wire_bytes,10989312.0,575,0.8631386861313869,0.823960880195599,HAR_Dirichlet
logistic,iid,32,127,mean_length,total_wire_bytes,10989312.0,600,0.8704379562043796,0.8264058679706602,HAR_Dirichlet
logistic,iid,32,127,naive,total_wire_bytes,10989312.0,575,0.8467153284671532,0.80440097799511,HAR_Dirichlet
logistic,iid,32,137,client_ema,total_wire_bytes,10990392.0,575,0.8403284671532847,0.7872860635696821,HAR_Dirichlet
logistic,iid,32,137,conditional,total_wire_bytes,10990392.0,575,0.833941605839416,0.7726161369193154,HAR_Dirichlet
logistic,iid,32,137,estimated_conditional,total_wire_bytes,10990392.0,575,0.833941605839416,0.7677261613691931,HAR_Dirichlet
logistic,iid,32,137,fixed_k,total_wire_bytes,10990392.0,600,0.8403284671532847,0.7750611246943765,HAR_Dirichlet
logistic,iid,32,137,mean_length,total_wire_bytes,10990392.0,575,0.8357664233576643,0.7775061124694377,HAR_Dirichlet
logistic,iid,32,137,naive,total_wire_bytes,10990392.0,575,0.822992700729927,0.7579462102689487,HAR_Dirichlet
logistic,iid,32,149,client_ema,total_wire_bytes,10989736.0,575,0.8531021897810219,0.80440097799511,HAR_Dirichlet
logistic,iid,32,149,conditional,total_wire_bytes,10989736.0,575,0.8503649635036497,0.8019559902200489,HAR_Dirichlet
logistic,iid,32,149,estimated_conditional,total_wire_bytes,10989736.0,575,0.8585766423357665,0.80440097799511,HAR_Dirichlet
logistic,iid,32,149,fixed_k,total_wire_bytes,10989736.0,575,0.8494525547445255,0.8117359413202934,HAR_Dirichlet
logistic,iid,32,149,mean_length,total_wire_bytes,10989736.0,575,0.8521897810218978,0.7995110024449877,HAR_Dirichlet
logistic,iid,32,149,naive,total_wire_bytes,10989736.0,600,0.8412408759124088,0.7921760391198044,HAR_Dirichlet
logistic,iid,128,11,client_ema,total_wire_bytes,15598392.0,575,0.8822992700729927,0.8484107579462102,HAR_Dirichlet
logistic,iid,128,11,conditional,total_wire_bytes,15598392.0,575,0.8813868613138686,0.8410757946210269,HAR_Dirichlet
logistic,iid,128,11,estimated_conditional,total_wire_bytes,15598392.0,550,0.8813868613138686,0.8459657701711492,HAR_Dirichlet
logistic,iid,128,11,fixed_k,total_wire_bytes,15598392.0,600,0.8795620437956204,0.8361858190709046,HAR_Dirichlet
logistic,iid,128,11,mean_length,total_wire_bytes,15598392.0,575,0.8804744525547445,0.843520782396088,HAR_Dirichlet
logistic,iid,128,11,naive,total_wire_bytes,15598392.0,575,0.8740875912408759,0.8312958435207825,HAR_Dirichlet
logistic,iid,128,23,client_ema,total_wire_bytes,15592056.0,575,0.8777372262773723,0.8264058679706602,HAR_Dirichlet
logistic,iid,128,23,conditional,total_wire_bytes,15592056.0,600,0.8713503649635036,0.8190709046454768,HAR_Dirichlet
logistic,iid,128,23,estimated_conditional,total_wire_bytes,15592056.0,550,0.875,0.8190709046454768,HAR_Dirichlet
logistic,iid,128,23,fixed_k,total_wire_bytes,15592056.0,575,0.875,0.8288508557457213,HAR_Dirichlet
logistic,iid,128,23,mean_length,total_wire_bytes,15592056.0,575,0.8731751824817519,0.8288508557457213,HAR_Dirichlet
logistic,iid,128,23,naive,total_wire_bytes,15592056.0,575,0.8631386861313869,0.8166259168704156,HAR_Dirichlet
logistic,iid,128,47,client_ema,total_wire_bytes,15598392.0,575,0.8713503649635036,0.8215158924205379,HAR_Dirichlet
logistic,iid,128,47,conditional,total_wire_bytes,15598392.0,575,0.8704379562043796,0.823960880195599,HAR_Dirichlet
logistic,iid,128,47,estimated_conditional,total_wire_bytes,15598392.0,550,0.8713503649635036,0.8264058679706602,HAR_Dirichlet
logistic,iid,128,47,fixed_k,total_wire_bytes,15598392.0,600,0.8686131386861314,0.8264058679706602,HAR_Dirichlet
logistic,iid,128,47,mean_length,total_wire_bytes,15598392.0,575,0.8686131386861314,0.8166259168704156,HAR_Dirichlet
logistic,iid,128,47,naive,total_wire_bytes,15598392.0,575,0.8576642335766423,0.7995110024449877,HAR_Dirichlet
logistic,iid,128,59,client_ema,total_wire_bytes,15598392.0,575,0.8686131386861314,0.8215158924205379,HAR_Dirichlet
logistic,iid,128,59,conditional,total_wire_bytes,15598392.0,575,0.8704379562043796,0.8166259168704156,HAR_Dirichlet
logistic,iid,128,59,estimated_conditional,total_wire_bytes,15598392.0,550,0.8713503649635036,0.8288508557457213,HAR_Dirichlet
logistic,iid,128,59,fixed_k,total_wire_bytes,15598392.0,600,0.8667883211678832,0.8264058679706602,HAR_Dirichlet
logistic,iid,128,59,mean_length,total_wire_bytes,15598392.0,575,0.8704379562043796,0.8166259168704156,HAR_Dirichlet
logistic,iid,128,59,naive,total_wire_bytes,15598392.0,575,0.8531021897810219,0.80440097799511,HAR_Dirichlet
logistic,iid,128,67,client_ema,total_wire_bytes,15598392.0,575,0.8832116788321168,0.8386308068459658,HAR_Dirichlet
logistic,iid,128,67,conditional,total_wire_bytes,15598392.0,575,0.8813868613138686,0.8288508557457213,HAR_Dirichlet
logistic,iid,128,67,estimated_conditional,total_wire_bytes,15598392.0,550,0.875,0.8288508557457213,HAR_Dirichlet
logistic,iid,128,67,fixed_k,total_wire_bytes,15598392.0,600,0.885036496350365,0.8288508557457213,HAR_Dirichlet
logistic,iid,128,67,mean_length,total_wire_bytes,15598392.0,575,0.8859489051094891,0.8386308068459658,HAR_Dirichlet
logistic,iid,128,67,naive,total_wire_bytes,15598392.0,575,0.8813868613138686,0.8288508557457213,HAR_Dirichlet
logistic,iid,128,83,client_ema,total_wire_bytes,15598392.0,575,0.885036496350365,0.8484107579462102,HAR_Dirichlet
logistic,iid,128,83,conditional,total_wire_bytes,15598392.0,575,0.885036496350365,0.8508557457212714,HAR_Dirichlet
logistic,iid,128,83,estimated_conditional,total_wire_bytes,15598392.0,550,0.8813868613138686,0.843520782396088,HAR_Dirichlet
logistic,iid,128,83,fixed_k,total_wire_bytes,15598392.0,600,0.8722627737226277,0.8337408312958435,HAR_Dirichlet
logistic,iid,128,83,mean_length,total_wire_bytes,15598392.0,575,0.8895985401459854,0.8557457212713936,HAR_Dirichlet
logistic,iid,128,83,naive,total_wire_bytes,15598392.0,575,0.8759124087591241,0.8337408312958435,HAR_Dirichlet
logistic,iid,128,97,client_ema,total_wire_bytes,15598392.0,575,0.8841240875912408,0.8288508557457213,HAR_Dirichlet
logistic,iid,128,97,conditional,total_wire_bytes,15598392.0,575,0.8832116788321168,0.8288508557457213,HAR_Dirichlet
logistic,iid,128,97,estimated_conditional,total_wire_bytes,15598392.0,550,0.8886861313868614,0.8312958435207825,HAR_Dirichlet
logistic,iid,128,97,fixed_k,total_wire_bytes,15598392.0,600,0.8722627737226277,0.8264058679706602,HAR_Dirichlet
logistic,iid,128,97,mean_length,total_wire_bytes,15598392.0,575,0.8868613138686131,0.8337408312958435,HAR_Dirichlet
logistic,iid,128,97,naive,total_wire_bytes,15598392.0,575,0.8759124087591241,0.80440097799511,HAR_Dirichlet
logistic,iid,128,101,client_ema,total_wire_bytes,15598392.0,575,0.8786496350364964,0.8386308068459658,HAR_Dirichlet
logistic,iid,128,101,conditional,total_wire_bytes,15598392.0,575,0.8740875912408759,0.8337408312958435,HAR_Dirichlet
logistic,iid,128,101,estimated_conditional,total_wire_bytes,15598392.0,550,0.8667883211678832,0.8288508557457213,HAR_Dirichlet
logistic,iid,128,101,fixed_k,total_wire_bytes,15598392.0,600,0.8795620437956204,0.8288508557457213,HAR_Dirichlet
logistic,iid,128,101,mean_length,total_wire_bytes,15598392.0,575,0.8740875912408759,0.8288508557457213,HAR_Dirichlet
logistic,iid,128,101,naive,total_wire_bytes,15598392.0,575,0.8658759124087592,0.8141809290953546,HAR_Dirichlet
logistic,iid,128,113,client_ema,total_wire_bytes,15598392.0,575,0.8731751824817519,0.8361858190709046,HAR_Dirichlet
logistic,iid,128,113,conditional,total_wire_bytes,15598392.0,575,0.8722627737226277,0.8361858190709046,HAR_Dirichlet
logistic,iid,128,113,estimated_conditional,total_wire_bytes,15598392.0,550,0.8804744525547445,0.8337408312958435,HAR_Dirichlet
logistic,iid,128,113,fixed_k,total_wire_bytes,15598392.0,600,0.8786496350364964,0.8386308068459658,HAR_Dirichlet
logistic,iid,128,113,mean_length,total_wire_bytes,15598392.0,575,0.8759124087591241,0.8361858190709046,HAR_Dirichlet
logistic,iid,128,113,naive,total_wire_bytes,15598392.0,575,0.864963503649635,0.8215158924205379,HAR_Dirichlet
logistic,iid,128,127,client_ema,total_wire_bytes,15594168.0,575,0.8731751824817519,0.8386308068459658,HAR_Dirichlet
logistic,iid,128,127,conditional,total_wire_bytes,15594168.0,575,0.8731751824817519,0.8386308068459658,HAR_Dirichlet
logistic,iid,128,127,estimated_conditional,total_wire_bytes,15594168.0,550,0.8777372262773723,0.8410757946210269,HAR_Dirichlet
logistic,iid,128,127,fixed_k,total_wire_bytes,15594168.0,575,0.8740875912408759,0.8484107579462102,HAR_Dirichlet
logistic,iid,128,127,mean_length,total_wire_bytes,15594168.0,575,0.875,0.8386308068459658,HAR_Dirichlet
logistic,iid,128,127,naive,total_wire_bytes,15594168.0,600,0.8704379562043796,0.8264058679706602,HAR_Dirichlet
logistic,iid,128,137,client_ema,total_wire_bytes,15598392.0,575,0.8594890510948905,0.8092909535452323,HAR_Dirichlet
logistic,iid,128,137,conditional,total_wire_bytes,15598392.0,575,0.8594890510948905,0.8068459657701712,HAR_Dirichlet
logistic,iid,128,137,estimated_conditional,total_wire_bytes,15598392.0,550,0.8476277372262774,0.7921760391198044,HAR_Dirichlet
logistic,iid,128,137,fixed_k,total_wire_bytes,15598392.0,600,0.8631386861313869,0.8068459657701712,HAR_Dirichlet
logistic,iid,128,137,mean_length,total_wire_bytes,15598392.0,575,0.8604014598540146,0.8068459657701712,HAR_Dirichlet
logistic,iid,128,137,naive,total_wire_bytes,15598392.0,575,0.8485401459854015,0.784841075794621,HAR_Dirichlet
logistic,iid,128,149,client_ema,total_wire_bytes,15598392.0,575,0.8740875912408759,0.8337408312958435,HAR_Dirichlet
logistic,iid,128,149,conditional,total_wire_bytes,15598392.0,575,0.8677007299270073,0.8215158924205379,HAR_Dirichlet
logistic,iid,128,149,estimated_conditional,total_wire_bytes,15598392.0,550,0.8731751824817519,0.8312958435207825,HAR_Dirichlet
logistic,iid,128,149,fixed_k,total_wire_bytes,15598392.0,600,0.864963503649635,0.8337408312958435,HAR_Dirichlet
logistic,iid,128,149,mean_length,total_wire_bytes,15598392.0,575,0.8677007299270073,0.8215158924205379,HAR_Dirichlet
logistic,iid,128,149,naive,total_wire_bytes,15598392.0,575,0.8531021897810219,0.80440097799511,HAR_Dirichlet
logistic,iid,512,11,client_ema,total_wire_bytes,35033968.0,575,0.8905109489051095,0.8679706601466992,HAR_Dirichlet
logistic,iid,512,11,conditional,total_wire_bytes,35033968.0,575,0.8923357664233577,0.8704156479217604,HAR_Dirichlet
logistic,iid,512,11,estimated_conditional,total_wire_bytes,35033968.0,525,0.8895985401459854,0.8704156479217604,HAR_Dirichlet
logistic,iid,512,11,fixed_k,total_wire_bytes,35033968.0,575,0.885036496350365,0.8606356968215159,HAR_Dirichlet
logistic,iid,512,11,mean_length,total_wire_bytes,35033968.0,600,0.8923357664233577,0.8655256723716381,HAR_Dirichlet
logistic,iid,512,11,naive,total_wire_bytes,35033968.0,575,0.8832116788321168,0.8508557457212714,HAR_Dirichlet
logistic,iid,512,23,client_ema,total_wire_bytes,35038392.0,575,0.8868613138686131,0.8533007334963325,HAR_Dirichlet
logistic,iid,512,23,conditional,total_wire_bytes,35038392.0,575,0.885036496350365,0.8508557457212714,HAR_Dirichlet
logistic,iid,512,23,estimated_conditional,total_wire_bytes,35038392.0,525,0.8859489051094891,0.843520782396088,HAR_Dirichlet
logistic,iid,512,23,fixed_k,total_wire_bytes,35038392.0,600,0.8877737226277372,0.8484107579462102,HAR_Dirichlet
logistic,iid,512,23,mean_length,total_wire_bytes,35038392.0,575,0.8841240875912408,0.8459657701711492,HAR_Dirichlet
logistic,iid,512,23,naive,total_wire_bytes,35038392.0,575,0.885036496350365,0.8410757946210269,HAR_Dirichlet
logistic,iid,512,47,client_ema,total_wire_bytes,35038392.0,575,0.8841240875912408,0.8557457212713936,HAR_Dirichlet
logistic,iid,512,47,conditional,total_wire_bytes,35038392.0,575,0.8795620437956204,0.8484107579462102,HAR_Dirichlet
logistic,iid,512,47,estimated_conditional,total_wire_bytes,35038392.0,525,0.8759124087591241,0.843520782396088,HAR_Dirichlet
logistic,iid,512,47,fixed_k,total_wire_bytes,35038392.0,600,0.8822992700729927,0.843520782396088,HAR_Dirichlet
logistic,iid,512,47,mean_length,total_wire_bytes,35038392.0,575,0.8795620437956204,0.8484107579462102,HAR_Dirichlet
logistic,iid,512,47,naive,total_wire_bytes,35038392.0,575,0.8759124087591241,0.8386308068459658,HAR_Dirichlet
logistic,iid,512,59,client_ema,total_wire_bytes,35021776.0,575,0.8813868613138686,0.8533007334963325,HAR_Dirichlet
logistic,iid,512,59,conditional,total_wire_bytes,35021776.0,600,0.8832116788321168,0.8606356968215159,HAR_Dirichlet
logistic,iid,512,59,estimated_conditional,total_wire_bytes,35021776.0,525,0.8841240875912408,0.8484107579462102,HAR_Dirichlet
logistic,iid,512,59,fixed_k,total_wire_bytes,35021776.0,575,0.8832116788321168,0.8508557457212714,HAR_Dirichlet
logistic,iid,512,59,mean_length,total_wire_bytes,35021776.0,575,0.8813868613138686,0.8581907090464548,HAR_Dirichlet
logistic,iid,512,59,naive,total_wire_bytes,35021776.0,575,0.8686131386861314,0.8264058679706602,HAR_Dirichlet
logistic,iid,512,67,client_ema,total_wire_bytes,35038392.0,575,0.8841240875912408,0.843520782396088,HAR_Dirichlet
logistic,iid,512,67,conditional,total_wire_bytes,35038392.0,575,0.8886861313868614,0.8484107579462102,HAR_Dirichlet
logistic,iid,512,67,estimated_conditional,total_wire_bytes,35038392.0,525,0.8832116788321168,0.8581907090464548,HAR_Dirichlet
logistic,iid,512,67,fixed_k,total_wire_bytes,35038392.0,600,0.8905109489051095,0.8508557457212714,HAR_Dirichlet
logistic,iid,512,67,mean_length,total_wire_bytes,35038392.0,575,0.8877737226277372,0.8459657701711492,HAR_Dirichlet
logistic,iid,512,67,naive,total_wire_bytes,35038392.0,575,0.8868613138686131,0.843520782396088,HAR_Dirichlet
logistic,iid,512,83,client_ema,total_wire_bytes,35038392.0,575,0.8859489051094891,0.855191256830601,HAR_Dirichlet
logistic,iid,512,83,conditional,total_wire_bytes,35038392.0,575,0.8868613138686131,0.8533007334963325,HAR_Dirichlet
logistic,iid,512,83,estimated_conditional,total_wire_bytes,35038392.0,525,0.885036496350365,0.8557457212713936,HAR_Dirichlet
logistic,iid,512,83,fixed_k,total_wire_bytes,35038392.0,600,0.8832116788321168,0.843520782396088,HAR_Dirichlet
logistic,iid,512,83,mean_length,total_wire_bytes,35038392.0,575,0.8868613138686131,0.8533007334963325,HAR_Dirichlet
logistic,iid,512,83,naive,total_wire_bytes,35038392.0,575,0.8804744525547445,0.8410757946210269,HAR_Dirichlet
logistic,iid,512,97,client_ema,total_wire_bytes,35038392.0,575,0.8841240875912408,0.8484107579462102,HAR_Dirichlet
logistic,iid,512,97,conditional,total_wire_bytes,35038392.0,575,0.8832116788321168,0.8484107579462102,HAR_Dirichlet
logistic,iid,512,97,estimated_conditional,total_wire_bytes,35038392.0,525,0.8722627737226277,0.8337408312958435,HAR_Dirichlet
logistic,iid,512,97,fixed_k,total_wire_bytes,35038392.0,600,0.8877737226277372,0.8508557457212714,HAR_Dirichlet
logistic,iid,512,97,mean_length,total_wire_bytes,35038392.0,575,0.8822992700729927,0.8508557457212714,HAR_Dirichlet
logistic,iid,512,97,naive,total_wire_bytes,35038392.0,575,0.8859489051094891,0.8361858190709046,HAR_Dirichlet
logistic,iid,512,101,client_ema,total_wire_bytes,35034352.0,600,0.8886861313868614,0.8508557457212714,HAR_Dirichlet
logistic,iid,512,101,conditional,total_wire_bytes,35034352.0,575,0.8895985401459854,0.8557457212713936,HAR_Dirichlet
logistic,iid,512,101,estimated_conditional,total_wire_bytes,35034352.0,525,0.8895985401459854,0.8606356968215159,HAR_Dirichlet
logistic,iid,512,101,fixed_k,total_wire_bytes,35034352.0,575,0.8905109489051095,0.8484107579462102,HAR_Dirichlet
logistic,iid,512,101,mean_length,total_wire_bytes,35034352.0,575,0.8905109489051095,0.8557457212713936,HAR_Dirichlet
logistic,iid,512,101,naive,total_wire_bytes,35034352.0,575,0.8786496350364964,0.8459657701711492,HAR_Dirichlet
logistic,iid,512,113,client_ema,total_wire_bytes,35030976.0,600,0.8795620437956204,0.8459657701711492,HAR_Dirichlet
logistic,iid,512,113,conditional,total_wire_bytes,35030976.0,575,0.8841240875912408,0.8557457212713936,HAR_Dirichlet
logistic,iid,512,113,estimated_conditional,total_wire_bytes,35030976.0,525,0.885036496350365,0.8533007334963325,HAR_Dirichlet
logistic,iid,512,113,fixed_k,total_wire_bytes,35030976.0,575,0.8777372262773723,0.8533007334963325,HAR_Dirichlet
logistic,iid,512,113,mean_length,total_wire_bytes,35030976.0,575,0.885036496350365,0.8557457212713936,HAR_Dirichlet
logistic,iid,512,113,naive,total_wire_bytes,35030976.0,575,0.8795620437956204,0.8410757946210269,HAR_Dirichlet
logistic,iid,512,127,client_ema,total_wire_bytes,35013760.0,575,0.8804744525547445,0.8533007334963325,HAR_Dirichlet
logistic,iid,512,127,conditional,total_wire_bytes,35013760.0,575,0.8795620437956204,0.8533007334963325,HAR_Dirichlet
logistic,iid,512,127,estimated_conditional,total_wire_bytes,35013760.0,525,0.8841240875912408,0.8533007334963325,HAR_Dirichlet
logistic,iid,512,127,fixed_k,total_wire_bytes,35013760.0,575,0.8768248175182481,0.8484107579462102,HAR_Dirichlet
logistic,iid,512,127,mean_length,total_wire_bytes,35013760.0,600,0.8832116788321168,0.8579234972677595,HAR_Dirichlet
logistic,iid,512,127,naive,total_wire_bytes,35013760.0,575,0.8777372262773723,0.8484107579462102,HAR_Dirichlet
logistic,iid,512,137,client_ema,total_wire_bytes,35038392.0,575,0.875,0.8386308068459658,HAR_Dirichlet
logistic,iid,512,137,conditional,total_wire_bytes,35038392.0,575,0.8759124087591241,0.8386308068459658,HAR_Dirichlet
logistic,iid,512,137,estimated_conditional,total_wire_bytes,35038392.0,525,0.8759124087591241,0.8386308068459658,HAR_Dirichlet
logistic,iid,512,137,fixed_k,total_wire_bytes,35038392.0,600,0.8759124087591241,0.8337408312958435,HAR_Dirichlet
logistic,iid,512,137,mean_length,total_wire_bytes,35038392.0,575,0.8759124087591241,0.8386308068459658,HAR_Dirichlet
logistic,iid,512,137,naive,total_wire_bytes,35038392.0,575,0.8594890510948905,0.8117359413202934,HAR_Dirichlet
logistic,iid,512,149,client_ema,total_wire_bytes,35038392.0,575,0.8813868613138686,0.8459657701711492,HAR_Dirichlet
logistic,iid,512,149,conditional,total_wire_bytes,35038392.0,575,0.8841240875912408,0.8459657701711492,HAR_Dirichlet
logistic,iid,512,149,estimated_conditional,total_wire_bytes,35038392.0,525,0.8886861313868614,0.8459657701711492,HAR_Dirichlet
logistic,iid,512,149,fixed_k,total_wire_bytes,35038392.0,600,0.8786496350364964,0.8459657701711492,HAR_Dirichlet
logistic,iid,512,149,mean_length,total_wire_bytes,35038392.0,575,0.8841240875912408,0.8459657701711492,HAR_Dirichlet
logistic,iid,512,149,naive,total_wire_bytes,35038392.0,575,0.8795620437956204,0.8410757946210269,HAR_Dirichlet
logistic,iid,32,11,client_ema,sim_seconds,14.81965244626273,600,0.8640510948905109,0.8190709046454768,HAR_Dirichlet
logistic,iid,32,11,conditional,sim_seconds,14.81965244626273,600,0.8731751824817519,0.8386308068459658,HAR_Dirichlet
logistic,iid,32,11,estimated_conditional,sim_seconds,14.81965244626273,575,0.8713503649635036,0.8337408312958435,HAR_Dirichlet
logistic,iid,32,11,fixed_k,sim_seconds,14.81965244626273,600,0.8731751824817519,0.8288508557457213,HAR_Dirichlet
logistic,iid,32,11,mean_length,sim_seconds,14.81965244626273,600,0.8713503649635036,0.8288508557457213,HAR_Dirichlet
logistic,iid,32,11,naive,sim_seconds,14.81965244626273,600,0.8503649635036497,0.8092909535452323,HAR_Dirichlet
logistic,iid,32,23,client_ema,sim_seconds,14.81965244626273,600,0.8512773722627737,0.7872860635696821,HAR_Dirichlet
logistic,iid,32,23,conditional,sim_seconds,14.81965244626273,600,0.8458029197080292,0.7726161369193154,HAR_Dirichlet
logistic,iid,32,23,estimated_conditional,sim_seconds,14.81965244626273,575,0.8576642335766423,0.7921760391198044,HAR_Dirichlet
logistic,iid,32,23,fixed_k,sim_seconds,14.81965244626273,600,0.8686131386861314,0.8019559902200489,HAR_Dirichlet
logistic,iid,32,23,mean_length,sim_seconds,14.81965244626273,600,0.8512773722627737,0.7750611246943765,HAR_Dirichlet
logistic,iid,32,23,naive,sim_seconds,14.81965244626273,600,0.8385036496350365,0.7677261613691931,HAR_Dirichlet
logistic,iid,32,47,client_ema,sim_seconds,14.81965244626273,600,0.8458029197080292,0.7921760391198044,HAR_Dirichlet
logistic,iid,32,47,conditional,sim_seconds,14.81965244626273,600,0.843978102189781,0.78239608801956,HAR_Dirichlet
logistic,iid,32,47,estimated_conditional,sim_seconds,14.81965244626273,575,0.8458029197080292,0.784841075794621,HAR_Dirichlet
logistic,iid,32,47,fixed_k,sim_seconds,14.81965244626273,600,0.8458029197080292,0.78239608801956,HAR_Dirichlet
logistic,iid,32,47,mean_length,sim_seconds,14.81965244626273,600,0.843065693430657,0.78239608801956,HAR_Dirichlet
logistic,iid,32,47,naive,sim_seconds,14.81965244626273,600,0.833941605839416,0.7628361858190709,HAR_Dirichlet
logistic,iid,32,59,client_ema,sim_seconds,14.81965244626273,600,0.8503649635036497,0.8068459657701712,HAR_Dirichlet
logistic,iid,32,59,conditional,sim_seconds,14.81965244626273,600,0.843978102189781,0.8019559902200489,HAR_Dirichlet
logistic,iid,32,59,estimated_conditional,sim_seconds,14.81965244626273,575,0.843065693430657,0.80440097799511,HAR_Dirichlet
logistic,iid,32,59,fixed_k,sim_seconds,14.81965244626273,600,0.8476277372262774,0.8117359413202934,HAR_Dirichlet
logistic,iid,32,59,mean_length,sim_seconds,14.81965244626273,600,0.8412408759124088,0.80440097799511,HAR_Dirichlet
logistic,iid,32,59,naive,sim_seconds,14.81965244626273,600,0.8248175182481752,0.7946210268948656,HAR_Dirichlet
logistic,iid,32,67,client_ema,sim_seconds,14.81965244626273,600,0.8759124087591241,0.8166259168704156,HAR_Dirichlet
logistic,iid,32,67,conditional,sim_seconds,14.81965244626273,600,0.8722627737226277,0.8117359413202934,HAR_Dirichlet
logistic,iid,32,67,estimated_conditional,sim_seconds,14.81965244626273,575,0.8531021897810219,0.7921760391198044,HAR_Dirichlet
logistic,iid,32,67,fixed_k,sim_seconds,14.81965244626273,600,0.8686131386861314,0.8117359413202934,HAR_Dirichlet
logistic,iid,32,67,mean_length,sim_seconds,14.81965244626273,600,0.8722627737226277,0.8141809290953546,HAR_Dirichlet
logistic,iid,32,67,naive,sim_seconds,14.81965244626273,600,0.8622262773722628,0.7970660146699267,HAR_Dirichlet
logistic,iid,32,83,client_ema,sim_seconds,14.81965244626273,600,0.8677007299270073,0.8166259168704156,HAR_Dirichlet
logistic,iid,32,83,conditional,sim_seconds,14.81965244626273,600,0.8777372262773723,0.8215158924205379,HAR_Dirichlet
logistic,iid,32,83,estimated_conditional,sim_seconds,14.81965244626273,575,0.8722627737226277,0.823960880195599,HAR_Dirichlet
logistic,iid,32,83,fixed_k,sim_seconds,14.81965244626273,600,0.8594890510948905,0.8190709046454768,HAR_Dirichlet
logistic,iid,32,83,mean_length,sim_seconds,14.81965244626273,600,0.8713503649635036,0.8141809290953546,HAR_Dirichlet
logistic,iid,32,83,naive,sim_seconds,14.81965244626273,600,0.8540145985401459,0.7872860635696821,HAR_Dirichlet
logistic,iid,32,97,client_ema,sim_seconds,14.81965244626273,600,0.8704379562043796,0.8068459657701712,HAR_Dirichlet
logistic,iid,32,97,conditional,sim_seconds,14.81965244626273,600,0.8722627737226277,0.8092909535452323,HAR_Dirichlet
logistic,iid,32,97,estimated_conditional,sim_seconds,14.81965244626273,575,0.8859489051094891,0.8092909535452323,HAR_Dirichlet
logistic,iid,32,97,fixed_k,sim_seconds,14.81965244626273,600,0.8813868613138686,0.8117359413202934,HAR_Dirichlet
logistic,iid,32,97,mean_length,sim_seconds,14.81965244626273,600,0.8759124087591241,0.8117359413202934,HAR_Dirichlet
logistic,iid,32,97,naive,sim_seconds,14.81965244626273,600,0.8594890510948905,0.7775061124694377,HAR_Dirichlet
logistic,iid,32,101,client_ema,sim_seconds,14.81965244626273,600,0.8658759124087592,0.8117359413202934,HAR_Dirichlet
logistic,iid,32,101,conditional,sim_seconds,14.81965244626273,600,0.8558394160583942,0.7970660146699267,HAR_Dirichlet
logistic,iid,32,101,estimated_conditional,sim_seconds,14.81965244626273,575,0.8467153284671532,0.7995110024449877,HAR_Dirichlet
logistic,iid,32,101,fixed_k,sim_seconds,14.81965244626273,600,0.8549270072992701,0.7970660146699267,HAR_Dirichlet
logistic,iid,32,101,mean_length,sim_seconds,14.81965244626273,600,0.8585766423357665,0.7995110024449877,HAR_Dirichlet
logistic,iid,32,101,naive,sim_seconds,14.81965244626273,600,0.8458029197080292,0.78239608801956,HAR_Dirichlet
logistic,iid,32,113,client_ema,sim_seconds,14.81965244626273,600,0.8567518248175182,0.80440097799511,HAR_Dirichlet
logistic,iid,32,113,conditional,sim_seconds,14.81965244626273,600,0.8458029197080292,0.8019559902200489,HAR_Dirichlet
logistic,iid,32,113,estimated_conditional,sim_seconds,14.81965244626273,575,0.8421532846715328,0.7946210268948656,HAR_Dirichlet
logistic,iid,32,113,fixed_k,sim_seconds,14.81965244626273,600,0.8604014598540146,0.80440097799511,HAR_Dirichlet
logistic,iid,32,113,mean_length,sim_seconds,14.81965244626273,600,0.8521897810218978,0.8068459657701712,HAR_Dirichlet
logistic,iid,32,113,naive,sim_seconds,14.81965244626273,600,0.8467153284671532,0.78239608801956,HAR_Dirichlet
logistic,iid,32,127,client_ema,sim_seconds,14.81965244626273,600,0.8740875912408759,0.8288508557457213,HAR_Dirichlet
logistic,iid,32,127,conditional,sim_seconds,14.81965244626273,600,0.8704379562043796,0.823960880195599,HAR_Dirichlet
logistic,iid,32,127,estimated_conditional,sim_seconds,14.81965244626273,575,0.8622262773722628,0.8141809290953546,HAR_Dirichlet
logistic,iid,32,127,fixed_k,sim_seconds,14.81965244626273,600,0.8640510948905109,0.8312958435207825,HAR_Dirichlet
logistic,iid,32,127,mean_length,sim_seconds,14.81965244626273,600,0.8704379562043796,0.8264058679706602,HAR_Dirichlet
logistic,iid,32,127,naive,sim_seconds,14.81965244626273,600,0.8485401459854015,0.8019559902200489,HAR_Dirichlet
logistic,iid,32,137,client_ema,sim_seconds,14.81965244626273,600,0.8385036496350365,0.7872860635696821,HAR_Dirichlet
logistic,iid,32,137,conditional,sim_seconds,14.81965244626273,600,0.833941605839416,0.7799511002444988,HAR_Dirichlet
logistic,iid,32,137,estimated_conditional,sim_seconds,14.81965244626273,575,0.833941605839416,0.7677261613691931,HAR_Dirichlet
logistic,iid,32,137,fixed_k,sim_seconds,14.81965244626273,600,0.8403284671532847,0.7750611246943765,HAR_Dirichlet
logistic,iid,32,137,mean_length,sim_seconds,14.81965244626273,600,0.8348540145985401,0.7775061124694377,HAR_Dirichlet
logistic,iid,32,137,naive,sim_seconds,14.81965244626273,600,0.8211678832116789,0.7603911980440098,HAR_Dirichlet
logistic,iid,32,149,client_ema,sim_seconds,14.81965244626273,600,0.8512773722627737,0.8092909535452323,HAR_Dirichlet
logistic,iid,32,149,conditional,sim_seconds,14.81965244626273,600,0.8485401459854015,0.8166259168704156,HAR_Dirichlet
logistic,iid,32,149,estimated_conditional,sim_seconds,14.81965244626273,575,0.8585766423357665,0.80440097799511,HAR_Dirichlet
logistic,iid,32,149,fixed_k,sim_seconds,14.81965244626273,600,0.8512773722627737,0.8312958435207825,HAR_Dirichlet
logistic,iid,32,149,mean_length,sim_seconds,14.81965244626273,600,0.8485401459854015,0.8092909535452323,HAR_Dirichlet
logistic,iid,32,149,naive,sim_seconds,14.81965244626273,600,0.8412408759124088,0.7921760391198044,HAR_Dirichlet
logistic,iid,128,11,client_ema,sim_seconds,31.94504180253298,600,0.8768248175182481,0.8410757946210269,HAR_Dirichlet
logistic,iid,128,11,conditional,sim_seconds,31.94504180253298,600,0.8813868613138686,0.843520782396088,HAR_Dirichlet
logistic,iid,128,11,estimated_conditional,sim_seconds,31.94504180253298,550,0.8813868613138686,0.8459657701711492,HAR_Dirichlet
logistic,iid,128,11,fixed_k,sim_seconds,31.94504180253298,600,0.8795620437956204,0.8361858190709046,HAR_Dirichlet
logistic,iid,128,11,mean_length,sim_seconds,31.94504180253298,600,0.8804744525547445,0.8459657701711492,HAR_Dirichlet
logistic,iid,128,11,naive,sim_seconds,31.94504180253298,600,0.8740875912408759,0.8337408312958435,HAR_Dirichlet
logistic,iid,128,23,client_ema,sim_seconds,31.94504180253298,600,0.8713503649635036,0.8190709046454768,HAR_Dirichlet
logistic,iid,128,23,conditional,sim_seconds,31.94504180253298,600,0.8713503649635036,0.8190709046454768,HAR_Dirichlet
logistic,iid,128,23,estimated_conditional,sim_seconds,31.94504180253298,550,0.875,0.8190709046454768,HAR_Dirichlet
logistic,iid,128,23,fixed_k,sim_seconds,31.94504180253298,600,0.8731751824817519,0.8312958435207825,HAR_Dirichlet
logistic,iid,128,23,mean_length,sim_seconds,31.94504180253298,600,0.8722627737226277,0.8215158924205379,HAR_Dirichlet
logistic,iid,128,23,naive,sim_seconds,31.94504180253298,600,0.8631386861313869,0.8068459657701712,HAR_Dirichlet
logistic,iid,128,47,client_ema,sim_seconds,31.94504180253298,600,0.8740875912408759,0.8288508557457213,HAR_Dirichlet
logistic,iid,128,47,conditional,sim_seconds,31.94504180253298,600,0.8704379562043796,0.823960880195599,HAR_Dirichlet
logistic,iid,128,47,estimated_conditional,sim_seconds,31.94504180253298,550,0.8713503649635036,0.8264058679706602,HAR_Dirichlet
logistic,iid,128,47,fixed_k,sim_seconds,31.94504180253298,600,0.8686131386861314,0.8264058679706602,HAR_Dirichlet
logistic,iid,128,47,mean_length,sim_seconds,31.94504180253298,600,0.8713503649635036,0.823960880195599,HAR_Dirichlet
logistic,iid,128,47,naive,sim_seconds,31.94504180253298,600,0.8613138686131386,0.8019559902200489,HAR_Dirichlet
logistic,iid,128,59,client_ema,sim_seconds,31.94504180253298,600,0.8722627737226277,0.8215158924205379,HAR_Dirichlet
logistic,iid,128,59,conditional,sim_seconds,31.94504180253298,600,0.8731751824817519,0.8264058679706602,HAR_Dirichlet
logistic,iid,128,59,estimated_conditional,sim_seconds,31.94504180253298,550,0.8713503649635036,0.8288508557457213,HAR_Dirichlet
logistic,iid,128,59,fixed_k,sim_seconds,31.94504180253298,600,0.8667883211678832,0.8264058679706602,HAR_Dirichlet
logistic,iid,128,59,mean_length,sim_seconds,31.94504180253298,600,0.8704379562043796,0.8215158924205379,HAR_Dirichlet
logistic,iid,128,59,naive,sim_seconds,31.94504180253298,600,0.8540145985401459,0.8092909535452323,HAR_Dirichlet
logistic,iid,128,67,client_ema,sim_seconds,31.94504180253298,600,0.8914233576642335,0.8410757946210269,HAR_Dirichlet
logistic,iid,128,67,conditional,sim_seconds,31.94504180253298,600,0.8886861313868614,0.8386308068459658,HAR_Dirichlet
logistic,iid,128,67,estimated_conditional,sim_seconds,31.94504180253298,550,0.875,0.8288508557457213,HAR_Dirichlet
logistic,iid,128,67,fixed_k,sim_seconds,31.94504180253298,600,0.885036496350365,0.8288508557457213,HAR_Dirichlet
logistic,iid,128,67,mean_length,sim_seconds,31.94504180253298,600,0.8877737226277372,0.8410757946210269,HAR_Dirichlet
logistic,iid,128,67,naive,sim_seconds,31.94504180253298,600,0.8795620437956204,0.823960880195599,HAR_Dirichlet
logistic,iid,128,83,client_ema,sim_seconds,31.94504180253298,600,0.8822992700729927,0.8459657701711492,HAR_Dirichlet
logistic,iid,128,83,conditional,sim_seconds,31.94504180253298,600,0.8832116788321168,0.8484107579462102,HAR_Dirichlet
logistic,iid,128,83,estimated_conditional,sim_seconds,31.94504180253298,550,0.8813868613138686,0.843520782396088,HAR_Dirichlet
logistic,iid,128,83,fixed_k,sim_seconds,31.94504180253298,600,0.8722627737226277,0.8337408312958435,HAR_Dirichlet
logistic,iid,128,83,mean_length,sim_seconds,31.94504180253298,600,0.8813868613138686,0.8484107579462102,HAR_Dirichlet
logistic,iid,128,83,naive,sim_seconds,31.94504180253298,600,0.8786496350364964,0.8361858190709046,HAR_Dirichlet
logistic,iid,128,97,client_ema,sim_seconds,31.94504180253298,600,0.8786496350364964,0.8288508557457213,HAR_Dirichlet
logistic,iid,128,97,conditional,sim_seconds,31.94504180253298,600,0.8804744525547445,0.8312958435207825,HAR_Dirichlet
logistic,iid,128,97,estimated_conditional,sim_seconds,31.94504180253298,550,0.8886861313868614,0.8312958435207825,HAR_Dirichlet
logistic,iid,128,97,fixed_k,sim_seconds,31.94504180253298,600,0.8722627737226277,0.8264058679706602,HAR_Dirichlet
logistic,iid,128,97,mean_length,sim_seconds,31.94504180253298,600,0.8822992700729927,0.8337408312958435,HAR_Dirichlet
logistic,iid,128,97,naive,sim_seconds,31.94504180253298,600,0.8777372262773723,0.8117359413202934,HAR_Dirichlet
logistic,iid,128,101,client_ema,sim_seconds,31.94504180253298,600,0.8768248175182481,0.8337408312958435,HAR_Dirichlet
logistic,iid,128,101,conditional,sim_seconds,31.94504180253298,600,0.8795620437956204,0.8386308068459658,HAR_Dirichlet
logistic,iid,128,101,estimated_conditional,sim_seconds,31.94504180253298,550,0.8667883211678832,0.8288508557457213,HAR_Dirichlet
logistic,iid,128,101,fixed_k,sim_seconds,31.94504180253298,600,0.8795620437956204,0.8288508557457213,HAR_Dirichlet
logistic,iid,128,101,mean_length,sim_seconds,31.94504180253298,600,0.8731751824817519,0.8288508557457213,HAR_Dirichlet
logistic,iid,128,101,naive,sim_seconds,31.94504180253298,600,0.8658759124087592,0.8190709046454768,HAR_Dirichlet
logistic,iid,128,113,client_ema,sim_seconds,31.94504180253298,600,0.8695255474452555,0.8288508557457213,HAR_Dirichlet
logistic,iid,128,113,conditional,sim_seconds,31.94504180253298,600,0.8677007299270073,0.8288508557457213,HAR_Dirichlet
logistic,iid,128,113,estimated_conditional,sim_seconds,31.94504180253298,550,0.8804744525547445,0.8337408312958435,HAR_Dirichlet
logistic,iid,128,113,fixed_k,sim_seconds,31.94504180253298,600,0.8786496350364964,0.8386308068459658,HAR_Dirichlet
logistic,iid,128,113,mean_length,sim_seconds,31.94504180253298,600,0.8704379562043796,0.8312958435207825,HAR_Dirichlet
logistic,iid,128,113,naive,sim_seconds,31.94504180253298,600,0.8594890510948905,0.8190709046454768,HAR_Dirichlet
logistic,iid,128,127,client_ema,sim_seconds,31.94504180253298,600,0.8795620437956204,0.843520782396088,HAR_Dirichlet
logistic,iid,128,127,conditional,sim_seconds,31.94504180253298,600,0.8795620437956204,0.843520782396088,HAR_Dirichlet
logistic,iid,128,127,estimated_conditional,sim_seconds,31.94504180253298,550,0.8777372262773723,0.8410757946210269,HAR_Dirichlet
logistic,iid,128,127,fixed_k,sim_seconds,31.94504180253298,600,0.8777372262773723,0.8524590163934426,HAR_Dirichlet
logistic,iid,128,127,mean_length,sim_seconds,31.94504180253298,600,0.8795620437956204,0.843520782396088,HAR_Dirichlet
logistic,iid,128,127,naive,sim_seconds,31.94504180253298,600,0.8704379562043796,0.8264058679706602,HAR_Dirichlet
logistic,iid,128,137,client_ema,sim_seconds,31.94504180253298,600,0.8567518248175182,0.8117359413202934,HAR_Dirichlet
logistic,iid,128,137,conditional,sim_seconds,31.94504180253298,600,0.8531021897810219,0.80440097799511,HAR_Dirichlet
logistic,iid,128,137,estimated_conditional,sim_seconds,31.94504180253298,550,0.8476277372262774,0.7921760391198044,HAR_Dirichlet
logistic,iid,128,137,fixed_k,sim_seconds,31.94504180253298,600,0.8631386861313869,0.8068459657701712,HAR_Dirichlet
logistic,iid,128,137,mean_length,sim_seconds,31.94504180253298,600,0.8567518248175182,0.8068459657701712,HAR_Dirichlet
logistic,iid,128,137,naive,sim_seconds,31.94504180253298,600,0.8476277372262774,0.784841075794621,HAR_Dirichlet
logistic,iid,128,149,client_ema,sim_seconds,31.94504180253298,600,0.8704379562043796,0.8361858190709046,HAR_Dirichlet
logistic,iid,128,149,conditional,sim_seconds,31.94504180253298,600,0.8722627737226277,0.8386308068459658,HAR_Dirichlet
logistic,iid,128,149,estimated_conditional,sim_seconds,31.94504180253298,550,0.8731751824817519,0.8312958435207825,HAR_Dirichlet
logistic,iid,128,149,fixed_k,sim_seconds,31.94504180253298,600,0.864963503649635,0.8337408312958435,HAR_Dirichlet
logistic,iid,128,149,mean_length,sim_seconds,31.94504180253298,600,0.8713503649635036,0.8361858190709046,HAR_Dirichlet
logistic,iid,128,149,naive,sim_seconds,31.94504180253298,600,0.8613138686131386,0.8190709046454768,HAR_Dirichlet
logistic,iid,512,11,client_ema,sim_seconds,104.19277814929667,600,0.8868613138686131,0.860655737704918,HAR_Dirichlet
logistic,iid,512,11,conditional,sim_seconds,104.19277814929667,600,0.8905109489051095,0.8655256723716381,HAR_Dirichlet
logistic,iid,512,11,estimated_conditional,sim_seconds,104.19277814929667,550,0.8895985401459854,0.8606356968215159,HAR_Dirichlet
logistic,iid,512,11,fixed_k,sim_seconds,104.19277814929667,600,0.8859489051094891,0.8606356968215159,HAR_Dirichlet
logistic,iid,512,11,mean_length,sim_seconds,104.19277814929667,600,0.8923357664233577,0.8655256723716381,HAR_Dirichlet
logistic,iid,512,11,naive,sim_seconds,104.19277814929667,600,0.8832116788321168,0.8508557457212714,HAR_Dirichlet
logistic,iid,512,23,client_ema,sim_seconds,104.19277814929667,600,0.8832116788321168,0.843520782396088,HAR_Dirichlet
logistic,iid,512,23,conditional,sim_seconds,104.19277814929667,600,0.8813868613138686,0.8386308068459658,HAR_Dirichlet
logistic,iid,512,23,estimated_conditional,sim_seconds,104.19277814929667,550,0.8832116788321168,0.8484107579462102,HAR_Dirichlet
logistic,iid,512,23,fixed_k,sim_seconds,104.19277814929667,600,0.8877737226277372,0.8484107579462102,HAR_Dirichlet
logistic,iid,512,23,mean_length,sim_seconds,104.19277814929667,600,0.8813868613138686,0.8386308068459658,HAR_Dirichlet
logistic,iid,512,23,naive,sim_seconds,104.19277814929667,600,0.8759124087591241,0.8288508557457213,HAR_Dirichlet
logistic,iid,512,47,client_ema,sim_seconds,104.19277814929667,600,0.885036496350365,0.8484107579462102,HAR_Dirichlet
logistic,iid,512,47,conditional,sim_seconds,104.19277814929667,600,0.8868613138686131,0.8484107579462102,HAR_Dirichlet
logistic,iid,512,47,estimated_conditional,sim_seconds,104.19277814929667,550,0.875,0.8442622950819673,HAR_Dirichlet
logistic,iid,512,47,fixed_k,sim_seconds,104.19277814929667,600,0.8822992700729927,0.843520782396088,HAR_Dirichlet
logistic,iid,512,47,mean_length,sim_seconds,104.19277814929667,600,0.8859489051094891,0.8484107579462102,HAR_Dirichlet
logistic,iid,512,47,naive,sim_seconds,104.19277814929667,600,0.8786496350364964,0.8361858190709046,HAR_Dirichlet
logistic,iid,512,59,client_ema,sim_seconds,104.19277814929667,600,0.8841240875912408,0.8533007334963325,HAR_Dirichlet
logistic,iid,512,59,conditional,sim_seconds,104.19277814929667,600,0.8832116788321168,0.8606356968215159,HAR_Dirichlet
logistic,iid,512,59,estimated_conditional,sim_seconds,104.19277814929667,550,0.8813868613138686,0.8410757946210269,HAR_Dirichlet
logistic,iid,512,59,fixed_k,sim_seconds,104.19277814929667,600,0.8859489051094891,0.8533007334963325,HAR_Dirichlet
logistic,iid,512,59,mean_length,sim_seconds,104.19277814929667,600,0.8859489051094891,0.8606356968215159,HAR_Dirichlet
logistic,iid,512,59,naive,sim_seconds,104.19277814929667,600,0.8740875912408759,0.8337408312958435,HAR_Dirichlet
logistic,iid,512,67,client_ema,sim_seconds,104.19277814929667,600,0.8886861313868614,0.8484107579462102,HAR_Dirichlet
logistic,iid,512,67,conditional,sim_seconds,104.19277814929667,600,0.8905109489051095,0.8508557457212714,HAR_Dirichlet
logistic,iid,512,67,estimated_conditional,sim_seconds,104.19277814929667,550,0.8859489051094891,0.8533007334963325,HAR_Dirichlet
logistic,iid,512,67,fixed_k,sim_seconds,104.19277814929667,600,0.8905109489051095,0.8508557457212714,HAR_Dirichlet
logistic,iid,512,67,mean_length,sim_seconds,104.19277814929667,600,0.8895985401459854,0.8484107579462102,HAR_Dirichlet
logistic,iid,512,67,naive,sim_seconds,104.19277814929667,600,0.8859489051094891,0.8410757946210269,HAR_Dirichlet
logistic,iid,512,83,client_ema,sim_seconds,104.19277814929667,600,0.8877737226277372,0.8581907090464548,HAR_Dirichlet
logistic,iid,512,83,conditional,sim_seconds,104.19277814929667,600,0.8859489051094891,0.8533007334963325,HAR_Dirichlet
logistic,iid,512,83,estimated_conditional,sim_seconds,104.19277814929667,550,0.8859489051094891,0.8533007334963325,HAR_Dirichlet
logistic,iid,512,83,fixed_k,sim_seconds,104.19277814929667,600,0.8832116788321168,0.843520782396088,HAR_Dirichlet
logistic,iid,512,83,mean_length,sim_seconds,104.19277814929667,600,0.8859489051094891,0.8533007334963325,HAR_Dirichlet
logistic,iid,512,83,naive,sim_seconds,104.19277814929667,600,0.8832116788321168,0.843520782396088,HAR_Dirichlet
logistic,iid,512,97,client_ema,sim_seconds,104.19277814929667,600,0.8832116788321168,0.8508557457212714,HAR_Dirichlet
logistic,iid,512,97,conditional,sim_seconds,104.19277814929667,600,0.8841240875912408,0.8533007334963325,HAR_Dirichlet
logistic,iid,512,97,estimated_conditional,sim_seconds,104.19277814929667,550,0.885036496350365,0.8484107579462102,HAR_Dirichlet
logistic,iid,512,97,fixed_k,sim_seconds,104.19277814929667,600,0.8877737226277372,0.8508557457212714,HAR_Dirichlet
logistic,iid,512,97,mean_length,sim_seconds,104.19277814929667,600,0.8822992700729927,0.8508557457212714,HAR_Dirichlet
logistic,iid,512,97,naive,sim_seconds,104.19277814929667,600,0.8859489051094891,0.8386308068459658,HAR_Dirichlet
logistic,iid,512,101,client_ema,sim_seconds,104.19277814929667,600,0.8886861313868614,0.8508557457212714,HAR_Dirichlet
logistic,iid,512,101,conditional,sim_seconds,104.19277814929667,600,0.8841240875912408,0.8484107579462102,HAR_Dirichlet
logistic,iid,512,101,estimated_conditional,sim_seconds,104.19277814929667,550,0.8795620437956204,0.8459657701711492,HAR_Dirichlet
logistic,iid,512,101,fixed_k,sim_seconds,104.19277814929667,600,0.8886861313868614,0.843520782396088,HAR_Dirichlet
logistic,iid,512,101,mean_length,sim_seconds,104.19277814929667,600,0.8841240875912408,0.8484107579462102,HAR_Dirichlet
logistic,iid,512,101,naive,sim_seconds,104.19277814929667,600,0.8795620437956204,0.8410757946210269,HAR_Dirichlet
logistic,iid,512,113,client_ema,sim_seconds,104.19277814929667,600,0.8795620437956204,0.8459657701711492,HAR_Dirichlet
logistic,iid,512,113,conditional,sim_seconds,104.19277814929667,600,0.8777372262773723,0.8459657701711492,HAR_Dirichlet
logistic,iid,512,113,estimated_conditional,sim_seconds,104.19277814929667,550,0.8822992700729927,0.8533007334963325,HAR_Dirichlet
logistic,iid,512,113,fixed_k,sim_seconds,104.19277814929667,600,0.8722627737226277,0.8459657701711492,HAR_Dirichlet
logistic,iid,512,113,mean_length,sim_seconds,104.19277814929667,600,0.8795620437956204,0.8459657701711492,HAR_Dirichlet
logistic,iid,512,113,naive,sim_seconds,104.19277814929667,600,0.8759124087591241,0.8410757946210269,HAR_Dirichlet
logistic,iid,512,127,client_ema,sim_seconds,104.19277814929667,600,0.8868613138686131,0.8581907090464548,HAR_Dirichlet
logistic,iid,512,127,conditional,sim_seconds,104.19277814929667,600,0.885036496350365,0.8579234972677595,HAR_Dirichlet
logistic,iid,512,127,estimated_conditional,sim_seconds,104.19277814929667,550,0.885036496350365,0.8557457212713936,HAR_Dirichlet
logistic,iid,512,127,fixed_k,sim_seconds,104.19277814929667,600,0.8804744525547445,0.8533007334963325,HAR_Dirichlet
logistic,iid,512,127,mean_length,sim_seconds,104.19277814929667,600,0.8832116788321168,0.8579234972677595,HAR_Dirichlet
logistic,iid,512,127,naive,sim_seconds,104.19277814929667,600,0.8832116788321168,0.8533007334963325,HAR_Dirichlet
logistic,iid,512,137,client_ema,sim_seconds,104.19277814929667,600,0.8759124087591241,0.8386308068459658,HAR_Dirichlet
logistic,iid,512,137,conditional,sim_seconds,104.19277814929667,600,0.8777372262773723,0.8386308068459658,HAR_Dirichlet
logistic,iid,512,137,estimated_conditional,sim_seconds,104.19277814929667,550,0.8786496350364964,0.8312958435207825,HAR_Dirichlet
logistic,iid,512,137,fixed_k,sim_seconds,104.19277814929667,600,0.8759124087591241,0.8337408312958435,HAR_Dirichlet
logistic,iid,512,137,mean_length,sim_seconds,104.19277814929667,600,0.8777372262773723,0.8386308068459658,HAR_Dirichlet
logistic,iid,512,137,naive,sim_seconds,104.19277814929667,600,0.8631386861313869,0.8141809290953546,HAR_Dirichlet
logistic,iid,512,149,client_ema,sim_seconds,104.19277814929667,600,0.8795620437956204,0.8508557457212714,HAR_Dirichlet
logistic,iid,512,149,conditional,sim_seconds,104.19277814929667,600,0.8804744525547445,0.8459657701711492,HAR_Dirichlet
logistic,iid,512,149,estimated_conditional,sim_seconds,104.19277814929667,550,0.8777372262773723,0.843520782396088,HAR_Dirichlet
logistic,iid,512,149,fixed_k,sim_seconds,104.19277814929667,600,0.8786496350364964,0.8459657701711492,HAR_Dirichlet
logistic,iid,512,149,mean_length,sim_seconds,104.19277814929667,600,0.8795620437956204,0.8459657701711492,HAR_Dirichlet
logistic,iid,512,149,naive,sim_seconds,104.19277814929667,600,0.8740875912408759,0.843520782396088,HAR_Dirichlet
logistic,iid,32,11,client_ema,uplink_bytes,1165608.0,575,0.7940573770491803,0.7940573770491803,PAMAP2_subject
logistic,iid,32,11,conditional,uplink_bytes,1165608.0,575,0.7894467213114754,0.7894467213114754,PAMAP2_subject
logistic,iid,32,11,estimated_conditional,uplink_bytes,1165608.0,525,0.7873975409836066,0.7873975409836066,PAMAP2_subject
logistic,iid,32,11,fixed_k,uplink_bytes,1165608.0,600,0.8058401639344263,0.8058401639344263,PAMAP2_subject
logistic,iid,32,11,mean_length,uplink_bytes,1165608.0,575,0.7925204918032787,0.7925204918032787,PAMAP2_subject
logistic,iid,32,11,naive,uplink_bytes,1165608.0,575,0.7346311475409836,0.7346311475409836,PAMAP2_subject
logistic,iid,32,23,client_ema,uplink_bytes,1165368.0,575,0.8022540983606558,0.8022540983606558,PAMAP2_subject
logistic,iid,32,23,conditional,uplink_bytes,1165368.0,575,0.8022540983606558,0.8022540983606558,PAMAP2_subject
logistic,iid,32,23,estimated_conditional,uplink_bytes,1165368.0,525,0.7914959016393442,0.7914959016393442,PAMAP2_subject
logistic,iid,32,23,fixed_k,uplink_bytes,1165368.0,575,0.8058401639344263,0.8058401639344263,PAMAP2_subject
logistic,iid,32,23,mean_length,uplink_bytes,1165368.0,575,0.8022540983606558,0.8022540983606558,PAMAP2_subject
logistic,iid,32,23,naive,uplink_bytes,1165368.0,600,0.7576844262295082,0.7576844262295082,PAMAP2_subject
logistic,iid,32,47,client_ema,uplink_bytes,1165608.0,575,0.8048155737704918,0.8048155737704918,PAMAP2_subject
logistic,iid,32,47,conditional,uplink_bytes,1165608.0,575,0.8043032786885246,0.8043032786885246,PAMAP2_subject
logistic,iid,32,47,estimated_conditional,uplink_bytes,1165608.0,550,0.8063524590163934,0.8063524590163934,PAMAP2_subject
logistic,iid,32,47,fixed_k,uplink_bytes,1165608.0,600,0.8186475409836066,0.8186475409836066,PAMAP2_subject
logistic,iid,32,47,mean_length,uplink_bytes,1165608.0,575,0.8012295081967213,0.8012295081967213,PAMAP2_subject
logistic,iid,32,47,naive,uplink_bytes,1165608.0,575,0.7418032786885246,0.7418032786885246,PAMAP2_subject
logistic,iid,32,59,client_ema,uplink_bytes,1161792.0,575,0.8350409836065574,0.8350409836065574,PAMAP2_subject
logistic,iid,32,59,conditional,uplink_bytes,1161792.0,575,0.8350409836065574,0.8350409836065574,PAMAP2_subject
logistic,iid,32,59,estimated_conditional,uplink_bytes,1161792.0,525,0.829405737704918,0.829405737704918,PAMAP2_subject
logistic,iid,32,59,fixed_k,uplink_bytes,1161792.0,575,0.8335040983606558,0.8335040983606558,PAMAP2_subject
logistic,iid,32,59,mean_length,uplink_bytes,1161792.0,575,0.8340163934426229,0.8340163934426229,PAMAP2_subject
logistic,iid,32,59,naive,uplink_bytes,1161792.0,600,0.7894467213114754,0.7894467213114754,PAMAP2_subject
logistic,iid,32,67,client_ema,uplink_bytes,1165608.0,575,0.7894467213114754,0.7894467213114754,PAMAP2_subject
logistic,iid,32,67,conditional,uplink_bytes,1165608.0,575,0.7920081967213115,0.7920081967213115,PAMAP2_subject
logistic,iid,32,67,estimated_conditional,uplink_bytes,1165608.0,525,0.7802254098360656,0.7802254098360656,PAMAP2_subject
logistic,iid,32,67,fixed_k,uplink_bytes,1165608.0,600,0.7889344262295082,0.7889344262295082,PAMAP2_subject
logistic,iid,32,67,mean_length,uplink_bytes,1165608.0,575,0.7868852459016393,0.7868852459016393,PAMAP2_subject
logistic,iid,32,67,naive,uplink_bytes,1165608.0,575,0.6987704918032787,0.6987704918032787,PAMAP2_subject
logistic,iid,32,83,client_ema,uplink_bytes,1162696.0,575,0.8181352459016393,0.8181352459016393,PAMAP2_subject
logistic,iid,32,83,conditional,uplink_bytes,1162696.0,575,0.8150614754098361,0.8150614754098361,PAMAP2_subject
logistic,iid,32,83,estimated_conditional,uplink_bytes,1162696.0,525,0.8073770491803278,0.8073770491803278,PAMAP2_subject
logistic,iid,32,83,fixed_k,uplink_bytes,1162696.0,575,0.8181352459016393,0.8181352459016393,PAMAP2_subject
logistic,iid,32,83,mean_length,uplink_bytes,1162696.0,575,0.8150614754098361,0.8150614754098361,PAMAP2_subject
logistic,iid,32,83,naive,uplink_bytes,1162696.0,600,0.7797131147540983,0.7797131147540983,PAMAP2_subject
logistic,iid,32,97,client_ema,uplink_bytes,1164728.0,600,0.8135245901639344,0.8135245901639344,PAMAP2_subject
logistic,iid,32,97,conditional,uplink_bytes,1164728.0,575,0.8037909836065574,0.8037909836065574,PAMAP2_subject
logistic,iid,32,97,estimated_conditional,uplink_bytes,1164728.0,525,0.7935450819672131,0.7935450819672131,PAMAP2_subject
logistic,iid,32,97,fixed_k,uplink_bytes,1164728.0,575,0.8078893442622951,0.8078893442622951,PAMAP2_subject
logistic,iid,32,97,mean_length,uplink_bytes,1164728.0,575,0.8048155737704918,0.8048155737704918,PAMAP2_subject
logistic,iid,32,97,naive,uplink_bytes,1164728.0,575,0.7264344262295082,0.7264344262295082,PAMAP2_subject
logistic,iid,32,101,client_ema,uplink_bytes,1165536.0,575,0.8002049180327869,0.8002049180327869,PAMAP2_subject
logistic,iid,32,101,conditional,uplink_bytes,1165536.0,600,0.8027663934426229,0.8027663934426229,PAMAP2_subject
logistic,iid,32,101,estimated_conditional,uplink_bytes,1165536.0,525,0.8119877049180327,0.8119877049180327,PAMAP2_subject
logistic,iid,32,101,fixed_k,uplink_bytes,1165536.0,575,0.795594262295082,0.795594262295082,PAMAP2_subject
logistic,iid,32,101,mean_length,uplink_bytes,1165536.0,575,0.7966188524590164,0.7966188524590164,PAMAP2_subject
logistic,iid,32,101,naive,uplink_bytes,1165536.0,575,0.7269467213114754,0.7269467213114754,PAMAP2_subject
logistic,iid,32,113,client_ema,uplink_bytes,1162160.0,575,0.7930327868852459,0.7930327868852459,PAMAP2_subject
logistic,iid,32,113,conditional,uplink_bytes,1162160.0,600,0.795594262295082,0.795594262295082,PAMAP2_subject
logistic,iid,32,113,estimated_conditional,uplink_bytes,1162160.0,525,0.7879098360655737,0.7879098360655737,PAMAP2_subject
logistic,iid,32,113,fixed_k,uplink_bytes,1162160.0,575,0.78125,0.78125,PAMAP2_subject
logistic,iid,32,113,mean_length,uplink_bytes,1162160.0,575,0.7899590163934426,0.7899590163934426,PAMAP2_subject
logistic,iid,32,113,naive,uplink_bytes,1162160.0,575,0.7228483606557377,0.7228483606557377,PAMAP2_subject
logistic,iid,32,127,client_ema,uplink_bytes,1162744.0,575,0.819672131147541,0.819672131147541,PAMAP2_subject
logistic,iid,32,127,conditional,uplink_bytes,1162744.0,575,0.8176229508196722,0.8176229508196722,PAMAP2_subject
logistic,iid,32,127,estimated_conditional,uplink_bytes,1162744.0,525,0.8114754098360656,0.8114754098360656,PAMAP2_subject
logistic,iid,32,127,fixed_k,uplink_bytes,1162744.0,575,0.8201844262295082,0.8201844262295082,PAMAP2_subject
logistic,iid,32,127,mean_length,uplink_bytes,1162744.0,600,0.8201844262295082,0.8201844262295082,PAMAP2_subject
logistic,iid,32,127,naive,uplink_bytes,1162744.0,575,0.7597336065573771,0.7597336065573771,PAMAP2_subject
logistic,iid,32,137,client_ema,uplink_bytes,1165608.0,575,0.8002049180327869,0.8002049180327869,PAMAP2_subject
logistic,iid,32,137,conditional,uplink_bytes,1165608.0,575,0.8012295081967213,0.8012295081967213,PAMAP2_subject
logistic,iid,32,137,estimated_conditional,uplink_bytes,1165608.0,525,0.7920081967213115,0.7920081967213115,PAMAP2_subject
logistic,iid,32,137,fixed_k,uplink_bytes,1165608.0,600,0.8114754098360656,0.8114754098360656,PAMAP2_subject
logistic,iid,32,137,mean_length,uplink_bytes,1165608.0,575,0.7991803278688525,0.7991803278688525,PAMAP2_subject
logistic,iid,32,137,naive,uplink_bytes,1165608.0,575,0.7443647540983607,0.7443647540983607,PAMAP2_subject
logistic,iid,32,149,client_ema,uplink_bytes,1163088.0,575,0.7679303278688525,0.7679303278688525,PAMAP2_subject
logistic,iid,32,149,conditional,uplink_bytes,1163088.0,575,0.7663934426229508,0.7663934426229508,PAMAP2_subject
logistic,iid,32,149,estimated_conditional,uplink_bytes,1163088.0,525,0.7515368852459017,0.7515368852459017,PAMAP2_subject
logistic,iid,32,149,fixed_k,uplink_bytes,1163088.0,575,0.7868852459016393,0.7868852459016393,PAMAP2_subject
logistic,iid,32,149,mean_length,uplink_bytes,1163088.0,600,0.764344262295082,0.764344262295082,PAMAP2_subject
logistic,iid,32,149,naive,uplink_bytes,1163088.0,575,0.7161885245901639,0.7161885245901639,PAMAP2_subject
logistic,iid,128,11,client_ema,uplink_bytes,3468896.0,575,0.8417008196721312,0.8417008196721312,PAMAP2_subject
logistic,iid,128,11,conditional,uplink_bytes,3468896.0,575,0.8381147540983607,0.8381147540983607,PAMAP2_subject
logistic,iid,128,11,estimated_conditional,uplink_bytes,3468896.0,525,0.836577868852459,0.836577868852459,PAMAP2_subject
logistic,iid,128,11,fixed_k,uplink_bytes,3468896.0,575,0.8442622950819673,0.8442622950819673,PAMAP2_subject
logistic,iid,128,11,mean_length,uplink_bytes,3468896.0,575,0.8381147540983607,0.8381147540983607,PAMAP2_subject
logistic,iid,128,11,naive,uplink_bytes,3468896.0,600,0.8145491803278688,0.8145491803278688,PAMAP2_subject
logistic,iid,128,23,client_ema,uplink_bytes,3468152.0,575,0.8222336065573771,0.8222336065573771,PAMAP2_subject
logistic,iid,128,23,conditional,uplink_bytes,3468152.0,575,0.8227459016393442,0.8227459016393442,PAMAP2_subject
logistic,iid,128,23,estimated_conditional,uplink_bytes,3468152.0,525,0.8201844262295082,0.8201844262295082,PAMAP2_subject
logistic,iid,128,23,fixed_k,uplink_bytes,3468152.0,575,0.8237704918032787,0.8237704918032787,PAMAP2_subject
logistic,iid,128,23,mean_length,uplink_bytes,3468152.0,600,0.8247950819672131,0.8247950819672131,PAMAP2_subject
logistic,iid,128,23,naive,uplink_bytes,3468152.0,575,0.8104508196721312,0.8104508196721312,PAMAP2_subject
logistic,iid,128,47,client_ema,uplink_bytes,3469608.0,575,0.8539959016393442,0.8539959016393442,PAMAP2_subject
logistic,iid,128,47,conditional,uplink_bytes,3469608.0,575,0.8529713114754098,0.8529713114754098,PAMAP2_subject
logistic,iid,128,47,estimated_conditional,uplink_bytes,3469608.0,525,0.8498975409836066,0.8498975409836066,PAMAP2_subject
logistic,iid,128,47,fixed_k,uplink_bytes,3469608.0,600,0.8539959016393442,0.8539959016393442,PAMAP2_subject
logistic,iid,128,47,mean_length,uplink_bytes,3469608.0,575,0.8524590163934426,0.8524590163934426,PAMAP2_subject
logistic,iid,128,47,naive,uplink_bytes,3469608.0,575,0.8206967213114754,0.8206967213114754,PAMAP2_subject
logistic,iid,128,59,client_ema,uplink_bytes,3467176.0,575,0.8550204918032787,0.8550204918032787,PAMAP2_subject
logistic,iid,128,59,conditional,uplink_bytes,3467176.0,575,0.8565573770491803,0.8565573770491803,PAMAP2_subject
logistic,iid,128,59,estimated_conditional,uplink_bytes,3467176.0,525,0.8514344262295082,0.8514344262295082,PAMAP2_subject
logistic,iid,128,59,fixed_k,uplink_bytes,3467176.0,575,0.8560450819672131,0.8560450819672131,PAMAP2_subject
logistic,iid,128,59,mean_length,uplink_bytes,3467176.0,575,0.8560450819672131,0.8560450819672131,PAMAP2_subject
logistic,iid,128,59,naive,uplink_bytes,3467176.0,600,0.8417008196721312,0.8417008196721312,PAMAP2_subject
logistic,iid,128,67,client_ema,uplink_bytes,3469608.0,575,0.8340163934426229,0.8340163934426229,PAMAP2_subject
logistic,iid,128,67,conditional,uplink_bytes,3469608.0,575,0.8355532786885246,0.8355532786885246,PAMAP2_subject
logistic,iid,128,67,estimated_conditional,uplink_bytes,3469608.0,525,0.8309426229508197,0.8309426229508197,PAMAP2_subject
logistic,iid,128,67,fixed_k,uplink_bytes,3469608.0,600,0.8381147540983607,0.8381147540983607,PAMAP2_subject
logistic,iid,128,67,mean_length,uplink_bytes,3469608.0,575,0.836577868852459,0.836577868852459,PAMAP2_subject
logistic,iid,128,67,naive,uplink_bytes,3469608.0,575,0.8058401639344263,0.8058401639344263,PAMAP2_subject
logistic,iid,128,83,client_ema,uplink_bytes,3460632.0,600,0.8524590163934426,0.8524590163934426,PAMAP2_subject
logistic,iid,128,83,conditional,uplink_bytes,3460632.0,575,0.8498975409836066,0.8498975409836066,PAMAP2_subject
logistic,iid,128,83,estimated_conditional,uplink_bytes,3460632.0,525,0.8488729508196722,0.8488729508196722,PAMAP2_subject
logistic,iid,128,83,fixed_k,uplink_bytes,3460632.0,575,0.8483606557377049,0.8483606557377049,PAMAP2_subject
logistic,iid,128,83,mean_length,uplink_bytes,3460632.0,575,0.8514344262295082,0.8514344262295082,PAMAP2_subject
logistic,iid,128,83,naive,uplink_bytes,3460632.0,575,0.829405737704918,0.829405737704918,PAMAP2_subject
logistic,iid,128,97,client_ema,uplink_bytes,3469608.0,575,0.8468237704918032,0.8468237704918032,PAMAP2_subject
logistic,iid,128,97,conditional,uplink_bytes,3469608.0,575,0.8463114754098361,0.8463114754098361,PAMAP2_subject
logistic,iid,128,97,estimated_conditional,uplink_bytes,3469608.0,525,0.8381147540983607,0.8381147540983607,PAMAP2_subject
logistic,iid,128,97,fixed_k,uplink_bytes,3469608.0,600,0.8447745901639344,0.8447745901639344,PAMAP2_subject
logistic,iid,128,97,mean_length,uplink_bytes,3469608.0,575,0.8432377049180327,0.8432377049180327,PAMAP2_subject
logistic,iid,128,97,naive,uplink_bytes,3469608.0,575,0.8191598360655737,0.8191598360655737,PAMAP2_subject
logistic,iid,128,101,client_ema,uplink_bytes,3469608.0,575,0.8329918032786885,0.8329918032786885,PAMAP2_subject
logistic,iid,128,101,conditional,uplink_bytes,3469608.0,575,0.8335040983606558,0.8335040983606558,PAMAP2_subject
logistic,iid,128,101,estimated_conditional,uplink_bytes,3469608.0,525,0.836577868852459,0.836577868852459,PAMAP2_subject
logistic,iid,128,101,fixed_k,uplink_bytes,3469608.0,600,0.8355532786885246,0.8355532786885246,PAMAP2_subject
logistic,iid,128,101,mean_length,uplink_bytes,3469608.0,575,0.8329918032786885,0.8329918032786885,PAMAP2_subject
logistic,iid,128,101,naive,uplink_bytes,3469608.0,575,0.8048155737704918,0.8048155737704918,PAMAP2_subject
logistic,iid,128,113,client_ema,uplink_bytes,3465616.0,575,0.8299180327868853,0.8299180327868853,PAMAP2_subject
logistic,iid,128,113,conditional,uplink_bytes,3465616.0,575,0.8360655737704918,0.8360655737704918,PAMAP2_subject
logistic,iid,128,113,estimated_conditional,uplink_bytes,3465616.0,525,0.836577868852459,0.836577868852459,PAMAP2_subject
logistic,iid,128,113,fixed_k,uplink_bytes,3465616.0,575,0.8422131147540983,0.8422131147540983,PAMAP2_subject
logistic,iid,128,113,mean_length,uplink_bytes,3465616.0,575,0.8335040983606558,0.8335040983606558,PAMAP2_subject
logistic,iid,128,113,naive,uplink_bytes,3465616.0,600,0.8017418032786885,0.8017418032786885,PAMAP2_subject
logistic,iid,128,127,client_ema,uplink_bytes,3468632.0,575,0.8504098360655737,0.8504098360655737,PAMAP2_subject
logistic,iid,128,127,conditional,uplink_bytes,3468632.0,575,0.8514344262295082,0.8514344262295082,PAMAP2_subject
logistic,iid,128,127,estimated_conditional,uplink_bytes,3468632.0,525,0.8483606557377049,0.8483606557377049,PAMAP2_subject
logistic,iid,128,127,fixed_k,uplink_bytes,3468632.0,575,0.8498975409836066,0.8498975409836066,PAMAP2_subject
logistic,iid,128,127,mean_length,uplink_bytes,3468632.0,600,0.8519467213114754,0.8519467213114754,PAMAP2_subject
logistic,iid,128,127,naive,uplink_bytes,3468632.0,575,0.8335040983606558,0.8335040983606558,PAMAP2_subject
logistic,iid,128,137,client_ema,uplink_bytes,3465288.0,575,0.84375,0.84375,PAMAP2_subject
logistic,iid,128,137,conditional,uplink_bytes,3465288.0,575,0.8411885245901639,0.8411885245901639,PAMAP2_subject
logistic,iid,128,137,estimated_conditional,uplink_bytes,3465288.0,525,0.8360655737704918,0.8360655737704918,PAMAP2_subject
logistic,iid,128,137,fixed_k,uplink_bytes,3465288.0,575,0.8478483606557377,0.8478483606557377,PAMAP2_subject
logistic,iid,128,137,mean_length,uplink_bytes,3465288.0,600,0.8432377049180327,0.8432377049180327,PAMAP2_subject
logistic,iid,128,137,naive,uplink_bytes,3465288.0,575,0.8125,0.8125,PAMAP2_subject
logistic,iid,128,149,client_ema,uplink_bytes,3469608.0,575,0.8299180327868853,0.8299180327868853,PAMAP2_subject
logistic,iid,128,149,conditional,uplink_bytes,3469608.0,575,0.8283811475409836,0.8283811475409836,PAMAP2_subject
logistic,iid,128,149,estimated_conditional,uplink_bytes,3469608.0,525,0.8135245901639344,0.8135245901639344,PAMAP2_subject
logistic,iid,128,149,fixed_k,uplink_bytes,3469608.0,600,0.8314549180327869,0.8314549180327869,PAMAP2_subject
logistic,iid,128,149,mean_length,uplink_bytes,3469608.0,575,0.8288934426229508,0.8288934426229508,PAMAP2_subject
logistic,iid,128,149,naive,uplink_bytes,3469608.0,575,0.7909836065573771,0.7909836065573771,PAMAP2_subject
logistic,iid,512,11,client_ema,uplink_bytes,13188720.0,600,0.8596311475409836,0.8596311475409836,PAMAP2_subject
logistic,iid,512,11,conditional,uplink_bytes,13188720.0,575,0.8575819672131147,0.8575819672131147,PAMAP2_subject
logistic,iid,512,11,estimated_conditional,uplink_bytes,13188720.0,525,0.8586065573770492,0.8586065573770492,PAMAP2_subject
logistic,iid,512,11,fixed_k,uplink_bytes,13188720.0,575,0.858094262295082,0.858094262295082,PAMAP2_subject
logistic,iid,512,11,mean_length,uplink_bytes,13188720.0,575,0.8575819672131147,0.8575819672131147,PAMAP2_subject
logistic,iid,512,11,naive,uplink_bytes,13188720.0,575,0.8493852459016393,0.8493852459016393,PAMAP2_subject
logistic,iid,512,23,client_ema,uplink_bytes,13189608.0,575,0.8386270491803278,0.8386270491803278,PAMAP2_subject
logistic,iid,512,23,conditional,uplink_bytes,13189608.0,575,0.8401639344262295,0.8401639344262295,PAMAP2_subject
logistic,iid,512,23,estimated_conditional,uplink_bytes,13189608.0,525,0.8391393442622951,0.8391393442622951,PAMAP2_subject
logistic,iid,512,23,fixed_k,uplink_bytes,13189608.0,600,0.8432377049180327,0.8432377049180327,PAMAP2_subject
logistic,iid,512,23,mean_length,uplink_bytes,13189608.0,575,0.8401639344262295,0.8401639344262295,PAMAP2_subject
logistic,iid,512,23,naive,uplink_bytes,13189608.0,575,0.8258196721311475,0.8258196721311475,PAMAP2_subject
logistic,iid,512,47,client_ema,uplink_bytes,13189608.0,575,0.8601434426229508,0.8601434426229508,PAMAP2_subject
logistic,iid,512,47,conditional,uplink_bytes,13189608.0,575,0.8621926229508197,0.8621926229508197,PAMAP2_subject
logistic,iid,512,47,estimated_conditional,uplink_bytes,13189608.0,525,0.8611680327868853,0.8611680327868853,PAMAP2_subject
logistic,iid,512,47,fixed_k,uplink_bytes,13189608.0,600,0.860655737704918,0.860655737704918,PAMAP2_subject
logistic,iid,512,47,mean_length,uplink_bytes,13189608.0,575,0.8627049180327869,0.8627049180327869,PAMAP2_subject
logistic,iid,512,47,naive,uplink_bytes,13189608.0,575,0.8560450819672131,0.8560450819672131,PAMAP2_subject
logistic,iid,512,59,client_ema,uplink_bytes,13173840.0,575,0.8703893442622951,0.8703893442622951,PAMAP2_subject
logistic,iid,512,59,conditional,uplink_bytes,13173840.0,575,0.8693647540983607,0.8693647540983607,PAMAP2_subject
logistic,iid,512,59,estimated_conditional,uplink_bytes,13173840.0,525,0.8657786885245902,0.8657786885245902,PAMAP2_subject
logistic,iid,512,59,fixed_k,uplink_bytes,13173840.0,575,0.8688524590163934,0.8688524590163934,PAMAP2_subject
logistic,iid,512,59,mean_length,uplink_bytes,13173840.0,600,0.8724385245901639,0.8724385245901639,PAMAP2_subject
logistic,iid,512,59,naive,uplink_bytes,13173840.0,575,0.8591188524590164,0.8591188524590164,PAMAP2_subject
logistic,iid,512,67,client_ema,uplink_bytes,13180936.0,575,0.860655737704918,0.860655737704918,PAMAP2_subject
logistic,iid,512,67,conditional,uplink_bytes,13180936.0,575,0.8596311475409836,0.8596311475409836,PAMAP2_subject
logistic,iid,512,67,estimated_conditional,uplink_bytes,13180936.0,525,0.8529713114754098,0.8529713114754098,PAMAP2_subject
logistic,iid,512,67,fixed_k,uplink_bytes,13180936.0,575,0.8601434426229508,0.8601434426229508,PAMAP2_subject
logistic,iid,512,67,mean_length,uplink_bytes,13180936.0,575,0.8601434426229508,0.8601434426229508,PAMAP2_subject
logistic,iid,512,67,naive,uplink_bytes,13180936.0,600,0.8447745901639344,0.8447745901639344,PAMAP2_subject
logistic,iid,512,83,client_ema,uplink_bytes,13174064.0,575,0.8688524590163934,0.8688524590163934,PAMAP2_subject
logistic,iid,512,83,conditional,uplink_bytes,13174064.0,600,0.8688524590163934,0.8688524590163934,PAMAP2_subject
logistic,iid,512,83,estimated_conditional,uplink_bytes,13174064.0,525,0.8668032786885246,0.8668032786885246,PAMAP2_subject
logistic,iid,512,83,fixed_k,uplink_bytes,13174064.0,575,0.8698770491803278,0.8698770491803278,PAMAP2_subject
logistic,iid,512,83,mean_length,uplink_bytes,13174064.0,575,0.867827868852459,0.867827868852459,PAMAP2_subject
logistic,iid,512,83,naive,uplink_bytes,13174064.0,575,0.8570696721311475,0.8570696721311475,PAMAP2_subject
logistic,iid,512,97,client_ema,uplink_bytes,13187688.0,575,0.8596311475409836,0.8596311475409836,PAMAP2_subject
logistic,iid,512,97,conditional,uplink_bytes,13187688.0,600,0.8565573770491803,0.8565573770491803,PAMAP2_subject
logistic,iid,512,97,estimated_conditional,uplink_bytes,13187688.0,525,0.8539959016393442,0.8539959016393442,PAMAP2_subject
logistic,iid,512,97,fixed_k,uplink_bytes,13187688.0,575,0.8575819672131147,0.8575819672131147,PAMAP2_subject
logistic,iid,512,97,mean_length,uplink_bytes,13187688.0,575,0.8560450819672131,0.8560450819672131,PAMAP2_subject
logistic,iid,512,97,naive,uplink_bytes,13187688.0,575,0.8468237704918032,0.8468237704918032,PAMAP2_subject
logistic,iid,512,101,client_ema,uplink_bytes,13183272.0,575,0.8555327868852459,0.8555327868852459,PAMAP2_subject
logistic,iid,512,101,conditional,uplink_bytes,13183272.0,575,0.8539959016393442,0.8539959016393442,PAMAP2_subject
logistic,iid,512,101,estimated_conditional,uplink_bytes,13183272.0,525,0.8550204918032787,0.8550204918032787,PAMAP2_subject
logistic,iid,512,101,fixed_k,uplink_bytes,13183272.0,575,0.8534836065573771,0.8534836065573771,PAMAP2_subject
logistic,iid,512,101,mean_length,uplink_bytes,13183272.0,575,0.8524590163934426,0.8524590163934426,PAMAP2_subject
logistic,iid,512,101,naive,uplink_bytes,13183272.0,600,0.8370901639344263,0.8370901639344263,PAMAP2_subject
logistic,iid,512,113,client_ema,uplink_bytes,13189608.0,575,0.8611680327868853,0.8611680327868853,PAMAP2_subject
logistic,iid,512,113,conditional,uplink_bytes,13189608.0,575,0.8616803278688525,0.8616803278688525,PAMAP2_subject
logistic,iid,512,113,estimated_conditional,uplink_bytes,13189608.0,525,0.8652663934426229,0.8652663934426229,PAMAP2_subject
logistic,iid,512,113,fixed_k,uplink_bytes,13189608.0,600,0.8621926229508197,0.8621926229508197,PAMAP2_subject
logistic,iid,512,113,mean_length,uplink_bytes,13189608.0,575,0.8616803278688525,0.8616803278688525,PAMAP2_subject
logistic,iid,512,113,naive,uplink_bytes,13189608.0,575,0.8314549180327869,0.8314549180327869,PAMAP2_subject
logistic,iid,512,127,client_ema,uplink_bytes,13173704.0,575,0.8560450819672131,0.8560450819672131,PAMAP2_subject
logistic,iid,512,127,conditional,uplink_bytes,13173704.0,600,0.8586065573770492,0.8586065573770492,PAMAP2_subject
logistic,iid,512,127,estimated_conditional,uplink_bytes,13173704.0,525,0.8570696721311475,0.8570696721311475,PAMAP2_subject
logistic,iid,512,127,fixed_k,uplink_bytes,13173704.0,575,0.8575819672131147,0.8575819672131147,PAMAP2_subject
logistic,iid,512,127,mean_length,uplink_bytes,13173704.0,575,0.8575819672131147,0.8575819672131147,PAMAP2_subject
logistic,iid,512,127,naive,uplink_bytes,13173704.0,575,0.8534836065573771,0.8534836065573771,PAMAP2_subject
logistic,iid,512,137,client_ema,uplink_bytes,13189608.0,575,0.8627049180327869,0.8627049180327869,PAMAP2_subject
logistic,iid,512,137,conditional,uplink_bytes,13189608.0,575,0.8621926229508197,0.8621926229508197,PAMAP2_subject
logistic,iid,512,137,estimated_conditional,uplink_bytes,13189608.0,525,0.8570696721311475,0.8570696721311475,PAMAP2_subject
logistic,iid,512,137,fixed_k,uplink_bytes,13189608.0,600,0.8642418032786885,0.8642418032786885,PAMAP2_subject
logistic,iid,512,137,mean_length,uplink_bytes,13189608.0,575,0.8621926229508197,0.8621926229508197,PAMAP2_subject
logistic,iid,512,137,naive,uplink_bytes,13189608.0,575,0.8463114754098361,0.8463114754098361,PAMAP2_subject
logistic,iid,512,149,client_ema,uplink_bytes,13187968.0,575,0.8627049180327869,0.8627049180327869,PAMAP2_subject
logistic,iid,512,149,conditional,uplink_bytes,13187968.0,575,0.8601434426229508,0.8601434426229508,PAMAP2_subject
logistic,iid,512,149,estimated_conditional,uplink_bytes,13187968.0,525,0.8560450819672131,0.8560450819672131,PAMAP2_subject
logistic,iid,512,149,fixed_k,uplink_bytes,13187968.0,575,0.858094262295082,0.858094262295082,PAMAP2_subject
logistic,iid,512,149,mean_length,uplink_bytes,13187968.0,575,0.8601434426229508,0.8601434426229508,PAMAP2_subject
logistic,iid,512,149,naive,uplink_bytes,13187968.0,600,0.8427254098360656,0.8427254098360656,PAMAP2_subject
logistic,iid,32,11,client_ema,total_wire_bytes,4310496.0,575,0.7940573770491803,0.7940573770491803,PAMAP2_subject
logistic,iid,32,11,conditional,total_wire_bytes,4310496.0,575,0.7894467213114754,0.7894467213114754,PAMAP2_subject
logistic,iid,32,11,estimated_conditional,total_wire_bytes,4310496.0,575,0.7930327868852459,0.7930327868852459,PAMAP2_subject
logistic,iid,32,11,fixed_k,total_wire_bytes,4310496.0,600,0.8058401639344263,0.8058401639344263,PAMAP2_subject
logistic,iid,32,11,mean_length,total_wire_bytes,4310496.0,575,0.7925204918032787,0.7925204918032787,PAMAP2_subject
logistic,iid,32,11,naive,total_wire_bytes,4310496.0,575,0.7346311475409836,0.7346311475409836,PAMAP2_subject
logistic,iid,32,23,client_ema,total_wire_bytes,4310256.0,575,0.8022540983606558,0.8022540983606558,PAMAP2_subject
logistic,iid,32,23,conditional,total_wire_bytes,4310256.0,575,0.8022540983606558,0.8022540983606558,PAMAP2_subject
logistic,iid,32,23,estimated_conditional,total_wire_bytes,4310256.0,575,0.798155737704918,0.798155737704918,PAMAP2_subject
logistic,iid,32,23,fixed_k,total_wire_bytes,4310256.0,575,0.8058401639344263,0.8058401639344263,PAMAP2_subject
logistic,iid,32,23,mean_length,total_wire_bytes,4310256.0,575,0.8022540983606558,0.8022540983606558,PAMAP2_subject
logistic,iid,32,23,naive,total_wire_bytes,4310256.0,600,0.7576844262295082,0.7576844262295082,PAMAP2_subject
logistic,iid,32,47,client_ema,total_wire_bytes,4310496.0,575,0.8048155737704918,0.8048155737704918,PAMAP2_subject
logistic,iid,32,47,conditional,total_wire_bytes,4310496.0,575,0.8043032786885246,0.8043032786885246,PAMAP2_subject
logistic,iid,32,47,estimated_conditional,total_wire_bytes,4310496.0,575,0.8119877049180327,0.8119877049180327,PAMAP2_subject
logistic,iid,32,47,fixed_k,total_wire_bytes,4310496.0,600,0.8186475409836066,0.8186475409836066,PAMAP2_subject
logistic,iid,32,47,mean_length,total_wire_bytes,4310496.0,575,0.8012295081967213,0.8012295081967213,PAMAP2_subject
logistic,iid,32,47,naive,total_wire_bytes,4310496.0,575,0.7418032786885246,0.7418032786885246,PAMAP2_subject
logistic,iid,32,59,client_ema,total_wire_bytes,4306680.0,575,0.8350409836065574,0.8350409836065574,PAMAP2_subject
logistic,iid,32,59,conditional,total_wire_bytes,4306680.0,575,0.8350409836065574,0.8350409836065574,PAMAP2_subject
logistic,iid,32,59,estimated_conditional,total_wire_bytes,4306680.0,575,0.8329918032786885,0.8329918032786885,PAMAP2_subject
logistic,iid,32,59,fixed_k,total_wire_bytes,4306680.0,575,0.8335040983606558,0.8335040983606558,PAMAP2_subject
logistic,iid,32,59,mean_length,total_wire_bytes,4306680.0,575,0.8340163934426229,0.8340163934426229,PAMAP2_subject
logistic,iid,32,59,naive,total_wire_bytes,4306680.0,600,0.7894467213114754,0.7894467213114754,PAMAP2_subject
logistic,iid,32,67,client_ema,total_wire_bytes,4310496.0,575,0.7894467213114754,0.7894467213114754,PAMAP2_subject
logistic,iid,32,67,conditional,total_wire_bytes,4310496.0,575,0.7920081967213115,0.7920081967213115,PAMAP2_subject
logistic,iid,32,67,estimated_conditional,total_wire_bytes,4310496.0,575,0.7930327868852459,0.7930327868852459,PAMAP2_subject
logistic,iid,32,67,fixed_k,total_wire_bytes,4310496.0,600,0.7889344262295082,0.7889344262295082,PAMAP2_subject
logistic,iid,32,67,mean_length,total_wire_bytes,4310496.0,575,0.7868852459016393,0.7868852459016393,PAMAP2_subject
logistic,iid,32,67,naive,total_wire_bytes,4310496.0,575,0.6987704918032787,0.6987704918032787,PAMAP2_subject
logistic,iid,32,83,client_ema,total_wire_bytes,4307584.0,575,0.8181352459016393,0.8181352459016393,PAMAP2_subject
logistic,iid,32,83,conditional,total_wire_bytes,4307584.0,575,0.8150614754098361,0.8150614754098361,PAMAP2_subject
logistic,iid,32,83,estimated_conditional,total_wire_bytes,4307584.0,575,0.8145491803278688,0.8145491803278688,PAMAP2_subject
logistic,iid,32,83,fixed_k,total_wire_bytes,4307584.0,575,0.8181352459016393,0.8181352459016393,PAMAP2_subject
logistic,iid,32,83,mean_length,total_wire_bytes,4307584.0,575,0.8150614754098361,0.8150614754098361,PAMAP2_subject
logistic,iid,32,83,naive,total_wire_bytes,4307584.0,600,0.7797131147540983,0.7797131147540983,PAMAP2_subject
logistic,iid,32,97,client_ema,total_wire_bytes,4309616.0,600,0.8135245901639344,0.8135245901639344,PAMAP2_subject
logistic,iid,32,97,conditional,total_wire_bytes,4309616.0,575,0.8037909836065574,0.8037909836065574,PAMAP2_subject
logistic,iid,32,97,estimated_conditional,total_wire_bytes,4309616.0,575,0.8017418032786885,0.8017418032786885,PAMAP2_subject
logistic,iid,32,97,fixed_k,total_wire_bytes,4309616.0,575,0.8078893442622951,0.8078893442622951,PAMAP2_subject
logistic,iid,32,97,mean_length,total_wire_bytes,4309616.0,575,0.8048155737704918,0.8048155737704918,PAMAP2_subject
logistic,iid,32,97,naive,total_wire_bytes,4309616.0,575,0.7264344262295082,0.7264344262295082,PAMAP2_subject
logistic,iid,32,101,client_ema,total_wire_bytes,4310424.0,575,0.8002049180327869,0.8002049180327869,PAMAP2_subject
logistic,iid,32,101,conditional,total_wire_bytes,4310424.0,600,0.8027663934426229,0.8027663934426229,PAMAP2_subject
logistic,iid,32,101,estimated_conditional,total_wire_bytes,4310424.0,575,0.8217213114754098,0.8217213114754098,PAMAP2_subject
logistic,iid,32,101,fixed_k,total_wire_bytes,4310424.0,575,0.795594262295082,0.795594262295082,PAMAP2_subject
logistic,iid,32,101,mean_length,total_wire_bytes,4310424.0,575,0.7966188524590164,0.7966188524590164,PAMAP2_subject
logistic,iid,32,101,naive,total_wire_bytes,4310424.0,575,0.7269467213114754,0.7269467213114754,PAMAP2_subject
logistic,iid,32,113,client_ema,total_wire_bytes,4307048.0,575,0.7930327868852459,0.7930327868852459,PAMAP2_subject
logistic,iid,32,113,conditional,total_wire_bytes,4307048.0,600,0.795594262295082,0.795594262295082,PAMAP2_subject
logistic,iid,32,113,estimated_conditional,total_wire_bytes,4307048.0,575,0.7950819672131147,0.7950819672131147,PAMAP2_subject
logistic,iid,32,113,fixed_k,total_wire_bytes,4307048.0,575,0.78125,0.78125,PAMAP2_subject
logistic,iid,32,113,mean_length,total_wire_bytes,4307048.0,575,0.7899590163934426,0.7899590163934426,PAMAP2_subject
logistic,iid,32,113,naive,total_wire_bytes,4307048.0,575,0.7228483606557377,0.7228483606557377,PAMAP2_subject
logistic,iid,32,127,client_ema,total_wire_bytes,4307632.0,575,0.819672131147541,0.819672131147541,PAMAP2_subject
logistic,iid,32,127,conditional,total_wire_bytes,4307632.0,575,0.8176229508196722,0.8176229508196722,PAMAP2_subject
logistic,iid,32,127,estimated_conditional,total_wire_bytes,4307632.0,575,0.8176229508196722,0.8176229508196722,PAMAP2_subject
logistic,iid,32,127,fixed_k,total_wire_bytes,4307632.0,575,0.8201844262295082,0.8201844262295082,PAMAP2_subject
logistic,iid,32,127,mean_length,total_wire_bytes,4307632.0,600,0.8201844262295082,0.8201844262295082,PAMAP2_subject
logistic,iid,32,127,naive,total_wire_bytes,4307632.0,575,0.7597336065573771,0.7597336065573771,PAMAP2_subject
logistic,iid,32,137,client_ema,total_wire_bytes,4310496.0,575,0.8002049180327869,0.8002049180327869,PAMAP2_subject
logistic,iid,32,137,conditional,total_wire_bytes,4310496.0,575,0.8012295081967213,0.8012295081967213,PAMAP2_subject
logistic,iid,32,137,estimated_conditional,total_wire_bytes,4310496.0,575,0.8037909836065574,0.8037909836065574,PAMAP2_subject
logistic,iid,32,137,fixed_k,total_wire_bytes,4310496.0,600,0.8114754098360656,0.8114754098360656,PAMAP2_subject
logistic,iid,32,137,mean_length,total_wire_bytes,4310496.0,575,0.7991803278688525,0.7991803278688525,PAMAP2_subject
logistic,iid,32,137,naive,total_wire_bytes,4310496.0,575,0.7443647540983607,0.7443647540983607,PAMAP2_subject
logistic,iid,32,149,client_ema,total_wire_bytes,4307976.0,575,0.7679303278688525,0.7679303278688525,PAMAP2_subject
logistic,iid,32,149,conditional,total_wire_bytes,4307976.0,575,0.7663934426229508,0.7663934426229508,PAMAP2_subject
logistic,iid,32,149,estimated_conditional,total_wire_bytes,4307976.0,575,0.7612704918032787,0.7612704918032787,PAMAP2_subject
logistic,iid,32,149,fixed_k,total_wire_bytes,4307976.0,575,0.7868852459016393,0.7868852459016393,PAMAP2_subject
logistic,iid,32,149,mean_length,total_wire_bytes,4307976.0,600,0.764344262295082,0.764344262295082,PAMAP2_subject
logistic,iid,32,149,naive,total_wire_bytes,4307976.0,575,0.7161885245901639,0.7161885245901639,PAMAP2_subject
logistic,iid,128,11,client_ema,total_wire_bytes,6613784.0,575,0.8417008196721312,0.8417008196721312,PAMAP2_subject
logistic,iid,128,11,conditional,total_wire_bytes,6613784.0,575,0.8381147540983607,0.8381147540983607,PAMAP2_subject
logistic,iid,128,11,estimated_conditional,total_wire_bytes,6613784.0,550,0.8360655737704918,0.8360655737704918,PAMAP2_subject
logistic,iid,128,11,fixed_k,total_wire_bytes,6613784.0,575,0.8442622950819673,0.8442622950819673,PAMAP2_subject
logistic,iid,128,11,mean_length,total_wire_bytes,6613784.0,575,0.8381147540983607,0.8381147540983607,PAMAP2_subject
logistic,iid,128,11,naive,total_wire_bytes,6613784.0,600,0.8145491803278688,0.8145491803278688,PAMAP2_subject
logistic,iid,128,23,client_ema,total_wire_bytes,6613040.0,575,0.8222336065573771,0.8222336065573771,PAMAP2_subject
logistic,iid,128,23,conditional,total_wire_bytes,6613040.0,575,0.8227459016393442,0.8227459016393442,PAMAP2_subject
logistic,iid,128,23,estimated_conditional,total_wire_bytes,6613040.0,550,0.8201844262295082,0.8201844262295082,PAMAP2_subject
logistic,iid,128,23,fixed_k,total_wire_bytes,6613040.0,575,0.8237704918032787,0.8237704918032787,PAMAP2_subject
logistic,iid,128,23,mean_length,total_wire_bytes,6613040.0,600,0.8247950819672131,0.8247950819672131,PAMAP2_subject
logistic,iid,128,23,naive,total_wire_bytes,6613040.0,575,0.8104508196721312,0.8104508196721312,PAMAP2_subject
logistic,iid,128,47,client_ema,total_wire_bytes,6614496.0,575,0.8539959016393442,0.8539959016393442,PAMAP2_subject
logistic,iid,128,47,conditional,total_wire_bytes,6614496.0,575,0.8529713114754098,0.8529713114754098,PAMAP2_subject
logistic,iid,128,47,estimated_conditional,total_wire_bytes,6614496.0,550,0.8529713114754098,0.8529713114754098,PAMAP2_subject
logistic,iid,128,47,fixed_k,total_wire_bytes,6614496.0,600,0.8539959016393442,0.8539959016393442,PAMAP2_subject
logistic,iid,128,47,mean_length,total_wire_bytes,6614496.0,575,0.8524590163934426,0.8524590163934426,PAMAP2_subject
logistic,iid,128,47,naive,total_wire_bytes,6614496.0,575,0.8206967213114754,0.8206967213114754,PAMAP2_subject
logistic,iid,128,59,client_ema,total_wire_bytes,6612064.0,575,0.8550204918032787,0.8550204918032787,PAMAP2_subject
logistic,iid,128,59,conditional,total_wire_bytes,6612064.0,575,0.8565573770491803,0.8565573770491803,PAMAP2_subject
logistic,iid,128,59,estimated_conditional,total_wire_bytes,6612064.0,550,0.8529713114754098,0.8529713114754098,PAMAP2_subject
logistic,iid,128,59,fixed_k,total_wire_bytes,6612064.0,575,0.8560450819672131,0.8560450819672131,PAMAP2_subject
logistic,iid,128,59,mean_length,total_wire_bytes,6612064.0,575,0.8560450819672131,0.8560450819672131,PAMAP2_subject
logistic,iid,128,59,naive,total_wire_bytes,6612064.0,600,0.8417008196721312,0.8417008196721312,PAMAP2_subject
logistic,iid,128,67,client_ema,total_wire_bytes,6614496.0,575,0.8340163934426229,0.8340163934426229,PAMAP2_subject
logistic,iid,128,67,conditional,total_wire_bytes,6614496.0,575,0.8355532786885246,0.8355532786885246,PAMAP2_subject
logistic,iid,128,67,estimated_conditional,total_wire_bytes,6614496.0,550,0.8355532786885246,0.8355532786885246,PAMAP2_subject
logistic,iid,128,67,fixed_k,total_wire_bytes,6614496.0,600,0.8381147540983607,0.8381147540983607,PAMAP2_subject
logistic,iid,128,67,mean_length,total_wire_bytes,6614496.0,575,0.836577868852459,0.836577868852459,PAMAP2_subject
logistic,iid,128,67,naive,total_wire_bytes,6614496.0,575,0.8058401639344263,0.8058401639344263,PAMAP2_subject
logistic,iid,128,83,client_ema,total_wire_bytes,6605520.0,600,0.8524590163934426,0.8524590163934426,PAMAP2_subject
logistic,iid,128,83,conditional,total_wire_bytes,6605520.0,575,0.8498975409836066,0.8498975409836066,PAMAP2_subject
logistic,iid,128,83,estimated_conditional,total_wire_bytes,6605520.0,550,0.850922131147541,0.850922131147541,PAMAP2_subject
logistic,iid,128,83,fixed_k,total_wire_bytes,6605520.0,575,0.8483606557377049,0.8483606557377049,PAMAP2_subject
logistic,iid,128,83,mean_length,total_wire_bytes,6605520.0,575,0.8514344262295082,0.8514344262295082,PAMAP2_subject
logistic,iid,128,83,naive,total_wire_bytes,6605520.0,575,0.829405737704918,0.829405737704918,PAMAP2_subject
logistic,iid,128,97,client_ema,total_wire_bytes,6614496.0,575,0.8468237704918032,0.8468237704918032,PAMAP2_subject
logistic,iid,128,97,conditional,total_wire_bytes,6614496.0,575,0.8463114754098361,0.8463114754098361,PAMAP2_subject
logistic,iid,128,97,estimated_conditional,total_wire_bytes,6614496.0,550,0.8360655737704918,0.8360655737704918,PAMAP2_subject
logistic,iid,128,97,fixed_k,total_wire_bytes,6614496.0,600,0.8447745901639344,0.8447745901639344,PAMAP2_subject
logistic,iid,128,97,mean_length,total_wire_bytes,6614496.0,575,0.8432377049180327,0.8432377049180327,PAMAP2_subject
logistic,iid,128,97,naive,total_wire_bytes,6614496.0,575,0.8191598360655737,0.8191598360655737,PAMAP2_subject
logistic,iid,128,101,client_ema,total_wire_bytes,6614496.0,575,0.8329918032786885,0.8329918032786885,PAMAP2_subject
logistic,iid,128,101,conditional,total_wire_bytes,6614496.0,575,0.8335040983606558,0.8335040983606558,PAMAP2_subject
logistic,iid,128,101,estimated_conditional,total_wire_bytes,6614496.0,550,0.8391393442622951,0.8391393442622951,PAMAP2_subject
logistic,iid,128,101,fixed_k,total_wire_bytes,6614496.0,600,0.8355532786885246,0.8355532786885246,PAMAP2_subject
logistic,iid,128,101,mean_length,total_wire_bytes,6614496.0,575,0.8329918032786885,0.8329918032786885,PAMAP2_subject
logistic,iid,128,101,naive,total_wire_bytes,6614496.0,575,0.8048155737704918,0.8048155737704918,PAMAP2_subject
logistic,iid,128,113,client_ema,total_wire_bytes,6610504.0,575,0.8299180327868853,0.8299180327868853,PAMAP2_subject
logistic,iid,128,113,conditional,total_wire_bytes,6610504.0,575,0.8360655737704918,0.8360655737704918,PAMAP2_subject
logistic,iid,128,113,estimated_conditional,total_wire_bytes,6610504.0,550,0.8340163934426229,0.8340163934426229,PAMAP2_subject
logistic,iid,128,113,fixed_k,total_wire_bytes,6610504.0,575,0.8422131147540983,0.8422131147540983,PAMAP2_subject
logistic,iid,128,113,mean_length,total_wire_bytes,6610504.0,575,0.8335040983606558,0.8335040983606558,PAMAP2_subject
logistic,iid,128,113,naive,total_wire_bytes,6610504.0,600,0.8017418032786885,0.8017418032786885,PAMAP2_subject
logistic,iid,128,127,client_ema,total_wire_bytes,6613520.0,575,0.8504098360655737,0.8504098360655737,PAMAP2_subject
logistic,iid,128,127,conditional,total_wire_bytes,6613520.0,575,0.8514344262295082,0.8514344262295082,PAMAP2_subject
logistic,iid,128,127,estimated_conditional,total_wire_bytes,6613520.0,550,0.850922131147541,0.850922131147541,PAMAP2_subject
logistic,iid,128,127,fixed_k,total_wire_bytes,6613520.0,575,0.8498975409836066,0.8498975409836066,PAMAP2_subject
logistic,iid,128,127,mean_length,total_wire_bytes,6613520.0,600,0.8519467213114754,0.8519467213114754,PAMAP2_subject
logistic,iid,128,127,naive,total_wire_bytes,6613520.0,575,0.8335040983606558,0.8335040983606558,PAMAP2_subject
logistic,iid,128,137,client_ema,total_wire_bytes,6610176.0,575,0.84375,0.84375,PAMAP2_subject
logistic,iid,128,137,conditional,total_wire_bytes,6610176.0,575,0.8411885245901639,0.8411885245901639,PAMAP2_subject
logistic,iid,128,137,estimated_conditional,total_wire_bytes,6610176.0,550,0.836577868852459,0.836577868852459,PAMAP2_subject
logistic,iid,128,137,fixed_k,total_wire_bytes,6610176.0,575,0.8478483606557377,0.8478483606557377,PAMAP2_subject
logistic,iid,128,137,mean_length,total_wire_bytes,6610176.0,600,0.8432377049180327,0.8432377049180327,PAMAP2_subject
logistic,iid,128,137,naive,total_wire_bytes,6610176.0,575,0.8125,0.8125,PAMAP2_subject
logistic,iid,128,149,client_ema,total_wire_bytes,6614496.0,575,0.8299180327868853,0.8299180327868853,PAMAP2_subject
logistic,iid,128,149,conditional,total_wire_bytes,6614496.0,575,0.8283811475409836,0.8283811475409836,PAMAP2_subject
logistic,iid,128,149,estimated_conditional,total_wire_bytes,6614496.0,550,0.8206967213114754,0.8206967213114754,PAMAP2_subject
logistic,iid,128,149,fixed_k,total_wire_bytes,6614496.0,600,0.8314549180327869,0.8314549180327869,PAMAP2_subject
logistic,iid,128,149,mean_length,total_wire_bytes,6614496.0,575,0.8288934426229508,0.8288934426229508,PAMAP2_subject
logistic,iid,128,149,naive,total_wire_bytes,6614496.0,575,0.7909836065573771,0.7909836065573771,PAMAP2_subject
logistic,iid,512,11,client_ema,total_wire_bytes,16333608.0,600,0.8596311475409836,0.8596311475409836,PAMAP2_subject
logistic,iid,512,11,conditional,total_wire_bytes,16333608.0,575,0.8575819672131147,0.8575819672131147,PAMAP2_subject
logistic,iid,512,11,estimated_conditional,total_wire_bytes,16333608.0,550,0.8596311475409836,0.8596311475409836,PAMAP2_subject
logistic,iid,512,11,fixed_k,total_wire_bytes,16333608.0,575,0.858094262295082,0.858094262295082,PAMAP2_subject
logistic,iid,512,11,mean_length,total_wire_bytes,16333608.0,575,0.8575819672131147,0.8575819672131147,PAMAP2_subject
logistic,iid,512,11,naive,total_wire_bytes,16333608.0,575,0.8493852459016393,0.8493852459016393,PAMAP2_subject
logistic,iid,512,23,client_ema,total_wire_bytes,16334496.0,575,0.8386270491803278,0.8386270491803278,PAMAP2_subject
logistic,iid,512,23,conditional,total_wire_bytes,16334496.0,575,0.8401639344262295,0.8401639344262295,PAMAP2_subject
logistic,iid,512,23,estimated_conditional,total_wire_bytes,16334496.0,550,0.8386270491803278,0.8386270491803278,PAMAP2_subject
logistic,iid,512,23,fixed_k,total_wire_bytes,16334496.0,600,0.8432377049180327,0.8432377049180327,PAMAP2_subject
logistic,iid,512,23,mean_length,total_wire_bytes,16334496.0,575,0.8401639344262295,0.8401639344262295,PAMAP2_subject
logistic,iid,512,23,naive,total_wire_bytes,16334496.0,575,0.8258196721311475,0.8258196721311475,PAMAP2_subject
logistic,iid,512,47,client_ema,total_wire_bytes,16334496.0,575,0.8601434426229508,0.8601434426229508,PAMAP2_subject
logistic,iid,512,47,conditional,total_wire_bytes,16334496.0,575,0.8621926229508197,0.8621926229508197,PAMAP2_subject
logistic,iid,512,47,estimated_conditional,total_wire_bytes,16334496.0,550,0.8627049180327869,0.8627049180327869,PAMAP2_subject
logistic,iid,512,47,fixed_k,total_wire_bytes,16334496.0,600,0.860655737704918,0.860655737704918,PAMAP2_subject
logistic,iid,512,47,mean_length,total_wire_bytes,16334496.0,575,0.8627049180327869,0.8627049180327869,PAMAP2_subject
logistic,iid,512,47,naive,total_wire_bytes,16334496.0,575,0.8560450819672131,0.8560450819672131,PAMAP2_subject
logistic,iid,512,59,client_ema,total_wire_bytes,16318728.0,575,0.8703893442622951,0.8703893442622951,PAMAP2_subject
logistic,iid,512,59,conditional,total_wire_bytes,16318728.0,575,0.8693647540983607,0.8693647540983607,PAMAP2_subject
logistic,iid,512,59,estimated_conditional,total_wire_bytes,16318728.0,550,0.8688524590163934,0.8688524590163934,PAMAP2_subject
logistic,iid,512,59,fixed_k,total_wire_bytes,16318728.0,575,0.8688524590163934,0.8688524590163934,PAMAP2_subject
logistic,iid,512,59,mean_length,total_wire_bytes,16318728.0,600,0.8724385245901639,0.8724385245901639,PAMAP2_subject
logistic,iid,512,59,naive,total_wire_bytes,16318728.0,575,0.8591188524590164,0.8591188524590164,PAMAP2_subject
logistic,iid,512,67,client_ema,total_wire_bytes,16325824.0,575,0.860655737704918,0.860655737704918,PAMAP2_subject
logistic,iid,512,67,conditional,total_wire_bytes,16325824.0,575,0.8596311475409836,0.8596311475409836,PAMAP2_subject
logistic,iid,512,67,estimated_conditional,total_wire_bytes,16325824.0,550,0.8534836065573771,0.8534836065573771,PAMAP2_subject
logistic,iid,512,67,fixed_k,total_wire_bytes,16325824.0,575,0.8601434426229508,0.8601434426229508,PAMAP2_subject
logistic,iid,512,67,mean_length,total_wire_bytes,16325824.0,575,0.8601434426229508,0.8601434426229508,PAMAP2_subject
logistic,iid,512,67,naive,total_wire_bytes,16325824.0,600,0.8447745901639344,0.8447745901639344,PAMAP2_subject
logistic,iid,512,83,client_ema,total_wire_bytes,16318952.0,575,0.8688524590163934,0.8688524590163934,PAMAP2_subject
logistic,iid,512,83,conditional,total_wire_bytes,16318952.0,600,0.8688524590163934,0.8688524590163934,PAMAP2_subject
logistic,iid,512,83,estimated_conditional,total_wire_bytes,16318952.0,550,0.867827868852459,0.867827868852459,PAMAP2_subject
logistic,iid,512,83,fixed_k,total_wire_bytes,16318952.0,575,0.8698770491803278,0.8698770491803278,PAMAP2_subject
logistic,iid,512,83,mean_length,total_wire_bytes,16318952.0,575,0.867827868852459,0.867827868852459,PAMAP2_subject
logistic,iid,512,83,naive,total_wire_bytes,16318952.0,575,0.8570696721311475,0.8570696721311475,PAMAP2_subject
logistic,iid,512,97,client_ema,total_wire_bytes,16332576.0,575,0.8596311475409836,0.8596311475409836,PAMAP2_subject
logistic,iid,512,97,conditional,total_wire_bytes,16332576.0,600,0.8565573770491803,0.8565573770491803,PAMAP2_subject
logistic,iid,512,97,estimated_conditional,total_wire_bytes,16332576.0,550,0.8514344262295082,0.8514344262295082,PAMAP2_subject
logistic,iid,512,97,fixed_k,total_wire_bytes,16332576.0,575,0.8575819672131147,0.8575819672131147,PAMAP2_subject
logistic,iid,512,97,mean_length,total_wire_bytes,16332576.0,575,0.8560450819672131,0.8560450819672131,PAMAP2_subject
logistic,iid,512,97,naive,total_wire_bytes,16332576.0,575,0.8468237704918032,0.8468237704918032,PAMAP2_subject
logistic,iid,512,101,client_ema,total_wire_bytes,16328160.0,575,0.8555327868852459,0.8555327868852459,PAMAP2_subject
logistic,iid,512,101,conditional,total_wire_bytes,16328160.0,575,0.8539959016393442,0.8539959016393442,PAMAP2_subject
logistic,iid,512,101,estimated_conditional,total_wire_bytes,16328160.0,550,0.8591188524590164,0.8591188524590164,PAMAP2_subject
logistic,iid,512,101,fixed_k,total_wire_bytes,16328160.0,575,0.8534836065573771,0.8534836065573771,PAMAP2_subject
logistic,iid,512,101,mean_length,total_wire_bytes,16328160.0,575,0.8524590163934426,0.8524590163934426,PAMAP2_subject
logistic,iid,512,101,naive,total_wire_bytes,16328160.0,600,0.8370901639344263,0.8370901639344263,PAMAP2_subject
logistic,iid,512,113,client_ema,total_wire_bytes,16334496.0,575,0.8611680327868853,0.8611680327868853,PAMAP2_subject
logistic,iid,512,113,conditional,total_wire_bytes,16334496.0,575,0.8616803278688525,0.8616803278688525,PAMAP2_subject
logistic,iid,512,113,estimated_conditional,total_wire_bytes,16334496.0,550,0.8627049180327869,0.8627049180327869,PAMAP2_subject
logistic,iid,512,113,fixed_k,total_wire_bytes,16334496.0,600,0.8621926229508197,0.8621926229508197,PAMAP2_subject
logistic,iid,512,113,mean_length,total_wire_bytes,16334496.0,575,0.8616803278688525,0.8616803278688525,PAMAP2_subject
logistic,iid,512,113,naive,total_wire_bytes,16334496.0,575,0.8314549180327869,0.8314549180327869,PAMAP2_subject
logistic,iid,512,127,client_ema,total_wire_bytes,16318592.0,575,0.8560450819672131,0.8560450819672131,PAMAP2_subject
logistic,iid,512,127,conditional,total_wire_bytes,16318592.0,600,0.8586065573770492,0.8586065573770492,PAMAP2_subject
logistic,iid,512,127,estimated_conditional,total_wire_bytes,16318592.0,550,0.8560450819672131,0.8560450819672131,PAMAP2_subject
logistic,iid,512,127,fixed_k,total_wire_bytes,16318592.0,575,0.8575819672131147,0.8575819672131147,PAMAP2_subject
logistic,iid,512,127,mean_length,total_wire_bytes,16318592.0,575,0.8575819672131147,0.8575819672131147,PAMAP2_subject
logistic,iid,512,127,naive,total_wire_bytes,16318592.0,575,0.8534836065573771,0.8534836065573771,PAMAP2_subject
logistic,iid,512,137,client_ema,total_wire_bytes,16334496.0,575,0.8627049180327869,0.8627049180327869,PAMAP2_subject
logistic,iid,512,137,conditional,total_wire_bytes,16334496.0,575,0.8621926229508197,0.8621926229508197,PAMAP2_subject
logistic,iid,512,137,estimated_conditional,total_wire_bytes,16334496.0,550,0.8586065573770492,0.8586065573770492,PAMAP2_subject
logistic,iid,512,137,fixed_k,total_wire_bytes,16334496.0,600,0.8642418032786885,0.8642418032786885,PAMAP2_subject
logistic,iid,512,137,mean_length,total_wire_bytes,16334496.0,575,0.8621926229508197,0.8621926229508197,PAMAP2_subject
logistic,iid,512,137,naive,total_wire_bytes,16334496.0,575,0.8463114754098361,0.8463114754098361,PAMAP2_subject
logistic,iid,512,149,client_ema,total_wire_bytes,16332856.0,575,0.8627049180327869,0.8627049180327869,PAMAP2_subject
logistic,iid,512,149,conditional,total_wire_bytes,16332856.0,575,0.8601434426229508,0.8601434426229508,PAMAP2_subject
logistic,iid,512,149,estimated_conditional,total_wire_bytes,16332856.0,550,0.8560450819672131,0.8560450819672131,PAMAP2_subject
logistic,iid,512,149,fixed_k,total_wire_bytes,16332856.0,575,0.858094262295082,0.858094262295082,PAMAP2_subject
logistic,iid,512,149,mean_length,total_wire_bytes,16332856.0,575,0.8601434426229508,0.8601434426229508,PAMAP2_subject
logistic,iid,512,149,naive,total_wire_bytes,16332856.0,600,0.8427254098360656,0.8427254098360656,PAMAP2_subject
logistic,iid,32,11,client_ema,sim_seconds,12.479654825965474,600,0.7966188524590164,0.7966188524590164,PAMAP2_subject
logistic,iid,32,11,conditional,sim_seconds,12.479654825965474,600,0.7945696721311475,0.7945696721311475,PAMAP2_subject
logistic,iid,32,11,estimated_conditional,sim_seconds,12.479654825965474,550,0.7899590163934426,0.7899590163934426,PAMAP2_subject
logistic,iid,32,11,fixed_k,sim_seconds,12.479654825965474,600,0.8058401639344263,0.8058401639344263,PAMAP2_subject
logistic,iid,32,11,mean_length,sim_seconds,12.479654825965474,600,0.7950819672131147,0.7950819672131147,PAMAP2_subject
logistic,iid,32,11,naive,sim_seconds,12.479654825965474,600,0.7392418032786885,0.7392418032786885,PAMAP2_subject
logistic,iid,32,23,client_ema,sim_seconds,12.479654825965474,600,0.8037909836065574,0.8037909836065574,PAMAP2_subject
logistic,iid,32,23,conditional,sim_seconds,12.479654825965474,600,0.8037909836065574,0.8037909836065574,PAMAP2_subject
logistic,iid,32,23,estimated_conditional,sim_seconds,12.479654825965474,550,0.7940573770491803,0.7940573770491803,PAMAP2_subject
logistic,iid,32,23,fixed_k,sim_seconds,12.479654825965474,600,0.8094262295081968,0.8094262295081968,PAMAP2_subject
logistic,iid,32,23,mean_length,sim_seconds,12.479654825965474,600,0.8027663934426229,0.8027663934426229,PAMAP2_subject
logistic,iid,32,23,naive,sim_seconds,12.479654825965474,600,0.7576844262295082,0.7576844262295082,PAMAP2_subject
logistic,iid,32,47,client_ema,sim_seconds,12.479654825965474,600,0.8078893442622951,0.8078893442622951,PAMAP2_subject
logistic,iid,32,47,conditional,sim_seconds,12.479654825965474,600,0.8135245901639344,0.8135245901639344,PAMAP2_subject
logistic,iid,32,47,estimated_conditional,sim_seconds,12.479654825965474,550,0.8063524590163934,0.8063524590163934,PAMAP2_subject
logistic,iid,32,47,fixed_k,sim_seconds,12.479654825965474,600,0.8186475409836066,0.8186475409836066,PAMAP2_subject
logistic,iid,32,47,mean_length,sim_seconds,12.479654825965474,600,0.8089139344262295,0.8089139344262295,PAMAP2_subject
logistic,iid,32,47,naive,sim_seconds,12.479654825965474,600,0.75,0.75,PAMAP2_subject
logistic,iid,32,59,client_ema,sim_seconds,12.479654825965474,600,0.8381147540983607,0.8381147540983607,PAMAP2_subject
logistic,iid,32,59,conditional,sim_seconds,12.479654825965474,600,0.8370901639344263,0.8370901639344263,PAMAP2_subject
logistic,iid,32,59,estimated_conditional,sim_seconds,12.479654825965474,550,0.8329918032786885,0.8329918032786885,PAMAP2_subject
logistic,iid,32,59,fixed_k,sim_seconds,12.479654825965474,600,0.8350409836065574,0.8350409836065574,PAMAP2_subject
logistic,iid,32,59,mean_length,sim_seconds,12.479654825965474,600,0.836577868852459,0.836577868852459,PAMAP2_subject
logistic,iid,32,59,naive,sim_seconds,12.479654825965474,600,0.7894467213114754,0.7894467213114754,PAMAP2_subject
logistic,iid,32,67,client_ema,sim_seconds,12.479654825965474,600,0.7950819672131147,0.7950819672131147,PAMAP2_subject
logistic,iid,32,67,conditional,sim_seconds,12.479654825965474,600,0.7971311475409836,0.7971311475409836,PAMAP2_subject
logistic,iid,32,67,estimated_conditional,sim_seconds,12.479654825965474,550,0.7858606557377049,0.7858606557377049,PAMAP2_subject
logistic,iid,32,67,fixed_k,sim_seconds,12.479654825965474,600,0.7889344262295082,0.7889344262295082,PAMAP2_subject
logistic,iid,32,67,mean_length,sim_seconds,12.479654825965474,600,0.7940573770491803,0.7940573770491803,PAMAP2_subject
logistic,iid,32,67,naive,sim_seconds,12.479654825965474,600,0.7105532786885246,0.7105532786885246,PAMAP2_subject
logistic,iid,32,83,client_ema,sim_seconds,12.479654825965474,600,0.8227459016393442,0.8227459016393442,PAMAP2_subject
logistic,iid,32,83,conditional,sim_seconds,12.479654825965474,600,0.8212090163934426,0.8212090163934426,PAMAP2_subject
logistic,iid,32,83,estimated_conditional,sim_seconds,12.479654825965474,550,0.8099385245901639,0.8099385245901639,PAMAP2_subject
logistic,iid,32,83,fixed_k,sim_seconds,12.479654825965474,600,0.8227459016393442,0.8227459016393442,PAMAP2_subject
logistic,iid,32,83,mean_length,sim_seconds,12.479654825965474,600,0.819672131147541,0.819672131147541,PAMAP2_subject
logistic,iid,32,83,naive,sim_seconds,12.479654825965474,600,0.7797131147540983,0.7797131147540983,PAMAP2_subject
logistic,iid,32,97,client_ema,sim_seconds,12.479654825965474,600,0.8135245901639344,0.8135245901639344,PAMAP2_subject
logistic,iid,32,97,conditional,sim_seconds,12.479654825965474,600,0.8058401639344263,0.8058401639344263,PAMAP2_subject
logistic,iid,32,97,estimated_conditional,sim_seconds,12.479654825965474,550,0.8007172131147541,0.8007172131147541,PAMAP2_subject
logistic,iid,32,97,fixed_k,sim_seconds,12.479654825965474,600,0.8109631147540983,0.8109631147540983,PAMAP2_subject
logistic,iid,32,97,mean_length,sim_seconds,12.479654825965474,600,0.8043032786885246,0.8043032786885246,PAMAP2_subject
logistic,iid,32,97,naive,sim_seconds,12.479654825965474,600,0.7320696721311475,0.7320696721311475,PAMAP2_subject
logistic,iid,32,101,client_ema,sim_seconds,12.479654825965474,600,0.8032786885245902,0.8032786885245902,PAMAP2_subject
logistic,iid,32,101,conditional,sim_seconds,12.479654825965474,600,0.8027663934426229,0.8027663934426229,PAMAP2_subject
logistic,iid,32,101,estimated_conditional,sim_seconds,12.479654825965474,550,0.8171106557377049,0.8171106557377049,PAMAP2_subject
logistic,iid,32,101,fixed_k,sim_seconds,12.479654825965474,600,0.7991803278688525,0.7991803278688525,PAMAP2_subject
logistic,iid,32,101,mean_length,sim_seconds,12.479654825965474,600,0.8007172131147541,0.8007172131147541,PAMAP2_subject
logistic,iid,32,101,naive,sim_seconds,12.479654825965474,600,0.733094262295082,0.733094262295082,PAMAP2_subject
logistic,iid,32,113,client_ema,sim_seconds,12.479654825965474,600,0.7961065573770492,0.7961065573770492,PAMAP2_subject
logistic,iid,32,113,conditional,sim_seconds,12.479654825965474,600,0.795594262295082,0.795594262295082,PAMAP2_subject
logistic,iid,32,113,estimated_conditional,sim_seconds,12.479654825965474,550,0.7920081967213115,0.7920081967213115,PAMAP2_subject
logistic,iid,32,113,fixed_k,sim_seconds,12.479654825965474,600,0.7863729508196722,0.7863729508196722,PAMAP2_subject
logistic,iid,32,113,mean_length,sim_seconds,12.479654825965474,600,0.7940573770491803,0.7940573770491803,PAMAP2_subject
logistic,iid,32,113,naive,sim_seconds,12.479654825965474,600,0.7284836065573771,0.7284836065573771,PAMAP2_subject
logistic,iid,32,127,client_ema,sim_seconds,12.479654825965474,600,0.8222336065573771,0.8222336065573771,PAMAP2_subject
logistic,iid,32,127,conditional,sim_seconds,12.479654825965474,600,0.8201844262295082,0.8201844262295082,PAMAP2_subject
logistic,iid,32,127,estimated_conditional,sim_seconds,12.479654825965474,550,0.8150614754098361,0.8150614754098361,PAMAP2_subject
logistic,iid,32,127,fixed_k,sim_seconds,12.479654825965474,600,0.8232581967213115,0.8232581967213115,PAMAP2_subject
logistic,iid,32,127,mean_length,sim_seconds,12.479654825965474,600,0.8201844262295082,0.8201844262295082,PAMAP2_subject
logistic,iid,32,127,naive,sim_seconds,12.479654825965474,600,0.7658811475409836,0.7658811475409836,PAMAP2_subject
logistic,iid,32,137,client_ema,sim_seconds,12.479654825965474,600,0.8043032786885246,0.8043032786885246,PAMAP2_subject
logistic,iid,32,137,conditional,sim_seconds,12.479654825965474,600,0.8084016393442623,0.8084016393442623,PAMAP2_subject
logistic,iid,32,137,estimated_conditional,sim_seconds,12.479654825965474,550,0.7976434426229508,0.7976434426229508,PAMAP2_subject
logistic,iid,32,137,fixed_k,sim_seconds,12.479654825965474,600,0.8114754098360656,0.8114754098360656,PAMAP2_subject
logistic,iid,32,137,mean_length,sim_seconds,12.479654825965474,600,0.8058401639344263,0.8058401639344263,PAMAP2_subject
logistic,iid,32,137,naive,sim_seconds,12.479654825965474,600,0.7494877049180327,0.7494877049180327,PAMAP2_subject
logistic,iid,32,149,client_ema,sim_seconds,12.479654825965474,600,0.7684426229508197,0.7684426229508197,PAMAP2_subject
logistic,iid,32,149,conditional,sim_seconds,12.479654825965474,600,0.7689549180327869,0.7689549180327869,PAMAP2_subject
logistic,iid,32,149,estimated_conditional,sim_seconds,12.479654825965474,550,0.7551229508196722,0.7551229508196722,PAMAP2_subject
logistic,iid,32,149,fixed_k,sim_seconds,12.479654825965474,600,0.7894467213114754,0.7894467213114754,PAMAP2_subject
logistic,iid,32,149,mean_length,sim_seconds,12.479654825965474,600,0.764344262295082,0.764344262295082,PAMAP2_subject
logistic,iid,32,149,naive,sim_seconds,12.479654825965474,600,0.7207991803278688,0.7207991803278688,PAMAP2_subject
logistic,iid,128,11,client_ema,sim_seconds,29.605044182235176,600,0.8432377049180327,0.8432377049180327,PAMAP2_subject
logistic,iid,128,11,conditional,sim_seconds,29.605044182235176,600,0.8406762295081968,0.8406762295081968,PAMAP2_subject
logistic,iid,128,11,estimated_conditional,sim_seconds,29.605044182235176,550,0.8360655737704918,0.8360655737704918,PAMAP2_subject
logistic,iid,128,11,fixed_k,sim_seconds,29.605044182235176,600,0.8447745901639344,0.8447745901639344,PAMAP2_subject
logistic,iid,128,11,mean_length,sim_seconds,29.605044182235176,600,0.8406762295081968,0.8406762295081968,PAMAP2_subject
logistic,iid,128,11,naive,sim_seconds,29.605044182235176,600,0.8145491803278688,0.8145491803278688,PAMAP2_subject
logistic,iid,128,23,client_ema,sim_seconds,29.605044182235176,600,0.8237704918032787,0.8237704918032787,PAMAP2_subject
logistic,iid,128,23,conditional,sim_seconds,29.605044182235176,600,0.8237704918032787,0.8237704918032787,PAMAP2_subject
logistic,iid,128,23,estimated_conditional,sim_seconds,29.605044182235176,550,0.8201844262295082,0.8201844262295082,PAMAP2_subject
logistic,iid,128,23,fixed_k,sim_seconds,29.605044182235176,600,0.8237704918032787,0.8237704918032787,PAMAP2_subject
logistic,iid,128,23,mean_length,sim_seconds,29.605044182235176,600,0.8247950819672131,0.8247950819672131,PAMAP2_subject
logistic,iid,128,23,naive,sim_seconds,29.605044182235176,600,0.8109631147540983,0.8109631147540983,PAMAP2_subject
logistic,iid,128,47,client_ema,sim_seconds,29.605044182235176,600,0.8539959016393442,0.8539959016393442,PAMAP2_subject
logistic,iid,128,47,conditional,sim_seconds,29.605044182235176,600,0.8550204918032787,0.8550204918032787,PAMAP2_subject
logistic,iid,128,47,estimated_conditional,sim_seconds,29.605044182235176,550,0.8529713114754098,0.8529713114754098,PAMAP2_subject
logistic,iid,128,47,fixed_k,sim_seconds,29.605044182235176,600,0.8539959016393442,0.8539959016393442,PAMAP2_subject
logistic,iid,128,47,mean_length,sim_seconds,29.605044182235176,600,0.8550204918032787,0.8550204918032787,PAMAP2_subject
logistic,iid,128,47,naive,sim_seconds,29.605044182235176,600,0.8247950819672131,0.8247950819672131,PAMAP2_subject
logistic,iid,128,59,client_ema,sim_seconds,29.605044182235176,600,0.8565573770491803,0.8565573770491803,PAMAP2_subject
logistic,iid,128,59,conditional,sim_seconds,29.605044182235176,600,0.8565573770491803,0.8565573770491803,PAMAP2_subject
logistic,iid,128,59,estimated_conditional,sim_seconds,29.605044182235176,550,0.8529713114754098,0.8529713114754098,PAMAP2_subject
logistic,iid,128,59,fixed_k,sim_seconds,29.605044182235176,600,0.8570696721311475,0.8570696721311475,PAMAP2_subject
logistic,iid,128,59,mean_length,sim_seconds,29.605044182235176,600,0.8560450819672131,0.8560450819672131,PAMAP2_subject
logistic,iid,128,59,naive,sim_seconds,29.605044182235176,600,0.8417008196721312,0.8417008196721312,PAMAP2_subject
logistic,iid,128,67,client_ema,sim_seconds,29.605044182235176,600,0.836577868852459,0.836577868852459,PAMAP2_subject
logistic,iid,128,67,conditional,sim_seconds,29.605044182235176,600,0.8381147540983607,0.8381147540983607,PAMAP2_subject
logistic,iid,128,67,estimated_conditional,sim_seconds,29.605044182235176,550,0.8355532786885246,0.8355532786885246,PAMAP2_subject
logistic,iid,128,67,fixed_k,sim_seconds,29.605044182235176,600,0.8381147540983607,0.8381147540983607,PAMAP2_subject
logistic,iid,128,67,mean_length,sim_seconds,29.605044182235176,600,0.8381147540983607,0.8381147540983607,PAMAP2_subject
logistic,iid,128,67,naive,sim_seconds,29.605044182235176,600,0.8099385245901639,0.8099385245901639,PAMAP2_subject
logistic,iid,128,83,client_ema,sim_seconds,29.605044182235176,600,0.8524590163934426,0.8524590163934426,PAMAP2_subject
logistic,iid,128,83,conditional,sim_seconds,29.605044182235176,600,0.8514344262295082,0.8514344262295082,PAMAP2_subject
logistic,iid,128,83,estimated_conditional,sim_seconds,29.605044182235176,550,0.850922131147541,0.850922131147541,PAMAP2_subject
logistic,iid,128,83,fixed_k,sim_seconds,29.605044182235176,600,0.8504098360655737,0.8504098360655737,PAMAP2_subject
logistic,iid,128,83,mean_length,sim_seconds,29.605044182235176,600,0.8539959016393442,0.8539959016393442,PAMAP2_subject
logistic,iid,128,83,naive,sim_seconds,29.605044182235176,600,0.8324795081967213,0.8324795081967213,PAMAP2_subject
logistic,iid,128,97,client_ema,sim_seconds,29.605044182235176,600,0.8488729508196722,0.8488729508196722,PAMAP2_subject
logistic,iid,128,97,conditional,sim_seconds,29.605044182235176,600,0.8463114754098361,0.8463114754098361,PAMAP2_subject
logistic,iid,128,97,estimated_conditional,sim_seconds,29.605044182235176,550,0.8360655737704918,0.8360655737704918,PAMAP2_subject
logistic,iid,128,97,fixed_k,sim_seconds,29.605044182235176,600,0.8447745901639344,0.8447745901639344,PAMAP2_subject
logistic,iid,128,97,mean_length,sim_seconds,29.605044182235176,600,0.84375,0.84375,PAMAP2_subject
logistic,iid,128,97,naive,sim_seconds,29.605044182235176,600,0.8212090163934426,0.8212090163934426,PAMAP2_subject
logistic,iid,128,101,client_ema,sim_seconds,29.605044182235176,600,0.8360655737704918,0.8360655737704918,PAMAP2_subject
logistic,iid,128,101,conditional,sim_seconds,29.605044182235176,600,0.8345286885245902,0.8345286885245902,PAMAP2_subject
logistic,iid,128,101,estimated_conditional,sim_seconds,29.605044182235176,550,0.8391393442622951,0.8391393442622951,PAMAP2_subject
logistic,iid,128,101,fixed_k,sim_seconds,29.605044182235176,600,0.8355532786885246,0.8355532786885246,PAMAP2_subject
logistic,iid,128,101,mean_length,sim_seconds,29.605044182235176,600,0.8355532786885246,0.8355532786885246,PAMAP2_subject
logistic,iid,128,101,naive,sim_seconds,29.605044182235176,600,0.8084016393442623,0.8084016393442623,PAMAP2_subject
logistic,iid,128,113,client_ema,sim_seconds,29.605044182235176,600,0.8283811475409836,0.8283811475409836,PAMAP2_subject
logistic,iid,128,113,conditional,sim_seconds,29.605044182235176,600,0.8314549180327869,0.8314549180327869,PAMAP2_subject
logistic,iid,128,113,estimated_conditional,sim_seconds,29.605044182235176,550,0.8340163934426229,0.8340163934426229,PAMAP2_subject
logistic,iid,128,113,fixed_k,sim_seconds,29.605044182235176,600,0.8442622950819673,0.8442622950819673,PAMAP2_subject
logistic,iid,128,113,mean_length,sim_seconds,29.605044182235176,600,0.8309426229508197,0.8309426229508197,PAMAP2_subject
logistic,iid,128,113,naive,sim_seconds,29.605044182235176,600,0.8017418032786885,0.8017418032786885,PAMAP2_subject
logistic,iid,128,127,client_ema,sim_seconds,29.605044182235176,600,0.850922131147541,0.850922131147541,PAMAP2_subject
logistic,iid,128,127,conditional,sim_seconds,29.605044182235176,600,0.8519467213114754,0.8519467213114754,PAMAP2_subject
logistic,iid,128,127,estimated_conditional,sim_seconds,29.605044182235176,550,0.850922131147541,0.850922131147541,PAMAP2_subject
logistic,iid,128,127,fixed_k,sim_seconds,29.605044182235176,600,0.8514344262295082,0.8514344262295082,PAMAP2_subject
logistic,iid,128,127,mean_length,sim_seconds,29.605044182235176,600,0.8519467213114754,0.8519467213114754,PAMAP2_subject
logistic,iid,128,127,naive,sim_seconds,29.605044182235176,600,0.8360655737704918,0.8360655737704918,PAMAP2_subject
logistic,iid,128,137,client_ema,sim_seconds,29.605044182235176,600,0.8452868852459017,0.8452868852459017,PAMAP2_subject
logistic,iid,128,137,conditional,sim_seconds,29.605044182235176,600,0.84375,0.84375,PAMAP2_subject
logistic,iid,128,137,estimated_conditional,sim_seconds,29.605044182235176,550,0.836577868852459,0.836577868852459,PAMAP2_subject
logistic,iid,128,137,fixed_k,sim_seconds,29.605044182235176,600,0.8493852459016393,0.8493852459016393,PAMAP2_subject
logistic,iid,128,137,mean_length,sim_seconds,29.605044182235176,600,0.8432377049180327,0.8432377049180327,PAMAP2_subject
logistic,iid,128,137,naive,sim_seconds,29.605044182235176,600,0.8181352459016393,0.8181352459016393,PAMAP2_subject
logistic,iid,128,149,client_ema,sim_seconds,29.605044182235176,600,0.8335040983606558,0.8335040983606558,PAMAP2_subject
logistic,iid,128,149,conditional,sim_seconds,29.605044182235176,600,0.8319672131147541,0.8319672131147541,PAMAP2_subject
logistic,iid,128,149,estimated_conditional,sim_seconds,29.605044182235176,550,0.8206967213114754,0.8206967213114754,PAMAP2_subject
logistic,iid,128,149,fixed_k,sim_seconds,29.605044182235176,600,0.8314549180327869,0.8314549180327869,PAMAP2_subject
logistic,iid,128,149,mean_length,sim_seconds,29.605044182235176,600,0.8324795081967213,0.8324795081967213,PAMAP2_subject
logistic,iid,128,149,naive,sim_seconds,29.605044182235176,600,0.7925204918032787,0.7925204918032787,PAMAP2_subject
logistic,iid,512,11,client_ema,sim_seconds,101.85278052900054,600,0.8596311475409836,0.8596311475409836,PAMAP2_subject
logistic,iid,512,11,conditional,sim_seconds,101.85278052900054,600,0.8601434426229508,0.8601434426229508,PAMAP2_subject
logistic,iid,512,11,estimated_conditional,sim_seconds,101.85278052900054,550,0.8596311475409836,0.8596311475409836,PAMAP2_subject
logistic,iid,512,11,fixed_k,sim_seconds,101.85278052900054,600,0.8596311475409836,0.8596311475409836,PAMAP2_subject
logistic,iid,512,11,mean_length,sim_seconds,101.85278052900054,600,0.860655737704918,0.860655737704918,PAMAP2_subject
logistic,iid,512,11,naive,sim_seconds,101.85278052900054,600,0.8483606557377049,0.8483606557377049,PAMAP2_subject
logistic,iid,512,23,client_ema,sim_seconds,101.85278052900054,600,0.8396516393442623,0.8396516393442623,PAMAP2_subject
logistic,iid,512,23,conditional,sim_seconds,101.85278052900054,600,0.8401639344262295,0.8401639344262295,PAMAP2_subject
logistic,iid,512,23,estimated_conditional,sim_seconds,101.85278052900054,550,0.8386270491803278,0.8386270491803278,PAMAP2_subject
logistic,iid,512,23,fixed_k,sim_seconds,101.85278052900054,600,0.8432377049180327,0.8432377049180327,PAMAP2_subject
logistic,iid,512,23,mean_length,sim_seconds,101.85278052900054,600,0.8401639344262295,0.8401639344262295,PAMAP2_subject
logistic,iid,512,23,naive,sim_seconds,101.85278052900054,600,0.8278688524590164,0.8278688524590164,PAMAP2_subject
logistic,iid,512,47,client_ema,sim_seconds,101.85278052900054,600,0.8611680327868853,0.8611680327868853,PAMAP2_subject
logistic,iid,512,47,conditional,sim_seconds,101.85278052900054,600,0.8616803278688525,0.8616803278688525,PAMAP2_subject
logistic,iid,512,47,estimated_conditional,sim_seconds,101.85278052900054,550,0.8627049180327869,0.8627049180327869,PAMAP2_subject
logistic,iid,512,47,fixed_k,sim_seconds,101.85278052900054,600,0.860655737704918,0.860655737704918,PAMAP2_subject
logistic,iid,512,47,mean_length,sim_seconds,101.85278052900054,600,0.8616803278688525,0.8616803278688525,PAMAP2_subject
logistic,iid,512,47,naive,sim_seconds,101.85278052900054,600,0.8550204918032787,0.8550204918032787,PAMAP2_subject
logistic,iid,512,59,client_ema,sim_seconds,101.85278052900054,600,0.8703893442622951,0.8703893442622951,PAMAP2_subject
logistic,iid,512,59,conditional,sim_seconds,101.85278052900054,600,0.8709016393442623,0.8709016393442623,PAMAP2_subject
logistic,iid,512,59,estimated_conditional,sim_seconds,101.85278052900054,550,0.8688524590163934,0.8688524590163934,PAMAP2_subject
logistic,iid,512,59,fixed_k,sim_seconds,101.85278052900054,600,0.8703893442622951,0.8703893442622951,PAMAP2_subject
logistic,iid,512,59,mean_length,sim_seconds,101.85278052900054,600,0.8724385245901639,0.8724385245901639,PAMAP2_subject
logistic,iid,512,59,naive,sim_seconds,101.85278052900054,600,0.8596311475409836,0.8596311475409836,PAMAP2_subject
logistic,iid,512,67,client_ema,sim_seconds,101.85278052900054,600,0.8611680327868853,0.8611680327868853,PAMAP2_subject
logistic,iid,512,67,conditional,sim_seconds,101.85278052900054,600,0.8601434426229508,0.8601434426229508,PAMAP2_subject
logistic,iid,512,67,estimated_conditional,sim_seconds,101.85278052900054,550,0.8534836065573771,0.8534836065573771,PAMAP2_subject
logistic,iid,512,67,fixed_k,sim_seconds,101.85278052900054,600,0.8611680327868853,0.8611680327868853,PAMAP2_subject
logistic,iid,512,67,mean_length,sim_seconds,101.85278052900054,600,0.8601434426229508,0.8601434426229508,PAMAP2_subject
logistic,iid,512,67,naive,sim_seconds,101.85278052900054,600,0.8447745901639344,0.8447745901639344,PAMAP2_subject
logistic,iid,512,83,client_ema,sim_seconds,101.85278052900054,600,0.8688524590163934,0.8688524590163934,PAMAP2_subject
logistic,iid,512,83,conditional,sim_seconds,101.85278052900054,600,0.8688524590163934,0.8688524590163934,PAMAP2_subject
logistic,iid,512,83,estimated_conditional,sim_seconds,101.85278052900054,550,0.867827868852459,0.867827868852459,PAMAP2_subject
logistic,iid,512,83,fixed_k,sim_seconds,101.85278052900054,600,0.8703893442622951,0.8703893442622951,PAMAP2_subject
logistic,iid,512,83,mean_length,sim_seconds,101.85278052900054,600,0.8698770491803278,0.8698770491803278,PAMAP2_subject
logistic,iid,512,83,naive,sim_seconds,101.85278052900054,600,0.8575819672131147,0.8575819672131147,PAMAP2_subject
logistic,iid,512,97,client_ema,sim_seconds,101.85278052900054,600,0.8596311475409836,0.8596311475409836,PAMAP2_subject
logistic,iid,512,97,conditional,sim_seconds,101.85278052900054,600,0.8565573770491803,0.8565573770491803,PAMAP2_subject
logistic,iid,512,97,estimated_conditional,sim_seconds,101.85278052900054,550,0.8514344262295082,0.8514344262295082,PAMAP2_subject
logistic,iid,512,97,fixed_k,sim_seconds,101.85278052900054,600,0.8586065573770492,0.8586065573770492,PAMAP2_subject
logistic,iid,512,97,mean_length,sim_seconds,101.85278052900054,600,0.8560450819672131,0.8560450819672131,PAMAP2_subject
logistic,iid,512,97,naive,sim_seconds,101.85278052900054,600,0.8473360655737705,0.8473360655737705,PAMAP2_subject
logistic,iid,512,101,client_ema,sim_seconds,101.85278052900054,600,0.8570696721311475,0.8570696721311475,PAMAP2_subject
logistic,iid,512,101,conditional,sim_seconds,101.85278052900054,600,0.8570696721311475,0.8570696721311475,PAMAP2_subject
logistic,iid,512,101,estimated_conditional,sim_seconds,101.85278052900054,550,0.8591188524590164,0.8591188524590164,PAMAP2_subject
logistic,iid,512,101,fixed_k,sim_seconds,101.85278052900054,600,0.8565573770491803,0.8565573770491803,PAMAP2_subject
logistic,iid,512,101,mean_length,sim_seconds,101.85278052900054,600,0.8565573770491803,0.8565573770491803,PAMAP2_subject
logistic,iid,512,101,naive,sim_seconds,101.85278052900054,600,0.8370901639344263,0.8370901639344263,PAMAP2_subject
logistic,iid,512,113,client_ema,sim_seconds,101.85278052900054,600,0.8586065573770492,0.8586065573770492,PAMAP2_subject
logistic,iid,512,113,conditional,sim_seconds,101.85278052900054,600,0.8621926229508197,0.8621926229508197,PAMAP2_subject
logistic,iid,512,113,estimated_conditional,sim_seconds,101.85278052900054,550,0.8627049180327869,0.8627049180327869,PAMAP2_subject
logistic,iid,512,113,fixed_k,sim_seconds,101.85278052900054,600,0.8621926229508197,0.8621926229508197,PAMAP2_subject
logistic,iid,512,113,mean_length,sim_seconds,101.85278052900054,600,0.8621926229508197,0.8621926229508197,PAMAP2_subject
logistic,iid,512,113,naive,sim_seconds,101.85278052900054,600,0.8304303278688525,0.8304303278688525,PAMAP2_subject
logistic,iid,512,127,client_ema,sim_seconds,101.85278052900054,600,0.8570696721311475,0.8570696721311475,PAMAP2_subject
logistic,iid,512,127,conditional,sim_seconds,101.85278052900054,600,0.8586065573770492,0.8586065573770492,PAMAP2_subject
logistic,iid,512,127,estimated_conditional,sim_seconds,101.85278052900054,550,0.8560450819672131,0.8560450819672131,PAMAP2_subject
logistic,iid,512,127,fixed_k,sim_seconds,101.85278052900054,600,0.858094262295082,0.858094262295082,PAMAP2_subject
logistic,iid,512,127,mean_length,sim_seconds,101.85278052900054,600,0.8586065573770492,0.8586065573770492,PAMAP2_subject
logistic,iid,512,127,naive,sim_seconds,101.85278052900054,600,0.8545081967213115,0.8545081967213115,PAMAP2_subject
logistic,iid,512,137,client_ema,sim_seconds,101.85278052900054,600,0.8616803278688525,0.8616803278688525,PAMAP2_subject
logistic,iid,512,137,conditional,sim_seconds,101.85278052900054,600,0.8637295081967213,0.8637295081967213,PAMAP2_subject
logistic,iid,512,137,estimated_conditional,sim_seconds,101.85278052900054,550,0.8586065573770492,0.8586065573770492,PAMAP2_subject
logistic,iid,512,137,fixed_k,sim_seconds,101.85278052900054,600,0.8642418032786885,0.8642418032786885,PAMAP2_subject
logistic,iid,512,137,mean_length,sim_seconds,101.85278052900054,600,0.8637295081967213,0.8637295081967213,PAMAP2_subject
logistic,iid,512,137,naive,sim_seconds,101.85278052900054,600,0.8463114754098361,0.8463114754098361,PAMAP2_subject
logistic,iid,512,149,client_ema,sim_seconds,101.85278052900054,600,0.8642418032786885,0.8642418032786885,PAMAP2_subject
logistic,iid,512,149,conditional,sim_seconds,101.85278052900054,600,0.8627049180327869,0.8627049180327869,PAMAP2_subject
logistic,iid,512,149,estimated_conditional,sim_seconds,101.85278052900054,550,0.8560450819672131,0.8560450819672131,PAMAP2_subject
logistic,iid,512,149,fixed_k,sim_seconds,101.85278052900054,600,0.8601434426229508,0.8601434426229508,PAMAP2_subject
logistic,iid,512,149,mean_length,sim_seconds,101.85278052900054,600,0.8616803278688525,0.8616803278688525,PAMAP2_subject
logistic,iid,512,149,naive,sim_seconds,101.85278052900054,600,0.8427254098360656,0.8427254098360656,PAMAP2_subject
